#-----------------------------------------------------------
# Vivado v2024.2 (64-bit)
# SW Build 5239630 on Fri Nov 08 22:35:27 MST 2024
# IP Build 5239520 on Sun Nov 10 16:12:51 MST 2024
# SharedData Build 5239561 on Fri Nov 08 14:39:27 MST 2024
# Start of session at: Tue Aug 26 15:35:13 2025
# Process ID         : 10524
# Current directory  : C:/Users/utente/Desktop/Progetto_Vivado/RL_ExponentialFilter/ExponentialFilter
# Command line       : vivado.exe -gui_launcher_event rodinguilauncherevent14112 C:\Users\utente\Desktop\Progetto_Vivado\RL_ExponentialFilter\ExponentialFilter\ProgettoRetiLogiche.xpr
# Log file           : C:/Users/utente/Desktop/Progetto_Vivado/RL_ExponentialFilter/ExponentialFilter/vivado.log
# Journal file       : C:/Users/utente/Desktop/Progetto_Vivado/RL_ExponentialFilter/ExponentialFilter\vivado.jou
# Running On         : LAPTOP-S8I20B5B
# Platform           : Windows Server 2016 or Windows 10
# Operating System   : 26100
# Processor Detail   : 11th Gen Intel(R) Core(TM) i5-1135G7 @ 2.40GHz
# CPU Frequency      : 2419 MHz
# CPU Physical cores : 4
# CPU Logical cores  : 8
# Host memory        : 16805 MB
# Swap memory        : 1073 MB
# Total Virtual      : 17878 MB
# Available Virtual  : 7263 MB
#-----------------------------------------------------------
start_gui
open_project C:/Users/utente/Desktop/Progetto_Vivado/RL_ExponentialFilter/ExponentialFilter/ProgettoRetiLogiche.xpr
INFO: [filemgmt 56-3] Default IP Output Path : Could not find the directory 'C:/Users/utente/Desktop/Progetto_Vivado/RL_ExponentialFilter/ExponentialFilter/ProgettoRetiLogiche.gen/sources_1'.
Scanning sources...
Finished scanning sources
INFO: [IP_Flow 19-234] Refreshing IP repositories
INFO: [IP_Flow 19-1704] No user IP repositories specified
INFO: [IP_Flow 19-2313] Loaded Vivado IP repository 'C:/Users/utente/Vivado/2024.2/data/ip'.
open_project: Time (s): cpu = 00:00:12 ; elapsed = 00:00:06 . Memory (MB): peak = 1252.219 ; gain = 153.992
update_compile_order -fileset sources_1
set_property top TB_FILTRO_ESPONENZIALE [get_filesets sim_1]
set_property top_lib xil_defaultlib [get_filesets sim_1]
update_compile_order -fileset sim_1
launch_simulation
Command: launch_simulation 
INFO: [Vivado 12-12493] Simulation top is 'TB_FILTRO_ESPONENZIALE'
WARNING: [Vivado 12-13340] Unable to auto find GCC executables from simulator install path! (path not set)
INFO: [Vivado 12-5682] Launching behavioral simulation in 'C:/Users/utente/Desktop/Progetto_Vivado/RL_ExponentialFilter/ExponentialFilter/ProgettoRetiLogiche.sim/sim_1/behav/xsim'
INFO: [SIM-utils-51] Simulation object is 'sim_1'
INFO: [SIM-utils-72] Using boost library from 'C:/Users/utente/Vivado/2024.2/tps/boost_1_72_0'
INFO: [SIM-utils-54] Inspecting design source files for 'TB_FILTRO_ESPONENZIALE' in fileset 'sim_1'...
INFO: [USF-XSim-97] Finding global include files...
INFO: [USF-XSim-98] Fetching design files from 'sim_1'...
INFO: [USF-XSim-2] XSim::Compile design
INFO: [USF-XSim-61] Executing 'COMPILE and ANALYZE' step in 'C:/Users/utente/Desktop/Progetto_Vivado/RL_ExponentialFilter/ExponentialFilter/ProgettoRetiLogiche.sim/sim_1/behav/xsim'
"xvhdl --incr --relax -prj TB_FILTRO_ESPONENZIALE_vhdl.prj"
INFO: [VRFC 10-163] Analyzing VHDL file "C:/Users/utente/Desktop/Progetto_Vivado/RL_ExponentialFilter/ExponentialFilter/ProgettoRetiLogiche.srcs/sources_1/new/BARREL_SHIFTER_32_4.vhd" into library xil_defaultlib
INFO: [VRFC 10-3107] analyzing entity 'BARREL_SHIFTER_32_4'
INFO: [VRFC 10-163] Analyzing VHDL file "C:/Users/utente/Desktop/Progetto_Vivado/RL_ExponentialFilter/ExponentialFilter/ProgettoRetiLogiche.srcs/sources_1/new/CSA_32.vhd" into library xil_defaultlib
INFO: [VRFC 10-3107] analyzing entity 'CSA_32'
INFO: [VRFC 10-163] Analyzing VHDL file "C:/Users/utente/Desktop/Progetto_Vivado/RL_ExponentialFilter/ExponentialFilter/ProgettoRetiLogiche.srcs/sources_1/new/FA.vhd" into library xil_defaultlib
INFO: [VRFC 10-3107] analyzing entity 'FA'
INFO: [VRFC 10-163] Analyzing VHDL file "C:/Users/utente/Desktop/Progetto_Vivado/RL_ExponentialFilter/ExponentialFilter/ProgettoRetiLogiche.srcs/sources_1/new/FF_D.vhd" into library xil_defaultlib
INFO: [VRFC 10-3107] analyzing entity 'FF_D'
INFO: [VRFC 10-163] Analyzing VHDL file "C:/Users/utente/Desktop/Progetto_Vivado/RL_ExponentialFilter/ExponentialFilter/ProgettoRetiLogiche.srcs/sources_1/new/FF_D_N.vhd" into library xil_defaultlib
INFO: [VRFC 10-3107] analyzing entity 'FF_D_N'
INFO: [VRFC 10-163] Analyzing VHDL file "C:/Users/utente/Desktop/Progetto_Vivado/RL_ExponentialFilter/ExponentialFilter/ProgettoRetiLogiche.srcs/sources_1/new/FILTRO_ESPONENZIALE.vhd" into library xil_defaultlib
INFO: [VRFC 10-3107] analyzing entity 'FILTRO_ESPONENZIALE'
INFO: [VRFC 10-163] Analyzing VHDL file "C:/Users/utente/Desktop/Progetto_Vivado/RL_ExponentialFilter/ExponentialFilter/ProgettoRetiLogiche.srcs/sources_1/new/MUX_2_1.vhd" into library xil_defaultlib
INFO: [VRFC 10-3107] analyzing entity 'MUX_2_1'
INFO: [VRFC 10-163] Analyzing VHDL file "C:/Users/utente/Desktop/Progetto_Vivado/RL_ExponentialFilter/ExponentialFilter/ProgettoRetiLogiche.srcs/sources_1/new/SIMPLE_SUM.vhd" into library xil_defaultlib
INFO: [VRFC 10-3107] analyzing entity 'SIMPLE_SUM'
INFO: [VRFC 10-163] Analyzing VHDL file "C:/Users/utente/Desktop/Progetto_Vivado/RL_ExponentialFilter/ExponentialFilter/ProgettoRetiLogiche.srcs/sources_1/new/SRL1_32.vhd" into library xil_defaultlib
INFO: [VRFC 10-3107] analyzing entity 'SRL1_32'
INFO: [VRFC 10-163] Analyzing VHDL file "C:/Users/utente/Desktop/Progetto_Vivado/RL_ExponentialFilter/ExponentialFilter/ProgettoRetiLogiche.srcs/sources_1/new/SRL2_32.vhd" into library xil_defaultlib
INFO: [VRFC 10-3107] analyzing entity 'SRL2_32'
INFO: [VRFC 10-163] Analyzing VHDL file "C:/Users/utente/Desktop/Progetto_Vivado/RL_ExponentialFilter/ExponentialFilter/ProgettoRetiLogiche.srcs/sources_1/new/SRL4_32.vhd" into library xil_defaultlib
INFO: [VRFC 10-3107] analyzing entity 'SRL4_32'
INFO: [VRFC 10-163] Analyzing VHDL file "C:/Users/utente/Desktop/Progetto_Vivado/RL_ExponentialFilter/ExponentialFilter/ProgettoRetiLogiche.srcs/sim_1/new/TB_FILTRO_ESPONENZIALE.vhd" into library xil_defaultlib
INFO: [VRFC 10-3107] analyzing entity 'TB_FILTRO_ESPONENZIALE'
INFO: [USF-XSim-69] 'compile' step finished in '2' seconds
INFO: [USF-XSim-3] XSim::Elaborate design
INFO: [USF-XSim-61] Executing 'ELABORATE' step in 'C:/Users/utente/Desktop/Progetto_Vivado/RL_ExponentialFilter/ExponentialFilter/ProgettoRetiLogiche.sim/sim_1/behav/xsim'
"xelab --incr --debug typical --relax --mt 2 -L xil_defaultlib -L secureip --snapshot TB_FILTRO_ESPONENZIALE_behav xil_defaultlib.TB_FILTRO_ESPONENZIALE -log elaborate.log"
Vivado Simulator v2024.2.0
Copyright 1986-2022 Xilinx, Inc. All Rights Reserved.
Copyright 2022-2024 Advanced Micro Devices, Inc. All Rights Reserved.
Running: C:/Users/utente/Vivado/2024.2/bin/unwrapped/win64.o/xelab.exe --incr --debug typical --relax --mt 2 -L xil_defaultlib -L secureip --snapshot TB_FILTRO_ESPONENZIALE_behav xil_defaultlib.TB_FILTRO_ESPONENZIALE -log elaborate.log 
Using 2 slave threads.
Starting static elaboration
Completed static elaboration
Starting simulation data flow analysis
Completed simulation data flow analysis
Time Resolution for simulation is 1ps
Compiling package std.standard
Compiling package std.textio
Compiling package ieee.std_logic_1164
Compiling package ieee.std_logic_textio
Compiling architecture rtl of entity xil_defaultlib.FF_D [ff_d_default]
Compiling architecture struct of entity xil_defaultlib.FF_D_N [ff_d_n_default]
Compiling architecture struct of entity xil_defaultlib.FF_D_N [\FF_D_N(n=3)\]
Compiling architecture rtl of entity xil_defaultlib.MUX_2_1 [mux_2_1_default]
Compiling architecture struct of entity xil_defaultlib.SRL1_32 [srl1_32_default]
Compiling architecture struct of entity xil_defaultlib.SRL2_32 [srl2_32_default]
Compiling architecture struct of entity xil_defaultlib.SRL4_32 [srl4_32_default]
Compiling architecture rtl of entity xil_defaultlib.BARREL_SHIFTER_32_4 [barrel_shifter_32_4_default]
Compiling architecture rtl of entity xil_defaultlib.FA [fa_default]
Compiling architecture rtl of entity xil_defaultlib.SIMPLE_SUM [simple_sum_default]
Compiling architecture struct of entity xil_defaultlib.CSA_32 [csa_32_default]
Compiling architecture struct of entity xil_defaultlib.FILTRO_ESPONENZIALE [filtro_esponenziale_default]
Compiling architecture beh of entity xil_defaultlib.tb_filtro_esponenziale
Built simulation snapshot TB_FILTRO_ESPONENZIALE_behav
INFO: [USF-XSim-69] 'elaborate' step finished in '3' seconds
INFO: [USF-XSim-4] XSim::Simulate design
INFO: [USF-XSim-61] Executing 'SIMULATE' step in 'C:/Users/utente/Desktop/Progetto_Vivado/RL_ExponentialFilter/ExponentialFilter/ProgettoRetiLogiche.sim/sim_1/behav/xsim'
INFO: [USF-XSim-98] *** Running xsim
   with args "TB_FILTRO_ESPONENZIALE_behav -key {Behavioral:sim_1:Functional:TB_FILTRO_ESPONENZIALE} -tclbatch {TB_FILTRO_ESPONENZIALE.tcl} -log {simulate.log}"
INFO: [USF-XSim-8] Loading simulator feature
Time resolution is 1 ps
source TB_FILTRO_ESPONENZIALE.tcl
# set curr_wave [current_wave_config]
# if { [string length $curr_wave] == 0 } {
#   if { [llength [get_objects]] > 0} {
#     add_wave /
#     set_property needs_save false [current_wave_config]
#   } else {
#      send_msg_id Add_Wave-1 WARNING "No top level signals found. Simulator will start without a wave window. If you want to open a wave window go to 'File->New Waveform Configuration' or type 'create_wave_config' in the TCL console."
#   }
# }
# run 80000ns
Error: STD_LOGIC_1164.READ(STD_ULOGIC_VECTOR) Error: Character '5' read, expected STD_ULOGIC literal.
Time: 8 ns  Iteration: 1  Process: /TB_FILTRO_ESPONENZIALE/LEGGI_E_VERIFICA_Y  File: C:/Users/utente/Desktop/Progetto_Vivado/RL_ExponentialFilter/ExponentialFilter/ProgettoRetiLogiche.srcs/sim_1/new/TB_FILTRO_ESPONENZIALE.vhd
Error: STD_LOGIC_1164.READ(STD_ULOGIC_VECTOR) Error: Character '6' read, expected STD_ULOGIC literal.
Time: 12 ns  Iteration: 1  Process: /TB_FILTRO_ESPONENZIALE/LEGGI_E_VERIFICA_Y  File: C:/Users/utente/Desktop/Progetto_Vivado/RL_ExponentialFilter/ExponentialFilter/ProgettoRetiLogiche.srcs/sim_1/new/TB_FILTRO_ESPONENZIALE.vhd
Error: STD_LOGIC_1164.READ(STD_ULOGIC_VECTOR) Error: Character '7' read, expected STD_ULOGIC literal.
Time: 16 ns  Iteration: 1  Process: /TB_FILTRO_ESPONENZIALE/LEGGI_E_VERIFICA_Y  File: C:/Users/utente/Desktop/Progetto_Vivado/RL_ExponentialFilter/ExponentialFilter/ProgettoRetiLogiche.srcs/sim_1/new/TB_FILTRO_ESPONENZIALE.vhd
Error: STD_LOGIC_1164.READ(STD_ULOGIC_VECTOR) Error: Character '8' read, expected STD_ULOGIC literal.
Time: 20 ns  Iteration: 1  Process: /TB_FILTRO_ESPONENZIALE/LEGGI_E_VERIFICA_Y  File: C:/Users/utente/Desktop/Progetto_Vivado/RL_ExponentialFilter/ExponentialFilter/ProgettoRetiLogiche.srcs/sim_1/new/TB_FILTRO_ESPONENZIALE.vhd
Error: STD_LOGIC_1164.READ(STD_ULOGIC_VECTOR) Error: Character '9' read, expected STD_ULOGIC literal.
Time: 24 ns  Iteration: 1  Process: /TB_FILTRO_ESPONENZIALE/LEGGI_E_VERIFICA_Y  File: C:/Users/utente/Desktop/Progetto_Vivado/RL_ExponentialFilter/ExponentialFilter/ProgettoRetiLogiche.srcs/sim_1/new/TB_FILTRO_ESPONENZIALE.vhd
Error: STD_LOGIC_1164.READ(STD_ULOGIC_VECTOR) Error: Character '9' read, expected STD_ULOGIC literal.
Time: 28 ns  Iteration: 1  Process: /TB_FILTRO_ESPONENZIALE/LEGGI_E_VERIFICA_Y  File: C:/Users/utente/Desktop/Progetto_Vivado/RL_ExponentialFilter/ExponentialFilter/ProgettoRetiLogiche.srcs/sim_1/new/TB_FILTRO_ESPONENZIALE.vhd
Error: STD_LOGIC_1164.READ(STD_ULOGIC_VECTOR) Error: Character '9' read, expected STD_ULOGIC literal.
Time: 32 ns  Iteration: 1  Process: /TB_FILTRO_ESPONENZIALE/LEGGI_E_VERIFICA_Y  File: C:/Users/utente/Desktop/Progetto_Vivado/RL_ExponentialFilter/ExponentialFilter/ProgettoRetiLogiche.srcs/sim_1/new/TB_FILTRO_ESPONENZIALE.vhd
Error: STD_LOGIC_1164.READ(STD_ULOGIC_VECTOR) Error: Character '9' read, expected STD_ULOGIC literal.
Time: 36 ns  Iteration: 1  Process: /TB_FILTRO_ESPONENZIALE/LEGGI_E_VERIFICA_Y  File: C:/Users/utente/Desktop/Progetto_Vivado/RL_ExponentialFilter/ExponentialFilter/ProgettoRetiLogiche.srcs/sim_1/new/TB_FILTRO_ESPONENZIALE.vhd
Error: STD_LOGIC_1164.READ(STD_ULOGIC_VECTOR) Error: Character '9' read, expected STD_ULOGIC literal.
Time: 40 ns  Iteration: 1  Process: /TB_FILTRO_ESPONENZIALE/LEGGI_E_VERIFICA_Y  File: C:/Users/utente/Desktop/Progetto_Vivado/RL_ExponentialFilter/ExponentialFilter/ProgettoRetiLogiche.srcs/sim_1/new/TB_FILTRO_ESPONENZIALE.vhd
Error: STD_LOGIC_1164.READ(STD_ULOGIC_VECTOR) Error: Character '9' read, expected STD_ULOGIC literal.
Time: 44 ns  Iteration: 1  Process: /TB_FILTRO_ESPONENZIALE/LEGGI_E_VERIFICA_Y  File: C:/Users/utente/Desktop/Progetto_Vivado/RL_ExponentialFilter/ExponentialFilter/ProgettoRetiLogiche.srcs/sim_1/new/TB_FILTRO_ESPONENZIALE.vhd
Error: STD_LOGIC_1164.READ(STD_ULOGIC_VECTOR) Error: Character '9' read, expected STD_ULOGIC literal.
Time: 48 ns  Iteration: 1  Process: /TB_FILTRO_ESPONENZIALE/LEGGI_E_VERIFICA_Y  File: C:/Users/utente/Desktop/Progetto_Vivado/RL_ExponentialFilter/ExponentialFilter/ProgettoRetiLogiche.srcs/sim_1/new/TB_FILTRO_ESPONENZIALE.vhd
Error: STD_LOGIC_1164.READ(STD_ULOGIC_VECTOR) Error: Character '9' read, expected STD_ULOGIC literal.
Time: 52 ns  Iteration: 1  Process: /TB_FILTRO_ESPONENZIALE/LEGGI_E_VERIFICA_Y  File: C:/Users/utente/Desktop/Progetto_Vivado/RL_ExponentialFilter/ExponentialFilter/ProgettoRetiLogiche.srcs/sim_1/new/TB_FILTRO_ESPONENZIALE.vhd
Error: STD_LOGIC_1164.READ(STD_ULOGIC_VECTOR) Error: Character '9' read, expected STD_ULOGIC literal.
Time: 56 ns  Iteration: 1  Process: /TB_FILTRO_ESPONENZIALE/LEGGI_E_VERIFICA_Y  File: C:/Users/utente/Desktop/Progetto_Vivado/RL_ExponentialFilter/ExponentialFilter/ProgettoRetiLogiche.srcs/sim_1/new/TB_FILTRO_ESPONENZIALE.vhd
Error: STD_LOGIC_1164.READ(STD_ULOGIC_VECTOR) Error: Character '9' read, expected STD_ULOGIC literal.
Time: 60 ns  Iteration: 1  Process: /TB_FILTRO_ESPONENZIALE/LEGGI_E_VERIFICA_Y  File: C:/Users/utente/Desktop/Progetto_Vivado/RL_ExponentialFilter/ExponentialFilter/ProgettoRetiLogiche.srcs/sim_1/new/TB_FILTRO_ESPONENZIALE.vhd
Error: STD_LOGIC_1164.READ(STD_ULOGIC_VECTOR) Error: Character '9' read, expected STD_ULOGIC literal.
Time: 64 ns  Iteration: 1  Process: /TB_FILTRO_ESPONENZIALE/LEGGI_E_VERIFICA_Y  File: C:/Users/utente/Desktop/Progetto_Vivado/RL_ExponentialFilter/ExponentialFilter/ProgettoRetiLogiche.srcs/sim_1/new/TB_FILTRO_ESPONENZIALE.vhd
Error: STD_LOGIC_1164.READ(STD_ULOGIC_VECTOR) Error: Character '9' read, expected STD_ULOGIC literal.
Time: 68 ns  Iteration: 1  Process: /TB_FILTRO_ESPONENZIALE/LEGGI_E_VERIFICA_Y  File: C:/Users/utente/Desktop/Progetto_Vivado/RL_ExponentialFilter/ExponentialFilter/ProgettoRetiLogiche.srcs/sim_1/new/TB_FILTRO_ESPONENZIALE.vhd
Error: STD_LOGIC_1164.READ(STD_ULOGIC_VECTOR) Error: Character '9' read, expected STD_ULOGIC literal.
Time: 72 ns  Iteration: 1  Process: /TB_FILTRO_ESPONENZIALE/LEGGI_E_VERIFICA_Y  File: C:/Users/utente/Desktop/Progetto_Vivado/RL_ExponentialFilter/ExponentialFilter/ProgettoRetiLogiche.srcs/sim_1/new/TB_FILTRO_ESPONENZIALE.vhd
Error: STD_LOGIC_1164.READ(STD_ULOGIC_VECTOR) Error: Character '9' read, expected STD_ULOGIC literal.
Time: 76 ns  Iteration: 1  Process: /TB_FILTRO_ESPONENZIALE/LEGGI_E_VERIFICA_Y  File: C:/Users/utente/Desktop/Progetto_Vivado/RL_ExponentialFilter/ExponentialFilter/ProgettoRetiLogiche.srcs/sim_1/new/TB_FILTRO_ESPONENZIALE.vhd
Error: STD_LOGIC_1164.READ(STD_ULOGIC_VECTOR) Error: Character '9' read, expected STD_ULOGIC literal.
Time: 80 ns  Iteration: 1  Process: /TB_FILTRO_ESPONENZIALE/LEGGI_E_VERIFICA_Y  File: C:/Users/utente/Desktop/Progetto_Vivado/RL_ExponentialFilter/ExponentialFilter/ProgettoRetiLogiche.srcs/sim_1/new/TB_FILTRO_ESPONENZIALE.vhd
Error: STD_LOGIC_1164.READ(STD_ULOGIC_VECTOR) Error: Character '9' read, expected STD_ULOGIC literal.
Time: 84 ns  Iteration: 1  Process: /TB_FILTRO_ESPONENZIALE/LEGGI_E_VERIFICA_Y  File: C:/Users/utente/Desktop/Progetto_Vivado/RL_ExponentialFilter/ExponentialFilter/ProgettoRetiLogiche.srcs/sim_1/new/TB_FILTRO_ESPONENZIALE.vhd
Error: STD_LOGIC_1164.READ(STD_ULOGIC_VECTOR) Error: Character '9' read, expected STD_ULOGIC literal.
Time: 88 ns  Iteration: 1  Process: /TB_FILTRO_ESPONENZIALE/LEGGI_E_VERIFICA_Y  File: C:/Users/utente/Desktop/Progetto_Vivado/RL_ExponentialFilter/ExponentialFilter/ProgettoRetiLogiche.srcs/sim_1/new/TB_FILTRO_ESPONENZIALE.vhd
Error: STD_LOGIC_1164.READ(STD_ULOGIC_VECTOR) Error: Character '9' read, expected STD_ULOGIC literal.
Time: 92 ns  Iteration: 1  Process: /TB_FILTRO_ESPONENZIALE/LEGGI_E_VERIFICA_Y  File: C:/Users/utente/Desktop/Progetto_Vivado/RL_ExponentialFilter/ExponentialFilter/ProgettoRetiLogiche.srcs/sim_1/new/TB_FILTRO_ESPONENZIALE.vhd
Error: STD_LOGIC_1164.READ(STD_ULOGIC_VECTOR) Error: Character '9' read, expected STD_ULOGIC literal.
Time: 96 ns  Iteration: 1  Process: /TB_FILTRO_ESPONENZIALE/LEGGI_E_VERIFICA_Y  File: C:/Users/utente/Desktop/Progetto_Vivado/RL_ExponentialFilter/ExponentialFilter/ProgettoRetiLogiche.srcs/sim_1/new/TB_FILTRO_ESPONENZIALE.vhd
Error: STD_LOGIC_1164.READ(STD_ULOGIC_VECTOR) Error: Character '9' read, expected STD_ULOGIC literal.
Time: 100 ns  Iteration: 1  Process: /TB_FILTRO_ESPONENZIALE/LEGGI_E_VERIFICA_Y  File: C:/Users/utente/Desktop/Progetto_Vivado/RL_ExponentialFilter/ExponentialFilter/ProgettoRetiLogiche.srcs/sim_1/new/TB_FILTRO_ESPONENZIALE.vhd
Error: STD_LOGIC_1164.READ(STD_ULOGIC_VECTOR) Error: Character '9' read, expected STD_ULOGIC literal.
Time: 104 ns  Iteration: 1  Process: /TB_FILTRO_ESPONENZIALE/LEGGI_E_VERIFICA_Y  File: C:/Users/utente/Desktop/Progetto_Vivado/RL_ExponentialFilter/ExponentialFilter/ProgettoRetiLogiche.srcs/sim_1/new/TB_FILTRO_ESPONENZIALE.vhd
Error: STD_LOGIC_1164.READ(STD_ULOGIC_VECTOR) Error: Character '9' read, expected STD_ULOGIC literal.
Time: 108 ns  Iteration: 1  Process: /TB_FILTRO_ESPONENZIALE/LEGGI_E_VERIFICA_Y  File: C:/Users/utente/Desktop/Progetto_Vivado/RL_ExponentialFilter/ExponentialFilter/ProgettoRetiLogiche.srcs/sim_1/new/TB_FILTRO_ESPONENZIALE.vhd
Error: STD_LOGIC_1164.READ(STD_ULOGIC_VECTOR) Error: Character '9' read, expected STD_ULOGIC literal.
Time: 112 ns  Iteration: 1  Process: /TB_FILTRO_ESPONENZIALE/LEGGI_E_VERIFICA_Y  File: C:/Users/utente/Desktop/Progetto_Vivado/RL_ExponentialFilter/ExponentialFilter/ProgettoRetiLogiche.srcs/sim_1/new/TB_FILTRO_ESPONENZIALE.vhd
Error: STD_LOGIC_1164.READ(STD_ULOGIC_VECTOR) Error: Character '9' read, expected STD_ULOGIC literal.
Time: 116 ns  Iteration: 1  Process: /TB_FILTRO_ESPONENZIALE/LEGGI_E_VERIFICA_Y  File: C:/Users/utente/Desktop/Progetto_Vivado/RL_ExponentialFilter/ExponentialFilter/ProgettoRetiLogiche.srcs/sim_1/new/TB_FILTRO_ESPONENZIALE.vhd
Error: STD_LOGIC_1164.READ(STD_ULOGIC_VECTOR) Error: Character '9' read, expected STD_ULOGIC literal.
Time: 120 ns  Iteration: 1  Process: /TB_FILTRO_ESPONENZIALE/LEGGI_E_VERIFICA_Y  File: C:/Users/utente/Desktop/Progetto_Vivado/RL_ExponentialFilter/ExponentialFilter/ProgettoRetiLogiche.srcs/sim_1/new/TB_FILTRO_ESPONENZIALE.vhd
Error: STD_LOGIC_1164.READ(STD_ULOGIC_VECTOR) Error: Character '9' read, expected STD_ULOGIC literal.
Time: 124 ns  Iteration: 1  Process: /TB_FILTRO_ESPONENZIALE/LEGGI_E_VERIFICA_Y  File: C:/Users/utente/Desktop/Progetto_Vivado/RL_ExponentialFilter/ExponentialFilter/ProgettoRetiLogiche.srcs/sim_1/new/TB_FILTRO_ESPONENZIALE.vhd
Error: STD_LOGIC_1164.READ(STD_ULOGIC_VECTOR) Error: Character '9' read, expected STD_ULOGIC literal.
Time: 128 ns  Iteration: 1  Process: /TB_FILTRO_ESPONENZIALE/LEGGI_E_VERIFICA_Y  File: C:/Users/utente/Desktop/Progetto_Vivado/RL_ExponentialFilter/ExponentialFilter/ProgettoRetiLogiche.srcs/sim_1/new/TB_FILTRO_ESPONENZIALE.vhd
Error: STD_LOGIC_1164.READ(STD_ULOGIC_VECTOR) Error: Character '9' read, expected STD_ULOGIC literal.
Time: 132 ns  Iteration: 1  Process: /TB_FILTRO_ESPONENZIALE/LEGGI_E_VERIFICA_Y  File: C:/Users/utente/Desktop/Progetto_Vivado/RL_ExponentialFilter/ExponentialFilter/ProgettoRetiLogiche.srcs/sim_1/new/TB_FILTRO_ESPONENZIALE.vhd
Error: STD_LOGIC_1164.READ(STD_ULOGIC_VECTOR) Error: Character '9' read, expected STD_ULOGIC literal.
Time: 136 ns  Iteration: 1  Process: /TB_FILTRO_ESPONENZIALE/LEGGI_E_VERIFICA_Y  File: C:/Users/utente/Desktop/Progetto_Vivado/RL_ExponentialFilter/ExponentialFilter/ProgettoRetiLogiche.srcs/sim_1/new/TB_FILTRO_ESPONENZIALE.vhd
Error: STD_LOGIC_1164.READ(STD_ULOGIC_VECTOR) Error: Character '9' read, expected STD_ULOGIC literal.
Time: 140 ns  Iteration: 1  Process: /TB_FILTRO_ESPONENZIALE/LEGGI_E_VERIFICA_Y  File: C:/Users/utente/Desktop/Progetto_Vivado/RL_ExponentialFilter/ExponentialFilter/ProgettoRetiLogiche.srcs/sim_1/new/TB_FILTRO_ESPONENZIALE.vhd
Error: STD_LOGIC_1164.READ(STD_ULOGIC_VECTOR) Error: Character '9' read, expected STD_ULOGIC literal.
Time: 144 ns  Iteration: 1  Process: /TB_FILTRO_ESPONENZIALE/LEGGI_E_VERIFICA_Y  File: C:/Users/utente/Desktop/Progetto_Vivado/RL_ExponentialFilter/ExponentialFilter/ProgettoRetiLogiche.srcs/sim_1/new/TB_FILTRO_ESPONENZIALE.vhd
Error: STD_LOGIC_1164.READ(STD_ULOGIC_VECTOR) Error: Character '9' read, expected STD_ULOGIC literal.
Time: 148 ns  Iteration: 1  Process: /TB_FILTRO_ESPONENZIALE/LEGGI_E_VERIFICA_Y  File: C:/Users/utente/Desktop/Progetto_Vivado/RL_ExponentialFilter/ExponentialFilter/ProgettoRetiLogiche.srcs/sim_1/new/TB_FILTRO_ESPONENZIALE.vhd
Error: STD_LOGIC_1164.READ(STD_ULOGIC_VECTOR) Error: Character '9' read, expected STD_ULOGIC literal.
Time: 152 ns  Iteration: 1  Process: /TB_FILTRO_ESPONENZIALE/LEGGI_E_VERIFICA_Y  File: C:/Users/utente/Desktop/Progetto_Vivado/RL_ExponentialFilter/ExponentialFilter/ProgettoRetiLogiche.srcs/sim_1/new/TB_FILTRO_ESPONENZIALE.vhd
Error: STD_LOGIC_1164.READ(STD_ULOGIC_VECTOR) Error: Character '9' read, expected STD_ULOGIC literal.
Time: 156 ns  Iteration: 1  Process: /TB_FILTRO_ESPONENZIALE/LEGGI_E_VERIFICA_Y  File: C:/Users/utente/Desktop/Progetto_Vivado/RL_ExponentialFilter/ExponentialFilter/ProgettoRetiLogiche.srcs/sim_1/new/TB_FILTRO_ESPONENZIALE.vhd
Error: STD_LOGIC_1164.READ(STD_ULOGIC_VECTOR) Error: Character '9' read, expected STD_ULOGIC literal.
Time: 160 ns  Iteration: 1  Process: /TB_FILTRO_ESPONENZIALE/LEGGI_E_VERIFICA_Y  File: C:/Users/utente/Desktop/Progetto_Vivado/RL_ExponentialFilter/ExponentialFilter/ProgettoRetiLogiche.srcs/sim_1/new/TB_FILTRO_ESPONENZIALE.vhd
Error: STD_LOGIC_1164.READ(STD_ULOGIC_VECTOR) Error: Character '9' read, expected STD_ULOGIC literal.
Time: 164 ns  Iteration: 1  Process: /TB_FILTRO_ESPONENZIALE/LEGGI_E_VERIFICA_Y  File: C:/Users/utente/Desktop/Progetto_Vivado/RL_ExponentialFilter/ExponentialFilter/ProgettoRetiLogiche.srcs/sim_1/new/TB_FILTRO_ESPONENZIALE.vhd
Error: STD_LOGIC_1164.READ(STD_ULOGIC_VECTOR) Error: Character '9' read, expected STD_ULOGIC literal.
Time: 168 ns  Iteration: 1  Process: /TB_FILTRO_ESPONENZIALE/LEGGI_E_VERIFICA_Y  File: C:/Users/utente/Desktop/Progetto_Vivado/RL_ExponentialFilter/ExponentialFilter/ProgettoRetiLogiche.srcs/sim_1/new/TB_FILTRO_ESPONENZIALE.vhd
Error: STD_LOGIC_1164.READ(STD_ULOGIC_VECTOR) Error: Character '9' read, expected STD_ULOGIC literal.
Time: 172 ns  Iteration: 1  Process: /TB_FILTRO_ESPONENZIALE/LEGGI_E_VERIFICA_Y  File: C:/Users/utente/Desktop/Progetto_Vivado/RL_ExponentialFilter/ExponentialFilter/ProgettoRetiLogiche.srcs/sim_1/new/TB_FILTRO_ESPONENZIALE.vhd
Error: STD_LOGIC_1164.READ(STD_ULOGIC_VECTOR) Error: Character '.' read, expected STD_ULOGIC literal.
Time: 176 ns  Iteration: 1  Process: /TB_FILTRO_ESPONENZIALE/LEGGI_E_VERIFICA_Y  File: C:/Users/utente/Desktop/Progetto_Vivado/RL_ExponentialFilter/ExponentialFilter/ProgettoRetiLogiche.srcs/sim_1/new/TB_FILTRO_ESPONENZIALE.vhd
Error: STD_LOGIC_1164.READ(STD_ULOGIC_VECTOR) Error: Character '.' read, expected STD_ULOGIC literal.
Time: 180 ns  Iteration: 1  Process: /TB_FILTRO_ESPONENZIALE/LEGGI_E_VERIFICA_Y  File: C:/Users/utente/Desktop/Progetto_Vivado/RL_ExponentialFilter/ExponentialFilter/ProgettoRetiLogiche.srcs/sim_1/new/TB_FILTRO_ESPONENZIALE.vhd
Error: STD_LOGIC_1164.READ(STD_ULOGIC_VECTOR) Error: Character '.' read, expected STD_ULOGIC literal.
Time: 184 ns  Iteration: 1  Process: /TB_FILTRO_ESPONENZIALE/LEGGI_E_VERIFICA_Y  File: C:/Users/utente/Desktop/Progetto_Vivado/RL_ExponentialFilter/ExponentialFilter/ProgettoRetiLogiche.srcs/sim_1/new/TB_FILTRO_ESPONENZIALE.vhd
Error: STD_LOGIC_1164.READ(STD_ULOGIC_VECTOR) Error: Character '.' read, expected STD_ULOGIC literal.
Time: 188 ns  Iteration: 1  Process: /TB_FILTRO_ESPONENZIALE/LEGGI_E_VERIFICA_Y  File: C:/Users/utente/Desktop/Progetto_Vivado/RL_ExponentialFilter/ExponentialFilter/ProgettoRetiLogiche.srcs/sim_1/new/TB_FILTRO_ESPONENZIALE.vhd
Error: STD_LOGIC_1164.READ(STD_ULOGIC_VECTOR) Error: Character '.' read, expected STD_ULOGIC literal.
Time: 192 ns  Iteration: 1  Process: /TB_FILTRO_ESPONENZIALE/LEGGI_E_VERIFICA_Y  File: C:/Users/utente/Desktop/Progetto_Vivado/RL_ExponentialFilter/ExponentialFilter/ProgettoRetiLogiche.srcs/sim_1/new/TB_FILTRO_ESPONENZIALE.vhd
Error: STD_LOGIC_1164.READ(STD_ULOGIC_VECTOR) Error: Character '.' read, expected STD_ULOGIC literal.
Time: 196 ns  Iteration: 1  Process: /TB_FILTRO_ESPONENZIALE/LEGGI_E_VERIFICA_Y  File: C:/Users/utente/Desktop/Progetto_Vivado/RL_ExponentialFilter/ExponentialFilter/ProgettoRetiLogiche.srcs/sim_1/new/TB_FILTRO_ESPONENZIALE.vhd
Error: STD_LOGIC_1164.READ(STD_ULOGIC_VECTOR) Error: Character '.' read, expected STD_ULOGIC literal.
Time: 200 ns  Iteration: 1  Process: /TB_FILTRO_ESPONENZIALE/LEGGI_E_VERIFICA_Y  File: C:/Users/utente/Desktop/Progetto_Vivado/RL_ExponentialFilter/ExponentialFilter/ProgettoRetiLogiche.srcs/sim_1/new/TB_FILTRO_ESPONENZIALE.vhd
Error: STD_LOGIC_1164.READ(STD_ULOGIC_VECTOR) Error: Character '.' read, expected STD_ULOGIC literal.
Time: 204 ns  Iteration: 1  Process: /TB_FILTRO_ESPONENZIALE/LEGGI_E_VERIFICA_Y  File: C:/Users/utente/Desktop/Progetto_Vivado/RL_ExponentialFilter/ExponentialFilter/ProgettoRetiLogiche.srcs/sim_1/new/TB_FILTRO_ESPONENZIALE.vhd
Error: STD_LOGIC_1164.READ(STD_ULOGIC_VECTOR) Error: Character '.' read, expected STD_ULOGIC literal.
Time: 208 ns  Iteration: 1  Process: /TB_FILTRO_ESPONENZIALE/LEGGI_E_VERIFICA_Y  File: C:/Users/utente/Desktop/Progetto_Vivado/RL_ExponentialFilter/ExponentialFilter/ProgettoRetiLogiche.srcs/sim_1/new/TB_FILTRO_ESPONENZIALE.vhd
Error: STD_LOGIC_1164.READ(STD_ULOGIC_VECTOR) Error: Character '.' read, expected STD_ULOGIC literal.
Time: 212 ns  Iteration: 1  Process: /TB_FILTRO_ESPONENZIALE/LEGGI_E_VERIFICA_Y  File: C:/Users/utente/Desktop/Progetto_Vivado/RL_ExponentialFilter/ExponentialFilter/ProgettoRetiLogiche.srcs/sim_1/new/TB_FILTRO_ESPONENZIALE.vhd
Error: STD_LOGIC_1164.READ(STD_ULOGIC_VECTOR) Error: Character '.' read, expected STD_ULOGIC literal.
Time: 216 ns  Iteration: 1  Process: /TB_FILTRO_ESPONENZIALE/LEGGI_E_VERIFICA_Y  File: C:/Users/utente/Desktop/Progetto_Vivado/RL_ExponentialFilter/ExponentialFilter/ProgettoRetiLogiche.srcs/sim_1/new/TB_FILTRO_ESPONENZIALE.vhd
Error: STD_LOGIC_1164.READ(STD_ULOGIC_VECTOR) Error: Character '.' read, expected STD_ULOGIC literal.
Time: 220 ns  Iteration: 1  Process: /TB_FILTRO_ESPONENZIALE/LEGGI_E_VERIFICA_Y  File: C:/Users/utente/Desktop/Progetto_Vivado/RL_ExponentialFilter/ExponentialFilter/ProgettoRetiLogiche.srcs/sim_1/new/TB_FILTRO_ESPONENZIALE.vhd
Error: STD_LOGIC_1164.READ(STD_ULOGIC_VECTOR) Error: Character '.' read, expected STD_ULOGIC literal.
Time: 224 ns  Iteration: 1  Process: /TB_FILTRO_ESPONENZIALE/LEGGI_E_VERIFICA_Y  File: C:/Users/utente/Desktop/Progetto_Vivado/RL_ExponentialFilter/ExponentialFilter/ProgettoRetiLogiche.srcs/sim_1/new/TB_FILTRO_ESPONENZIALE.vhd
Error: STD_LOGIC_1164.READ(STD_ULOGIC_VECTOR) Error: Character '.' read, expected STD_ULOGIC literal.
Time: 228 ns  Iteration: 1  Process: /TB_FILTRO_ESPONENZIALE/LEGGI_E_VERIFICA_Y  File: C:/Users/utente/Desktop/Progetto_Vivado/RL_ExponentialFilter/ExponentialFilter/ProgettoRetiLogiche.srcs/sim_1/new/TB_FILTRO_ESPONENZIALE.vhd
Error: STD_LOGIC_1164.READ(STD_ULOGIC_VECTOR) Error: Character '.' read, expected STD_ULOGIC literal.
Time: 232 ns  Iteration: 1  Process: /TB_FILTRO_ESPONENZIALE/LEGGI_E_VERIFICA_Y  File: C:/Users/utente/Desktop/Progetto_Vivado/RL_ExponentialFilter/ExponentialFilter/ProgettoRetiLogiche.srcs/sim_1/new/TB_FILTRO_ESPONENZIALE.vhd
Error: STD_LOGIC_1164.READ(STD_ULOGIC_VECTOR) Error: Character '.' read, expected STD_ULOGIC literal.
Time: 236 ns  Iteration: 1  Process: /TB_FILTRO_ESPONENZIALE/LEGGI_E_VERIFICA_Y  File: C:/Users/utente/Desktop/Progetto_Vivado/RL_ExponentialFilter/ExponentialFilter/ProgettoRetiLogiche.srcs/sim_1/new/TB_FILTRO_ESPONENZIALE.vhd
Error: STD_LOGIC_1164.READ(STD_ULOGIC_VECTOR) Error: Character '.' read, expected STD_ULOGIC literal.
Time: 240 ns  Iteration: 1  Process: /TB_FILTRO_ESPONENZIALE/LEGGI_E_VERIFICA_Y  File: C:/Users/utente/Desktop/Progetto_Vivado/RL_ExponentialFilter/ExponentialFilter/ProgettoRetiLogiche.srcs/sim_1/new/TB_FILTRO_ESPONENZIALE.vhd
Error: STD_LOGIC_1164.READ(STD_ULOGIC_VECTOR) Error: Character '.' read, expected STD_ULOGIC literal.
Time: 244 ns  Iteration: 1  Process: /TB_FILTRO_ESPONENZIALE/LEGGI_E_VERIFICA_Y  File: C:/Users/utente/Desktop/Progetto_Vivado/RL_ExponentialFilter/ExponentialFilter/ProgettoRetiLogiche.srcs/sim_1/new/TB_FILTRO_ESPONENZIALE.vhd
Error: STD_LOGIC_1164.READ(STD_ULOGIC_VECTOR) Error: Character '.' read, expected STD_ULOGIC literal.
Time: 248 ns  Iteration: 1  Process: /TB_FILTRO_ESPONENZIALE/LEGGI_E_VERIFICA_Y  File: C:/Users/utente/Desktop/Progetto_Vivado/RL_ExponentialFilter/ExponentialFilter/ProgettoRetiLogiche.srcs/sim_1/new/TB_FILTRO_ESPONENZIALE.vhd
Error: STD_LOGIC_1164.READ(STD_ULOGIC_VECTOR) Error: Character '.' read, expected STD_ULOGIC literal.
Time: 252 ns  Iteration: 1  Process: /TB_FILTRO_ESPONENZIALE/LEGGI_E_VERIFICA_Y  File: C:/Users/utente/Desktop/Progetto_Vivado/RL_ExponentialFilter/ExponentialFilter/ProgettoRetiLogiche.srcs/sim_1/new/TB_FILTRO_ESPONENZIALE.vhd
Error: STD_LOGIC_1164.READ(STD_ULOGIC_VECTOR) Error: Character '.' read, expected STD_ULOGIC literal.
Time: 256 ns  Iteration: 1  Process: /TB_FILTRO_ESPONENZIALE/LEGGI_E_VERIFICA_Y  File: C:/Users/utente/Desktop/Progetto_Vivado/RL_ExponentialFilter/ExponentialFilter/ProgettoRetiLogiche.srcs/sim_1/new/TB_FILTRO_ESPONENZIALE.vhd
Error: STD_LOGIC_1164.READ(STD_ULOGIC_VECTOR) Error: Character '.' read, expected STD_ULOGIC literal.
Time: 260 ns  Iteration: 1  Process: /TB_FILTRO_ESPONENZIALE/LEGGI_E_VERIFICA_Y  File: C:/Users/utente/Desktop/Progetto_Vivado/RL_ExponentialFilter/ExponentialFilter/ProgettoRetiLogiche.srcs/sim_1/new/TB_FILTRO_ESPONENZIALE.vhd
Error: STD_LOGIC_1164.READ(STD_ULOGIC_VECTOR) Error: Character '.' read, expected STD_ULOGIC literal.
Time: 264 ns  Iteration: 1  Process: /TB_FILTRO_ESPONENZIALE/LEGGI_E_VERIFICA_Y  File: C:/Users/utente/Desktop/Progetto_Vivado/RL_ExponentialFilter/ExponentialFilter/ProgettoRetiLogiche.srcs/sim_1/new/TB_FILTRO_ESPONENZIALE.vhd
Error: STD_LOGIC_1164.READ(STD_ULOGIC_VECTOR) Error: Character '.' read, expected STD_ULOGIC literal.
Time: 268 ns  Iteration: 1  Process: /TB_FILTRO_ESPONENZIALE/LEGGI_E_VERIFICA_Y  File: C:/Users/utente/Desktop/Progetto_Vivado/RL_ExponentialFilter/ExponentialFilter/ProgettoRetiLogiche.srcs/sim_1/new/TB_FILTRO_ESPONENZIALE.vhd
Error: STD_LOGIC_1164.READ(STD_ULOGIC_VECTOR) Error: Character '.' read, expected STD_ULOGIC literal.
Time: 272 ns  Iteration: 1  Process: /TB_FILTRO_ESPONENZIALE/LEGGI_E_VERIFICA_Y  File: C:/Users/utente/Desktop/Progetto_Vivado/RL_ExponentialFilter/ExponentialFilter/ProgettoRetiLogiche.srcs/sim_1/new/TB_FILTRO_ESPONENZIALE.vhd
Error: STD_LOGIC_1164.READ(STD_ULOGIC_VECTOR) Error: Character '.' read, expected STD_ULOGIC literal.
Time: 276 ns  Iteration: 1  Process: /TB_FILTRO_ESPONENZIALE/LEGGI_E_VERIFICA_Y  File: C:/Users/utente/Desktop/Progetto_Vivado/RL_ExponentialFilter/ExponentialFilter/ProgettoRetiLogiche.srcs/sim_1/new/TB_FILTRO_ESPONENZIALE.vhd
Error: STD_LOGIC_1164.READ(STD_ULOGIC_VECTOR) Error: Character '.' read, expected STD_ULOGIC literal.
Time: 280 ns  Iteration: 1  Process: /TB_FILTRO_ESPONENZIALE/LEGGI_E_VERIFICA_Y  File: C:/Users/utente/Desktop/Progetto_Vivado/RL_ExponentialFilter/ExponentialFilter/ProgettoRetiLogiche.srcs/sim_1/new/TB_FILTRO_ESPONENZIALE.vhd
Error: STD_LOGIC_1164.READ(STD_ULOGIC_VECTOR) Error: Character '.' read, expected STD_ULOGIC literal.
Time: 284 ns  Iteration: 1  Process: /TB_FILTRO_ESPONENZIALE/LEGGI_E_VERIFICA_Y  File: C:/Users/utente/Desktop/Progetto_Vivado/RL_ExponentialFilter/ExponentialFilter/ProgettoRetiLogiche.srcs/sim_1/new/TB_FILTRO_ESPONENZIALE.vhd
Error: STD_LOGIC_1164.READ(STD_ULOGIC_VECTOR) Error: Character '.' read, expected STD_ULOGIC literal.
Time: 288 ns  Iteration: 1  Process: /TB_FILTRO_ESPONENZIALE/LEGGI_E_VERIFICA_Y  File: C:/Users/utente/Desktop/Progetto_Vivado/RL_ExponentialFilter/ExponentialFilter/ProgettoRetiLogiche.srcs/sim_1/new/TB_FILTRO_ESPONENZIALE.vhd
Error: STD_LOGIC_1164.READ(STD_ULOGIC_VECTOR) Error: Character '.' read, expected STD_ULOGIC literal.
Time: 292 ns  Iteration: 1  Process: /TB_FILTRO_ESPONENZIALE/LEGGI_E_VERIFICA_Y  File: C:/Users/utente/Desktop/Progetto_Vivado/RL_ExponentialFilter/ExponentialFilter/ProgettoRetiLogiche.srcs/sim_1/new/TB_FILTRO_ESPONENZIALE.vhd
Error: STD_LOGIC_1164.READ(STD_ULOGIC_VECTOR) Error: Character '.' read, expected STD_ULOGIC literal.
Time: 296 ns  Iteration: 1  Process: /TB_FILTRO_ESPONENZIALE/LEGGI_E_VERIFICA_Y  File: C:/Users/utente/Desktop/Progetto_Vivado/RL_ExponentialFilter/ExponentialFilter/ProgettoRetiLogiche.srcs/sim_1/new/TB_FILTRO_ESPONENZIALE.vhd
Error: STD_LOGIC_1164.READ(STD_ULOGIC_VECTOR) Error: Character '.' read, expected STD_ULOGIC literal.
Time: 300 ns  Iteration: 1  Process: /TB_FILTRO_ESPONENZIALE/LEGGI_E_VERIFICA_Y  File: C:/Users/utente/Desktop/Progetto_Vivado/RL_ExponentialFilter/ExponentialFilter/ProgettoRetiLogiche.srcs/sim_1/new/TB_FILTRO_ESPONENZIALE.vhd
Error: STD_LOGIC_1164.READ(STD_ULOGIC_VECTOR) Error: Character '.' read, expected STD_ULOGIC literal.
Time: 304 ns  Iteration: 1  Process: /TB_FILTRO_ESPONENZIALE/LEGGI_E_VERIFICA_Y  File: C:/Users/utente/Desktop/Progetto_Vivado/RL_ExponentialFilter/ExponentialFilter/ProgettoRetiLogiche.srcs/sim_1/new/TB_FILTRO_ESPONENZIALE.vhd
Error: STD_LOGIC_1164.READ(STD_ULOGIC_VECTOR) Error: Character '.' read, expected STD_ULOGIC literal.
Time: 308 ns  Iteration: 1  Process: /TB_FILTRO_ESPONENZIALE/LEGGI_E_VERIFICA_Y  File: C:/Users/utente/Desktop/Progetto_Vivado/RL_ExponentialFilter/ExponentialFilter/ProgettoRetiLogiche.srcs/sim_1/new/TB_FILTRO_ESPONENZIALE.vhd
Error: STD_LOGIC_1164.READ(STD_ULOGIC_VECTOR) Error: Character '.' read, expected STD_ULOGIC literal.
Time: 312 ns  Iteration: 1  Process: /TB_FILTRO_ESPONENZIALE/LEGGI_E_VERIFICA_Y  File: C:/Users/utente/Desktop/Progetto_Vivado/RL_ExponentialFilter/ExponentialFilter/ProgettoRetiLogiche.srcs/sim_1/new/TB_FILTRO_ESPONENZIALE.vhd
Error: STD_LOGIC_1164.READ(STD_ULOGIC_VECTOR) Error: Character '.' read, expected STD_ULOGIC literal.
Time: 316 ns  Iteration: 1  Process: /TB_FILTRO_ESPONENZIALE/LEGGI_E_VERIFICA_Y  File: C:/Users/utente/Desktop/Progetto_Vivado/RL_ExponentialFilter/ExponentialFilter/ProgettoRetiLogiche.srcs/sim_1/new/TB_FILTRO_ESPONENZIALE.vhd
Error: STD_LOGIC_1164.READ(STD_ULOGIC_VECTOR) Error: Character '.' read, expected STD_ULOGIC literal.
Time: 320 ns  Iteration: 1  Process: /TB_FILTRO_ESPONENZIALE/LEGGI_E_VERIFICA_Y  File: C:/Users/utente/Desktop/Progetto_Vivado/RL_ExponentialFilter/ExponentialFilter/ProgettoRetiLogiche.srcs/sim_1/new/TB_FILTRO_ESPONENZIALE.vhd
Error: STD_LOGIC_1164.READ(STD_ULOGIC_VECTOR) Error: Character '.' read, expected STD_ULOGIC literal.
Time: 324 ns  Iteration: 1  Process: /TB_FILTRO_ESPONENZIALE/LEGGI_E_VERIFICA_Y  File: C:/Users/utente/Desktop/Progetto_Vivado/RL_ExponentialFilter/ExponentialFilter/ProgettoRetiLogiche.srcs/sim_1/new/TB_FILTRO_ESPONENZIALE.vhd
Error: STD_LOGIC_1164.READ(STD_ULOGIC_VECTOR) Error: Character '.' read, expected STD_ULOGIC literal.
Time: 328 ns  Iteration: 1  Process: /TB_FILTRO_ESPONENZIALE/LEGGI_E_VERIFICA_Y  File: C:/Users/utente/Desktop/Progetto_Vivado/RL_ExponentialFilter/ExponentialFilter/ProgettoRetiLogiche.srcs/sim_1/new/TB_FILTRO_ESPONENZIALE.vhd
Error: STD_LOGIC_1164.READ(STD_ULOGIC_VECTOR) Error: Character '.' read, expected STD_ULOGIC literal.
Time: 332 ns  Iteration: 1  Process: /TB_FILTRO_ESPONENZIALE/LEGGI_E_VERIFICA_Y  File: C:/Users/utente/Desktop/Progetto_Vivado/RL_ExponentialFilter/ExponentialFilter/ProgettoRetiLogiche.srcs/sim_1/new/TB_FILTRO_ESPONENZIALE.vhd
Error: STD_LOGIC_1164.READ(STD_ULOGIC_VECTOR) Error: Character '.' read, expected STD_ULOGIC literal.
Time: 336 ns  Iteration: 1  Process: /TB_FILTRO_ESPONENZIALE/LEGGI_E_VERIFICA_Y  File: C:/Users/utente/Desktop/Progetto_Vivado/RL_ExponentialFilter/ExponentialFilter/ProgettoRetiLogiche.srcs/sim_1/new/TB_FILTRO_ESPONENZIALE.vhd
Error: STD_LOGIC_1164.READ(STD_ULOGIC_VECTOR) Error: Character '.' read, expected STD_ULOGIC literal.
Time: 340 ns  Iteration: 1  Process: /TB_FILTRO_ESPONENZIALE/LEGGI_E_VERIFICA_Y  File: C:/Users/utente/Desktop/Progetto_Vivado/RL_ExponentialFilter/ExponentialFilter/ProgettoRetiLogiche.srcs/sim_1/new/TB_FILTRO_ESPONENZIALE.vhd
Error: STD_LOGIC_1164.READ(STD_ULOGIC_VECTOR) Error: Character '.' read, expected STD_ULOGIC literal.
Time: 344 ns  Iteration: 1  Process: /TB_FILTRO_ESPONENZIALE/LEGGI_E_VERIFICA_Y  File: C:/Users/utente/Desktop/Progetto_Vivado/RL_ExponentialFilter/ExponentialFilter/ProgettoRetiLogiche.srcs/sim_1/new/TB_FILTRO_ESPONENZIALE.vhd
Error: STD_LOGIC_1164.READ(STD_ULOGIC_VECTOR) Error: Character '.' read, expected STD_ULOGIC literal.
Time: 348 ns  Iteration: 1  Process: /TB_FILTRO_ESPONENZIALE/LEGGI_E_VERIFICA_Y  File: C:/Users/utente/Desktop/Progetto_Vivado/RL_ExponentialFilter/ExponentialFilter/ProgettoRetiLogiche.srcs/sim_1/new/TB_FILTRO_ESPONENZIALE.vhd
Error: STD_LOGIC_1164.READ(STD_ULOGIC_VECTOR) Error: Character '.' read, expected STD_ULOGIC literal.
Time: 352 ns  Iteration: 1  Process: /TB_FILTRO_ESPONENZIALE/LEGGI_E_VERIFICA_Y  File: C:/Users/utente/Desktop/Progetto_Vivado/RL_ExponentialFilter/ExponentialFilter/ProgettoRetiLogiche.srcs/sim_1/new/TB_FILTRO_ESPONENZIALE.vhd
Error: STD_LOGIC_1164.READ(STD_ULOGIC_VECTOR) Error: Character '.' read, expected STD_ULOGIC literal.
Time: 356 ns  Iteration: 1  Process: /TB_FILTRO_ESPONENZIALE/LEGGI_E_VERIFICA_Y  File: C:/Users/utente/Desktop/Progetto_Vivado/RL_ExponentialFilter/ExponentialFilter/ProgettoRetiLogiche.srcs/sim_1/new/TB_FILTRO_ESPONENZIALE.vhd
Error: STD_LOGIC_1164.READ(STD_ULOGIC_VECTOR) Error: Character '.' read, expected STD_ULOGIC literal.
Time: 360 ns  Iteration: 1  Process: /TB_FILTRO_ESPONENZIALE/LEGGI_E_VERIFICA_Y  File: C:/Users/utente/Desktop/Progetto_Vivado/RL_ExponentialFilter/ExponentialFilter/ProgettoRetiLogiche.srcs/sim_1/new/TB_FILTRO_ESPONENZIALE.vhd
Error: STD_LOGIC_1164.READ(STD_ULOGIC_VECTOR) Error: Character '.' read, expected STD_ULOGIC literal.
Time: 364 ns  Iteration: 1  Process: /TB_FILTRO_ESPONENZIALE/LEGGI_E_VERIFICA_Y  File: C:/Users/utente/Desktop/Progetto_Vivado/RL_ExponentialFilter/ExponentialFilter/ProgettoRetiLogiche.srcs/sim_1/new/TB_FILTRO_ESPONENZIALE.vhd
Error: STD_LOGIC_1164.READ(STD_ULOGIC_VECTOR) Error: Character '.' read, expected STD_ULOGIC literal.
Time: 368 ns  Iteration: 1  Process: /TB_FILTRO_ESPONENZIALE/LEGGI_E_VERIFICA_Y  File: C:/Users/utente/Desktop/Progetto_Vivado/RL_ExponentialFilter/ExponentialFilter/ProgettoRetiLogiche.srcs/sim_1/new/TB_FILTRO_ESPONENZIALE.vhd
Error: STD_LOGIC_1164.READ(STD_ULOGIC_VECTOR) Error: Character '.' read, expected STD_ULOGIC literal.
Time: 372 ns  Iteration: 1  Process: /TB_FILTRO_ESPONENZIALE/LEGGI_E_VERIFICA_Y  File: C:/Users/utente/Desktop/Progetto_Vivado/RL_ExponentialFilter/ExponentialFilter/ProgettoRetiLogiche.srcs/sim_1/new/TB_FILTRO_ESPONENZIALE.vhd
Error: STD_LOGIC_1164.READ(STD_ULOGIC_VECTOR) Error: Character '.' read, expected STD_ULOGIC literal.
Time: 376 ns  Iteration: 1  Process: /TB_FILTRO_ESPONENZIALE/LEGGI_E_VERIFICA_Y  File: C:/Users/utente/Desktop/Progetto_Vivado/RL_ExponentialFilter/ExponentialFilter/ProgettoRetiLogiche.srcs/sim_1/new/TB_FILTRO_ESPONENZIALE.vhd
Error: STD_LOGIC_1164.READ(STD_ULOGIC_VECTOR) Error: Character '.' read, expected STD_ULOGIC literal.
Time: 380 ns  Iteration: 1  Process: /TB_FILTRO_ESPONENZIALE/LEGGI_E_VERIFICA_Y  File: C:/Users/utente/Desktop/Progetto_Vivado/RL_ExponentialFilter/ExponentialFilter/ProgettoRetiLogiche.srcs/sim_1/new/TB_FILTRO_ESPONENZIALE.vhd
Error: STD_LOGIC_1164.READ(STD_ULOGIC_VECTOR) Error: Character '.' read, expected STD_ULOGIC literal.
Time: 384 ns  Iteration: 1  Process: /TB_FILTRO_ESPONENZIALE/LEGGI_E_VERIFICA_Y  File: C:/Users/utente/Desktop/Progetto_Vivado/RL_ExponentialFilter/ExponentialFilter/ProgettoRetiLogiche.srcs/sim_1/new/TB_FILTRO_ESPONENZIALE.vhd
Error: STD_LOGIC_1164.READ(STD_ULOGIC_VECTOR) Error: Character '.' read, expected STD_ULOGIC literal.
Time: 388 ns  Iteration: 1  Process: /TB_FILTRO_ESPONENZIALE/LEGGI_E_VERIFICA_Y  File: C:/Users/utente/Desktop/Progetto_Vivado/RL_ExponentialFilter/ExponentialFilter/ProgettoRetiLogiche.srcs/sim_1/new/TB_FILTRO_ESPONENZIALE.vhd
Error: STD_LOGIC_1164.READ(STD_ULOGIC_VECTOR) Error: Character '.' read, expected STD_ULOGIC literal.
Time: 392 ns  Iteration: 1  Process: /TB_FILTRO_ESPONENZIALE/LEGGI_E_VERIFICA_Y  File: C:/Users/utente/Desktop/Progetto_Vivado/RL_ExponentialFilter/ExponentialFilter/ProgettoRetiLogiche.srcs/sim_1/new/TB_FILTRO_ESPONENZIALE.vhd
Error: STD_LOGIC_1164.READ(STD_ULOGIC_VECTOR) Error: Character '.' read, expected STD_ULOGIC literal.
Time: 396 ns  Iteration: 1  Process: /TB_FILTRO_ESPONENZIALE/LEGGI_E_VERIFICA_Y  File: C:/Users/utente/Desktop/Progetto_Vivado/RL_ExponentialFilter/ExponentialFilter/ProgettoRetiLogiche.srcs/sim_1/new/TB_FILTRO_ESPONENZIALE.vhd
Error: STD_LOGIC_1164.READ(STD_ULOGIC_VECTOR) Error: Character '.' read, expected STD_ULOGIC literal.
Time: 400 ns  Iteration: 1  Process: /TB_FILTRO_ESPONENZIALE/LEGGI_E_VERIFICA_Y  File: C:/Users/utente/Desktop/Progetto_Vivado/RL_ExponentialFilter/ExponentialFilter/ProgettoRetiLogiche.srcs/sim_1/new/TB_FILTRO_ESPONENZIALE.vhd
Error: STD_LOGIC_1164.READ(STD_ULOGIC_VECTOR) Error: Character '.' read, expected STD_ULOGIC literal.
Time: 404 ns  Iteration: 1  Process: /TB_FILTRO_ESPONENZIALE/LEGGI_E_VERIFICA_Y  File: C:/Users/utente/Desktop/Progetto_Vivado/RL_ExponentialFilter/ExponentialFilter/ProgettoRetiLogiche.srcs/sim_1/new/TB_FILTRO_ESPONENZIALE.vhd
INFO: [USF-XSim-96] XSim completed. Design snapshot 'TB_FILTRO_ESPONENZIALE_behav' loaded.
INFO: [USF-XSim-97] XSim simulation ran for 80000ns
launch_simulation: Time (s): cpu = 00:00:06 ; elapsed = 00:00:10 . Memory (MB): peak = 1285.273 ; gain = 22.652
close_sim
INFO: [Simtcl 6-16] Simulation closed
launch_simulation
Command: launch_simulation 
INFO: [Vivado 12-12493] Simulation top is 'TB_FILTRO_ESPONENZIALE'
WARNING: [Vivado 12-13340] Unable to auto find GCC executables from simulator install path! (path not set)
INFO: [Vivado 12-5682] Launching behavioral simulation in 'C:/Users/utente/Desktop/Progetto_Vivado/RL_ExponentialFilter/ExponentialFilter/ProgettoRetiLogiche.sim/sim_1/behav/xsim'
INFO: [SIM-utils-51] Simulation object is 'sim_1'
INFO: [SIM-utils-72] Using boost library from 'C:/Users/utente/Vivado/2024.2/tps/boost_1_72_0'
INFO: [SIM-utils-54] Inspecting design source files for 'TB_FILTRO_ESPONENZIALE' in fileset 'sim_1'...
INFO: [USF-XSim-97] Finding global include files...
INFO: [USF-XSim-98] Fetching design files from 'sim_1'...
INFO: [USF-XSim-2] XSim::Compile design
INFO: [USF-XSim-61] Executing 'COMPILE and ANALYZE' step in 'C:/Users/utente/Desktop/Progetto_Vivado/RL_ExponentialFilter/ExponentialFilter/ProgettoRetiLogiche.sim/sim_1/behav/xsim'
"xvhdl --incr --relax -prj TB_FILTRO_ESPONENZIALE_vhdl.prj"
INFO: [USF-XSim-69] 'compile' step finished in '2' seconds
INFO: [USF-XSim-3] XSim::Elaborate design
INFO: [USF-XSim-61] Executing 'ELABORATE' step in 'C:/Users/utente/Desktop/Progetto_Vivado/RL_ExponentialFilter/ExponentialFilter/ProgettoRetiLogiche.sim/sim_1/behav/xsim'
"xelab --incr --debug typical --relax --mt 2 -L xil_defaultlib -L secureip --snapshot TB_FILTRO_ESPONENZIALE_behav xil_defaultlib.TB_FILTRO_ESPONENZIALE -log elaborate.log"
Vivado Simulator v2024.2.0
Copyright 1986-2022 Xilinx, Inc. All Rights Reserved.
Copyright 2022-2024 Advanced Micro Devices, Inc. All Rights Reserved.
Running: C:/Users/utente/Vivado/2024.2/bin/unwrapped/win64.o/xelab.exe --incr --debug typical --relax --mt 2 -L xil_defaultlib -L secureip --snapshot TB_FILTRO_ESPONENZIALE_behav xil_defaultlib.TB_FILTRO_ESPONENZIALE -log elaborate.log 
Using 2 slave threads.
Starting static elaboration
Completed static elaboration
INFO: [XSIM 43-4323] No Change in HDL. Linking previously generated obj files to create kernel
INFO: [USF-XSim-69] 'elaborate' step finished in '1' seconds
INFO: [USF-XSim-4] XSim::Simulate design
INFO: [USF-XSim-61] Executing 'SIMULATE' step in 'C:/Users/utente/Desktop/Progetto_Vivado/RL_ExponentialFilter/ExponentialFilter/ProgettoRetiLogiche.sim/sim_1/behav/xsim'
INFO: [USF-XSim-98] *** Running xsim
   with args "TB_FILTRO_ESPONENZIALE_behav -key {Behavioral:sim_1:Functional:TB_FILTRO_ESPONENZIALE} -tclbatch {TB_FILTRO_ESPONENZIALE.tcl} -log {simulate.log}"
INFO: [USF-XSim-8] Loading simulator feature
Time resolution is 1 ps
source TB_FILTRO_ESPONENZIALE.tcl
# set curr_wave [current_wave_config]
# if { [string length $curr_wave] == 0 } {
#   if { [llength [get_objects]] > 0} {
#     add_wave /
#     set_property needs_save false [current_wave_config]
#   } else {
#      send_msg_id Add_Wave-1 WARNING "No top level signals found. Simulator will start without a wave window. If you want to open a wave window go to 'File->New Waveform Configuration' or type 'create_wave_config' in the TCL console."
#   }
# }
# run 80000ns
Error: STD_LOGIC_1164.READ(STD_ULOGIC_VECTOR) Error: Character '5' read, expected STD_ULOGIC literal.
Time: 8 ns  Iteration: 1  Process: /TB_FILTRO_ESPONENZIALE/LEGGI_E_VERIFICA_Y  File: C:/Users/utente/Desktop/Progetto_Vivado/RL_ExponentialFilter/ExponentialFilter/ProgettoRetiLogiche.srcs/sim_1/new/TB_FILTRO_ESPONENZIALE.vhd
Error: STD_LOGIC_1164.READ(STD_ULOGIC_VECTOR) Error: Character '6' read, expected STD_ULOGIC literal.
Time: 12 ns  Iteration: 1  Process: /TB_FILTRO_ESPONENZIALE/LEGGI_E_VERIFICA_Y  File: C:/Users/utente/Desktop/Progetto_Vivado/RL_ExponentialFilter/ExponentialFilter/ProgettoRetiLogiche.srcs/sim_1/new/TB_FILTRO_ESPONENZIALE.vhd
Error: STD_LOGIC_1164.READ(STD_ULOGIC_VECTOR) Error: Character '7' read, expected STD_ULOGIC literal.
Time: 16 ns  Iteration: 1  Process: /TB_FILTRO_ESPONENZIALE/LEGGI_E_VERIFICA_Y  File: C:/Users/utente/Desktop/Progetto_Vivado/RL_ExponentialFilter/ExponentialFilter/ProgettoRetiLogiche.srcs/sim_1/new/TB_FILTRO_ESPONENZIALE.vhd
Error: STD_LOGIC_1164.READ(STD_ULOGIC_VECTOR) Error: Character '8' read, expected STD_ULOGIC literal.
Time: 20 ns  Iteration: 1  Process: /TB_FILTRO_ESPONENZIALE/LEGGI_E_VERIFICA_Y  File: C:/Users/utente/Desktop/Progetto_Vivado/RL_ExponentialFilter/ExponentialFilter/ProgettoRetiLogiche.srcs/sim_1/new/TB_FILTRO_ESPONENZIALE.vhd
Error: STD_LOGIC_1164.READ(STD_ULOGIC_VECTOR) Error: Character '9' read, expected STD_ULOGIC literal.
Time: 24 ns  Iteration: 1  Process: /TB_FILTRO_ESPONENZIALE/LEGGI_E_VERIFICA_Y  File: C:/Users/utente/Desktop/Progetto_Vivado/RL_ExponentialFilter/ExponentialFilter/ProgettoRetiLogiche.srcs/sim_1/new/TB_FILTRO_ESPONENZIALE.vhd
Error: STD_LOGIC_1164.READ(STD_ULOGIC_VECTOR) Error: Character '9' read, expected STD_ULOGIC literal.
Time: 28 ns  Iteration: 1  Process: /TB_FILTRO_ESPONENZIALE/LEGGI_E_VERIFICA_Y  File: C:/Users/utente/Desktop/Progetto_Vivado/RL_ExponentialFilter/ExponentialFilter/ProgettoRetiLogiche.srcs/sim_1/new/TB_FILTRO_ESPONENZIALE.vhd
Error: STD_LOGIC_1164.READ(STD_ULOGIC_VECTOR) Error: Character '9' read, expected STD_ULOGIC literal.
Time: 32 ns  Iteration: 1  Process: /TB_FILTRO_ESPONENZIALE/LEGGI_E_VERIFICA_Y  File: C:/Users/utente/Desktop/Progetto_Vivado/RL_ExponentialFilter/ExponentialFilter/ProgettoRetiLogiche.srcs/sim_1/new/TB_FILTRO_ESPONENZIALE.vhd
Error: STD_LOGIC_1164.READ(STD_ULOGIC_VECTOR) Error: Character '9' read, expected STD_ULOGIC literal.
Time: 36 ns  Iteration: 1  Process: /TB_FILTRO_ESPONENZIALE/LEGGI_E_VERIFICA_Y  File: C:/Users/utente/Desktop/Progetto_Vivado/RL_ExponentialFilter/ExponentialFilter/ProgettoRetiLogiche.srcs/sim_1/new/TB_FILTRO_ESPONENZIALE.vhd
Error: STD_LOGIC_1164.READ(STD_ULOGIC_VECTOR) Error: Character '9' read, expected STD_ULOGIC literal.
Time: 40 ns  Iteration: 1  Process: /TB_FILTRO_ESPONENZIALE/LEGGI_E_VERIFICA_Y  File: C:/Users/utente/Desktop/Progetto_Vivado/RL_ExponentialFilter/ExponentialFilter/ProgettoRetiLogiche.srcs/sim_1/new/TB_FILTRO_ESPONENZIALE.vhd
Error: STD_LOGIC_1164.READ(STD_ULOGIC_VECTOR) Error: Character '9' read, expected STD_ULOGIC literal.
Time: 44 ns  Iteration: 1  Process: /TB_FILTRO_ESPONENZIALE/LEGGI_E_VERIFICA_Y  File: C:/Users/utente/Desktop/Progetto_Vivado/RL_ExponentialFilter/ExponentialFilter/ProgettoRetiLogiche.srcs/sim_1/new/TB_FILTRO_ESPONENZIALE.vhd
Error: STD_LOGIC_1164.READ(STD_ULOGIC_VECTOR) Error: Character '9' read, expected STD_ULOGIC literal.
Time: 48 ns  Iteration: 1  Process: /TB_FILTRO_ESPONENZIALE/LEGGI_E_VERIFICA_Y  File: C:/Users/utente/Desktop/Progetto_Vivado/RL_ExponentialFilter/ExponentialFilter/ProgettoRetiLogiche.srcs/sim_1/new/TB_FILTRO_ESPONENZIALE.vhd
Error: STD_LOGIC_1164.READ(STD_ULOGIC_VECTOR) Error: Character '9' read, expected STD_ULOGIC literal.
Time: 52 ns  Iteration: 1  Process: /TB_FILTRO_ESPONENZIALE/LEGGI_E_VERIFICA_Y  File: C:/Users/utente/Desktop/Progetto_Vivado/RL_ExponentialFilter/ExponentialFilter/ProgettoRetiLogiche.srcs/sim_1/new/TB_FILTRO_ESPONENZIALE.vhd
Error: STD_LOGIC_1164.READ(STD_ULOGIC_VECTOR) Error: Character '9' read, expected STD_ULOGIC literal.
Time: 56 ns  Iteration: 1  Process: /TB_FILTRO_ESPONENZIALE/LEGGI_E_VERIFICA_Y  File: C:/Users/utente/Desktop/Progetto_Vivado/RL_ExponentialFilter/ExponentialFilter/ProgettoRetiLogiche.srcs/sim_1/new/TB_FILTRO_ESPONENZIALE.vhd
Error: STD_LOGIC_1164.READ(STD_ULOGIC_VECTOR) Error: Character '9' read, expected STD_ULOGIC literal.
Time: 60 ns  Iteration: 1  Process: /TB_FILTRO_ESPONENZIALE/LEGGI_E_VERIFICA_Y  File: C:/Users/utente/Desktop/Progetto_Vivado/RL_ExponentialFilter/ExponentialFilter/ProgettoRetiLogiche.srcs/sim_1/new/TB_FILTRO_ESPONENZIALE.vhd
Error: STD_LOGIC_1164.READ(STD_ULOGIC_VECTOR) Error: Character '9' read, expected STD_ULOGIC literal.
Time: 64 ns  Iteration: 1  Process: /TB_FILTRO_ESPONENZIALE/LEGGI_E_VERIFICA_Y  File: C:/Users/utente/Desktop/Progetto_Vivado/RL_ExponentialFilter/ExponentialFilter/ProgettoRetiLogiche.srcs/sim_1/new/TB_FILTRO_ESPONENZIALE.vhd
Error: STD_LOGIC_1164.READ(STD_ULOGIC_VECTOR) Error: Character '9' read, expected STD_ULOGIC literal.
Time: 68 ns  Iteration: 1  Process: /TB_FILTRO_ESPONENZIALE/LEGGI_E_VERIFICA_Y  File: C:/Users/utente/Desktop/Progetto_Vivado/RL_ExponentialFilter/ExponentialFilter/ProgettoRetiLogiche.srcs/sim_1/new/TB_FILTRO_ESPONENZIALE.vhd
Error: STD_LOGIC_1164.READ(STD_ULOGIC_VECTOR) Error: Character '9' read, expected STD_ULOGIC literal.
Time: 72 ns  Iteration: 1  Process: /TB_FILTRO_ESPONENZIALE/LEGGI_E_VERIFICA_Y  File: C:/Users/utente/Desktop/Progetto_Vivado/RL_ExponentialFilter/ExponentialFilter/ProgettoRetiLogiche.srcs/sim_1/new/TB_FILTRO_ESPONENZIALE.vhd
Error: STD_LOGIC_1164.READ(STD_ULOGIC_VECTOR) Error: Character '9' read, expected STD_ULOGIC literal.
Time: 76 ns  Iteration: 1  Process: /TB_FILTRO_ESPONENZIALE/LEGGI_E_VERIFICA_Y  File: C:/Users/utente/Desktop/Progetto_Vivado/RL_ExponentialFilter/ExponentialFilter/ProgettoRetiLogiche.srcs/sim_1/new/TB_FILTRO_ESPONENZIALE.vhd
Error: STD_LOGIC_1164.READ(STD_ULOGIC_VECTOR) Error: Character '9' read, expected STD_ULOGIC literal.
Time: 80 ns  Iteration: 1  Process: /TB_FILTRO_ESPONENZIALE/LEGGI_E_VERIFICA_Y  File: C:/Users/utente/Desktop/Progetto_Vivado/RL_ExponentialFilter/ExponentialFilter/ProgettoRetiLogiche.srcs/sim_1/new/TB_FILTRO_ESPONENZIALE.vhd
Error: STD_LOGIC_1164.READ(STD_ULOGIC_VECTOR) Error: Character '9' read, expected STD_ULOGIC literal.
Time: 84 ns  Iteration: 1  Process: /TB_FILTRO_ESPONENZIALE/LEGGI_E_VERIFICA_Y  File: C:/Users/utente/Desktop/Progetto_Vivado/RL_ExponentialFilter/ExponentialFilter/ProgettoRetiLogiche.srcs/sim_1/new/TB_FILTRO_ESPONENZIALE.vhd
Error: STD_LOGIC_1164.READ(STD_ULOGIC_VECTOR) Error: Character '9' read, expected STD_ULOGIC literal.
Time: 88 ns  Iteration: 1  Process: /TB_FILTRO_ESPONENZIALE/LEGGI_E_VERIFICA_Y  File: C:/Users/utente/Desktop/Progetto_Vivado/RL_ExponentialFilter/ExponentialFilter/ProgettoRetiLogiche.srcs/sim_1/new/TB_FILTRO_ESPONENZIALE.vhd
Error: STD_LOGIC_1164.READ(STD_ULOGIC_VECTOR) Error: Character '9' read, expected STD_ULOGIC literal.
Time: 92 ns  Iteration: 1  Process: /TB_FILTRO_ESPONENZIALE/LEGGI_E_VERIFICA_Y  File: C:/Users/utente/Desktop/Progetto_Vivado/RL_ExponentialFilter/ExponentialFilter/ProgettoRetiLogiche.srcs/sim_1/new/TB_FILTRO_ESPONENZIALE.vhd
Error: STD_LOGIC_1164.READ(STD_ULOGIC_VECTOR) Error: Character '9' read, expected STD_ULOGIC literal.
Time: 96 ns  Iteration: 1  Process: /TB_FILTRO_ESPONENZIALE/LEGGI_E_VERIFICA_Y  File: C:/Users/utente/Desktop/Progetto_Vivado/RL_ExponentialFilter/ExponentialFilter/ProgettoRetiLogiche.srcs/sim_1/new/TB_FILTRO_ESPONENZIALE.vhd
Error: STD_LOGIC_1164.READ(STD_ULOGIC_VECTOR) Error: Character '9' read, expected STD_ULOGIC literal.
Time: 100 ns  Iteration: 1  Process: /TB_FILTRO_ESPONENZIALE/LEGGI_E_VERIFICA_Y  File: C:/Users/utente/Desktop/Progetto_Vivado/RL_ExponentialFilter/ExponentialFilter/ProgettoRetiLogiche.srcs/sim_1/new/TB_FILTRO_ESPONENZIALE.vhd
Error: STD_LOGIC_1164.READ(STD_ULOGIC_VECTOR) Error: Character '9' read, expected STD_ULOGIC literal.
Time: 104 ns  Iteration: 1  Process: /TB_FILTRO_ESPONENZIALE/LEGGI_E_VERIFICA_Y  File: C:/Users/utente/Desktop/Progetto_Vivado/RL_ExponentialFilter/ExponentialFilter/ProgettoRetiLogiche.srcs/sim_1/new/TB_FILTRO_ESPONENZIALE.vhd
Error: STD_LOGIC_1164.READ(STD_ULOGIC_VECTOR) Error: Character '9' read, expected STD_ULOGIC literal.
Time: 108 ns  Iteration: 1  Process: /TB_FILTRO_ESPONENZIALE/LEGGI_E_VERIFICA_Y  File: C:/Users/utente/Desktop/Progetto_Vivado/RL_ExponentialFilter/ExponentialFilter/ProgettoRetiLogiche.srcs/sim_1/new/TB_FILTRO_ESPONENZIALE.vhd
Error: STD_LOGIC_1164.READ(STD_ULOGIC_VECTOR) Error: Character '9' read, expected STD_ULOGIC literal.
Time: 112 ns  Iteration: 1  Process: /TB_FILTRO_ESPONENZIALE/LEGGI_E_VERIFICA_Y  File: C:/Users/utente/Desktop/Progetto_Vivado/RL_ExponentialFilter/ExponentialFilter/ProgettoRetiLogiche.srcs/sim_1/new/TB_FILTRO_ESPONENZIALE.vhd
Error: STD_LOGIC_1164.READ(STD_ULOGIC_VECTOR) Error: Character '9' read, expected STD_ULOGIC literal.
Time: 116 ns  Iteration: 1  Process: /TB_FILTRO_ESPONENZIALE/LEGGI_E_VERIFICA_Y  File: C:/Users/utente/Desktop/Progetto_Vivado/RL_ExponentialFilter/ExponentialFilter/ProgettoRetiLogiche.srcs/sim_1/new/TB_FILTRO_ESPONENZIALE.vhd
Error: STD_LOGIC_1164.READ(STD_ULOGIC_VECTOR) Error: Character '9' read, expected STD_ULOGIC literal.
Time: 120 ns  Iteration: 1  Process: /TB_FILTRO_ESPONENZIALE/LEGGI_E_VERIFICA_Y  File: C:/Users/utente/Desktop/Progetto_Vivado/RL_ExponentialFilter/ExponentialFilter/ProgettoRetiLogiche.srcs/sim_1/new/TB_FILTRO_ESPONENZIALE.vhd
Error: STD_LOGIC_1164.READ(STD_ULOGIC_VECTOR) Error: Character '9' read, expected STD_ULOGIC literal.
Time: 124 ns  Iteration: 1  Process: /TB_FILTRO_ESPONENZIALE/LEGGI_E_VERIFICA_Y  File: C:/Users/utente/Desktop/Progetto_Vivado/RL_ExponentialFilter/ExponentialFilter/ProgettoRetiLogiche.srcs/sim_1/new/TB_FILTRO_ESPONENZIALE.vhd
Error: STD_LOGIC_1164.READ(STD_ULOGIC_VECTOR) Error: Character '9' read, expected STD_ULOGIC literal.
Time: 128 ns  Iteration: 1  Process: /TB_FILTRO_ESPONENZIALE/LEGGI_E_VERIFICA_Y  File: C:/Users/utente/Desktop/Progetto_Vivado/RL_ExponentialFilter/ExponentialFilter/ProgettoRetiLogiche.srcs/sim_1/new/TB_FILTRO_ESPONENZIALE.vhd
Error: STD_LOGIC_1164.READ(STD_ULOGIC_VECTOR) Error: Character '9' read, expected STD_ULOGIC literal.
Time: 132 ns  Iteration: 1  Process: /TB_FILTRO_ESPONENZIALE/LEGGI_E_VERIFICA_Y  File: C:/Users/utente/Desktop/Progetto_Vivado/RL_ExponentialFilter/ExponentialFilter/ProgettoRetiLogiche.srcs/sim_1/new/TB_FILTRO_ESPONENZIALE.vhd
Error: STD_LOGIC_1164.READ(STD_ULOGIC_VECTOR) Error: Character '9' read, expected STD_ULOGIC literal.
Time: 136 ns  Iteration: 1  Process: /TB_FILTRO_ESPONENZIALE/LEGGI_E_VERIFICA_Y  File: C:/Users/utente/Desktop/Progetto_Vivado/RL_ExponentialFilter/ExponentialFilter/ProgettoRetiLogiche.srcs/sim_1/new/TB_FILTRO_ESPONENZIALE.vhd
Error: STD_LOGIC_1164.READ(STD_ULOGIC_VECTOR) Error: Character '9' read, expected STD_ULOGIC literal.
Time: 140 ns  Iteration: 1  Process: /TB_FILTRO_ESPONENZIALE/LEGGI_E_VERIFICA_Y  File: C:/Users/utente/Desktop/Progetto_Vivado/RL_ExponentialFilter/ExponentialFilter/ProgettoRetiLogiche.srcs/sim_1/new/TB_FILTRO_ESPONENZIALE.vhd
Error: STD_LOGIC_1164.READ(STD_ULOGIC_VECTOR) Error: Character '9' read, expected STD_ULOGIC literal.
Time: 144 ns  Iteration: 1  Process: /TB_FILTRO_ESPONENZIALE/LEGGI_E_VERIFICA_Y  File: C:/Users/utente/Desktop/Progetto_Vivado/RL_ExponentialFilter/ExponentialFilter/ProgettoRetiLogiche.srcs/sim_1/new/TB_FILTRO_ESPONENZIALE.vhd
Error: STD_LOGIC_1164.READ(STD_ULOGIC_VECTOR) Error: Character '9' read, expected STD_ULOGIC literal.
Time: 148 ns  Iteration: 1  Process: /TB_FILTRO_ESPONENZIALE/LEGGI_E_VERIFICA_Y  File: C:/Users/utente/Desktop/Progetto_Vivado/RL_ExponentialFilter/ExponentialFilter/ProgettoRetiLogiche.srcs/sim_1/new/TB_FILTRO_ESPONENZIALE.vhd
Error: STD_LOGIC_1164.READ(STD_ULOGIC_VECTOR) Error: Character '9' read, expected STD_ULOGIC literal.
Time: 152 ns  Iteration: 1  Process: /TB_FILTRO_ESPONENZIALE/LEGGI_E_VERIFICA_Y  File: C:/Users/utente/Desktop/Progetto_Vivado/RL_ExponentialFilter/ExponentialFilter/ProgettoRetiLogiche.srcs/sim_1/new/TB_FILTRO_ESPONENZIALE.vhd
Error: STD_LOGIC_1164.READ(STD_ULOGIC_VECTOR) Error: Character '9' read, expected STD_ULOGIC literal.
Time: 156 ns  Iteration: 1  Process: /TB_FILTRO_ESPONENZIALE/LEGGI_E_VERIFICA_Y  File: C:/Users/utente/Desktop/Progetto_Vivado/RL_ExponentialFilter/ExponentialFilter/ProgettoRetiLogiche.srcs/sim_1/new/TB_FILTRO_ESPONENZIALE.vhd
Error: STD_LOGIC_1164.READ(STD_ULOGIC_VECTOR) Error: Character '9' read, expected STD_ULOGIC literal.
Time: 160 ns  Iteration: 1  Process: /TB_FILTRO_ESPONENZIALE/LEGGI_E_VERIFICA_Y  File: C:/Users/utente/Desktop/Progetto_Vivado/RL_ExponentialFilter/ExponentialFilter/ProgettoRetiLogiche.srcs/sim_1/new/TB_FILTRO_ESPONENZIALE.vhd
Error: STD_LOGIC_1164.READ(STD_ULOGIC_VECTOR) Error: Character '9' read, expected STD_ULOGIC literal.
Time: 164 ns  Iteration: 1  Process: /TB_FILTRO_ESPONENZIALE/LEGGI_E_VERIFICA_Y  File: C:/Users/utente/Desktop/Progetto_Vivado/RL_ExponentialFilter/ExponentialFilter/ProgettoRetiLogiche.srcs/sim_1/new/TB_FILTRO_ESPONENZIALE.vhd
Error: STD_LOGIC_1164.READ(STD_ULOGIC_VECTOR) Error: Character '9' read, expected STD_ULOGIC literal.
Time: 168 ns  Iteration: 1  Process: /TB_FILTRO_ESPONENZIALE/LEGGI_E_VERIFICA_Y  File: C:/Users/utente/Desktop/Progetto_Vivado/RL_ExponentialFilter/ExponentialFilter/ProgettoRetiLogiche.srcs/sim_1/new/TB_FILTRO_ESPONENZIALE.vhd
Error: STD_LOGIC_1164.READ(STD_ULOGIC_VECTOR) Error: Character '9' read, expected STD_ULOGIC literal.
Time: 172 ns  Iteration: 1  Process: /TB_FILTRO_ESPONENZIALE/LEGGI_E_VERIFICA_Y  File: C:/Users/utente/Desktop/Progetto_Vivado/RL_ExponentialFilter/ExponentialFilter/ProgettoRetiLogiche.srcs/sim_1/new/TB_FILTRO_ESPONENZIALE.vhd
Error: STD_LOGIC_1164.READ(STD_ULOGIC_VECTOR) Error: Character '.' read, expected STD_ULOGIC literal.
Time: 176 ns  Iteration: 1  Process: /TB_FILTRO_ESPONENZIALE/LEGGI_E_VERIFICA_Y  File: C:/Users/utente/Desktop/Progetto_Vivado/RL_ExponentialFilter/ExponentialFilter/ProgettoRetiLogiche.srcs/sim_1/new/TB_FILTRO_ESPONENZIALE.vhd
Error: STD_LOGIC_1164.READ(STD_ULOGIC_VECTOR) Error: Character '.' read, expected STD_ULOGIC literal.
Time: 180 ns  Iteration: 1  Process: /TB_FILTRO_ESPONENZIALE/LEGGI_E_VERIFICA_Y  File: C:/Users/utente/Desktop/Progetto_Vivado/RL_ExponentialFilter/ExponentialFilter/ProgettoRetiLogiche.srcs/sim_1/new/TB_FILTRO_ESPONENZIALE.vhd
Error: STD_LOGIC_1164.READ(STD_ULOGIC_VECTOR) Error: Character '.' read, expected STD_ULOGIC literal.
Time: 184 ns  Iteration: 1  Process: /TB_FILTRO_ESPONENZIALE/LEGGI_E_VERIFICA_Y  File: C:/Users/utente/Desktop/Progetto_Vivado/RL_ExponentialFilter/ExponentialFilter/ProgettoRetiLogiche.srcs/sim_1/new/TB_FILTRO_ESPONENZIALE.vhd
Error: STD_LOGIC_1164.READ(STD_ULOGIC_VECTOR) Error: Character '.' read, expected STD_ULOGIC literal.
Time: 188 ns  Iteration: 1  Process: /TB_FILTRO_ESPONENZIALE/LEGGI_E_VERIFICA_Y  File: C:/Users/utente/Desktop/Progetto_Vivado/RL_ExponentialFilter/ExponentialFilter/ProgettoRetiLogiche.srcs/sim_1/new/TB_FILTRO_ESPONENZIALE.vhd
Error: STD_LOGIC_1164.READ(STD_ULOGIC_VECTOR) Error: Character '.' read, expected STD_ULOGIC literal.
Time: 192 ns  Iteration: 1  Process: /TB_FILTRO_ESPONENZIALE/LEGGI_E_VERIFICA_Y  File: C:/Users/utente/Desktop/Progetto_Vivado/RL_ExponentialFilter/ExponentialFilter/ProgettoRetiLogiche.srcs/sim_1/new/TB_FILTRO_ESPONENZIALE.vhd
Error: STD_LOGIC_1164.READ(STD_ULOGIC_VECTOR) Error: Character '.' read, expected STD_ULOGIC literal.
Time: 196 ns  Iteration: 1  Process: /TB_FILTRO_ESPONENZIALE/LEGGI_E_VERIFICA_Y  File: C:/Users/utente/Desktop/Progetto_Vivado/RL_ExponentialFilter/ExponentialFilter/ProgettoRetiLogiche.srcs/sim_1/new/TB_FILTRO_ESPONENZIALE.vhd
Error: STD_LOGIC_1164.READ(STD_ULOGIC_VECTOR) Error: Character '.' read, expected STD_ULOGIC literal.
Time: 200 ns  Iteration: 1  Process: /TB_FILTRO_ESPONENZIALE/LEGGI_E_VERIFICA_Y  File: C:/Users/utente/Desktop/Progetto_Vivado/RL_ExponentialFilter/ExponentialFilter/ProgettoRetiLogiche.srcs/sim_1/new/TB_FILTRO_ESPONENZIALE.vhd
Error: STD_LOGIC_1164.READ(STD_ULOGIC_VECTOR) Error: Character '.' read, expected STD_ULOGIC literal.
Time: 204 ns  Iteration: 1  Process: /TB_FILTRO_ESPONENZIALE/LEGGI_E_VERIFICA_Y  File: C:/Users/utente/Desktop/Progetto_Vivado/RL_ExponentialFilter/ExponentialFilter/ProgettoRetiLogiche.srcs/sim_1/new/TB_FILTRO_ESPONENZIALE.vhd
Error: STD_LOGIC_1164.READ(STD_ULOGIC_VECTOR) Error: Character '.' read, expected STD_ULOGIC literal.
Time: 208 ns  Iteration: 1  Process: /TB_FILTRO_ESPONENZIALE/LEGGI_E_VERIFICA_Y  File: C:/Users/utente/Desktop/Progetto_Vivado/RL_ExponentialFilter/ExponentialFilter/ProgettoRetiLogiche.srcs/sim_1/new/TB_FILTRO_ESPONENZIALE.vhd
Error: STD_LOGIC_1164.READ(STD_ULOGIC_VECTOR) Error: Character '.' read, expected STD_ULOGIC literal.
Time: 212 ns  Iteration: 1  Process: /TB_FILTRO_ESPONENZIALE/LEGGI_E_VERIFICA_Y  File: C:/Users/utente/Desktop/Progetto_Vivado/RL_ExponentialFilter/ExponentialFilter/ProgettoRetiLogiche.srcs/sim_1/new/TB_FILTRO_ESPONENZIALE.vhd
Error: STD_LOGIC_1164.READ(STD_ULOGIC_VECTOR) Error: Character '.' read, expected STD_ULOGIC literal.
Time: 216 ns  Iteration: 1  Process: /TB_FILTRO_ESPONENZIALE/LEGGI_E_VERIFICA_Y  File: C:/Users/utente/Desktop/Progetto_Vivado/RL_ExponentialFilter/ExponentialFilter/ProgettoRetiLogiche.srcs/sim_1/new/TB_FILTRO_ESPONENZIALE.vhd
Error: STD_LOGIC_1164.READ(STD_ULOGIC_VECTOR) Error: Character '.' read, expected STD_ULOGIC literal.
Time: 220 ns  Iteration: 1  Process: /TB_FILTRO_ESPONENZIALE/LEGGI_E_VERIFICA_Y  File: C:/Users/utente/Desktop/Progetto_Vivado/RL_ExponentialFilter/ExponentialFilter/ProgettoRetiLogiche.srcs/sim_1/new/TB_FILTRO_ESPONENZIALE.vhd
Error: STD_LOGIC_1164.READ(STD_ULOGIC_VECTOR) Error: Character '.' read, expected STD_ULOGIC literal.
Time: 224 ns  Iteration: 1  Process: /TB_FILTRO_ESPONENZIALE/LEGGI_E_VERIFICA_Y  File: C:/Users/utente/Desktop/Progetto_Vivado/RL_ExponentialFilter/ExponentialFilter/ProgettoRetiLogiche.srcs/sim_1/new/TB_FILTRO_ESPONENZIALE.vhd
Error: STD_LOGIC_1164.READ(STD_ULOGIC_VECTOR) Error: Character '.' read, expected STD_ULOGIC literal.
Time: 228 ns  Iteration: 1  Process: /TB_FILTRO_ESPONENZIALE/LEGGI_E_VERIFICA_Y  File: C:/Users/utente/Desktop/Progetto_Vivado/RL_ExponentialFilter/ExponentialFilter/ProgettoRetiLogiche.srcs/sim_1/new/TB_FILTRO_ESPONENZIALE.vhd
Error: STD_LOGIC_1164.READ(STD_ULOGIC_VECTOR) Error: Character '.' read, expected STD_ULOGIC literal.
Time: 232 ns  Iteration: 1  Process: /TB_FILTRO_ESPONENZIALE/LEGGI_E_VERIFICA_Y  File: C:/Users/utente/Desktop/Progetto_Vivado/RL_ExponentialFilter/ExponentialFilter/ProgettoRetiLogiche.srcs/sim_1/new/TB_FILTRO_ESPONENZIALE.vhd
Error: STD_LOGIC_1164.READ(STD_ULOGIC_VECTOR) Error: Character '.' read, expected STD_ULOGIC literal.
Time: 236 ns  Iteration: 1  Process: /TB_FILTRO_ESPONENZIALE/LEGGI_E_VERIFICA_Y  File: C:/Users/utente/Desktop/Progetto_Vivado/RL_ExponentialFilter/ExponentialFilter/ProgettoRetiLogiche.srcs/sim_1/new/TB_FILTRO_ESPONENZIALE.vhd
Error: STD_LOGIC_1164.READ(STD_ULOGIC_VECTOR) Error: Character '.' read, expected STD_ULOGIC literal.
Time: 240 ns  Iteration: 1  Process: /TB_FILTRO_ESPONENZIALE/LEGGI_E_VERIFICA_Y  File: C:/Users/utente/Desktop/Progetto_Vivado/RL_ExponentialFilter/ExponentialFilter/ProgettoRetiLogiche.srcs/sim_1/new/TB_FILTRO_ESPONENZIALE.vhd
Error: STD_LOGIC_1164.READ(STD_ULOGIC_VECTOR) Error: Character '.' read, expected STD_ULOGIC literal.
Time: 244 ns  Iteration: 1  Process: /TB_FILTRO_ESPONENZIALE/LEGGI_E_VERIFICA_Y  File: C:/Users/utente/Desktop/Progetto_Vivado/RL_ExponentialFilter/ExponentialFilter/ProgettoRetiLogiche.srcs/sim_1/new/TB_FILTRO_ESPONENZIALE.vhd
Error: STD_LOGIC_1164.READ(STD_ULOGIC_VECTOR) Error: Character '.' read, expected STD_ULOGIC literal.
Time: 248 ns  Iteration: 1  Process: /TB_FILTRO_ESPONENZIALE/LEGGI_E_VERIFICA_Y  File: C:/Users/utente/Desktop/Progetto_Vivado/RL_ExponentialFilter/ExponentialFilter/ProgettoRetiLogiche.srcs/sim_1/new/TB_FILTRO_ESPONENZIALE.vhd
Error: STD_LOGIC_1164.READ(STD_ULOGIC_VECTOR) Error: Character '.' read, expected STD_ULOGIC literal.
Time: 252 ns  Iteration: 1  Process: /TB_FILTRO_ESPONENZIALE/LEGGI_E_VERIFICA_Y  File: C:/Users/utente/Desktop/Progetto_Vivado/RL_ExponentialFilter/ExponentialFilter/ProgettoRetiLogiche.srcs/sim_1/new/TB_FILTRO_ESPONENZIALE.vhd
Error: STD_LOGIC_1164.READ(STD_ULOGIC_VECTOR) Error: Character '.' read, expected STD_ULOGIC literal.
Time: 256 ns  Iteration: 1  Process: /TB_FILTRO_ESPONENZIALE/LEGGI_E_VERIFICA_Y  File: C:/Users/utente/Desktop/Progetto_Vivado/RL_ExponentialFilter/ExponentialFilter/ProgettoRetiLogiche.srcs/sim_1/new/TB_FILTRO_ESPONENZIALE.vhd
Error: STD_LOGIC_1164.READ(STD_ULOGIC_VECTOR) Error: Character '.' read, expected STD_ULOGIC literal.
Time: 260 ns  Iteration: 1  Process: /TB_FILTRO_ESPONENZIALE/LEGGI_E_VERIFICA_Y  File: C:/Users/utente/Desktop/Progetto_Vivado/RL_ExponentialFilter/ExponentialFilter/ProgettoRetiLogiche.srcs/sim_1/new/TB_FILTRO_ESPONENZIALE.vhd
Error: STD_LOGIC_1164.READ(STD_ULOGIC_VECTOR) Error: Character '.' read, expected STD_ULOGIC literal.
Time: 264 ns  Iteration: 1  Process: /TB_FILTRO_ESPONENZIALE/LEGGI_E_VERIFICA_Y  File: C:/Users/utente/Desktop/Progetto_Vivado/RL_ExponentialFilter/ExponentialFilter/ProgettoRetiLogiche.srcs/sim_1/new/TB_FILTRO_ESPONENZIALE.vhd
Error: STD_LOGIC_1164.READ(STD_ULOGIC_VECTOR) Error: Character '.' read, expected STD_ULOGIC literal.
Time: 268 ns  Iteration: 1  Process: /TB_FILTRO_ESPONENZIALE/LEGGI_E_VERIFICA_Y  File: C:/Users/utente/Desktop/Progetto_Vivado/RL_ExponentialFilter/ExponentialFilter/ProgettoRetiLogiche.srcs/sim_1/new/TB_FILTRO_ESPONENZIALE.vhd
Error: STD_LOGIC_1164.READ(STD_ULOGIC_VECTOR) Error: Character '.' read, expected STD_ULOGIC literal.
Time: 272 ns  Iteration: 1  Process: /TB_FILTRO_ESPONENZIALE/LEGGI_E_VERIFICA_Y  File: C:/Users/utente/Desktop/Progetto_Vivado/RL_ExponentialFilter/ExponentialFilter/ProgettoRetiLogiche.srcs/sim_1/new/TB_FILTRO_ESPONENZIALE.vhd
Error: STD_LOGIC_1164.READ(STD_ULOGIC_VECTOR) Error: Character '.' read, expected STD_ULOGIC literal.
Time: 276 ns  Iteration: 1  Process: /TB_FILTRO_ESPONENZIALE/LEGGI_E_VERIFICA_Y  File: C:/Users/utente/Desktop/Progetto_Vivado/RL_ExponentialFilter/ExponentialFilter/ProgettoRetiLogiche.srcs/sim_1/new/TB_FILTRO_ESPONENZIALE.vhd
Error: STD_LOGIC_1164.READ(STD_ULOGIC_VECTOR) Error: Character '.' read, expected STD_ULOGIC literal.
Time: 280 ns  Iteration: 1  Process: /TB_FILTRO_ESPONENZIALE/LEGGI_E_VERIFICA_Y  File: C:/Users/utente/Desktop/Progetto_Vivado/RL_ExponentialFilter/ExponentialFilter/ProgettoRetiLogiche.srcs/sim_1/new/TB_FILTRO_ESPONENZIALE.vhd
Error: STD_LOGIC_1164.READ(STD_ULOGIC_VECTOR) Error: Character '.' read, expected STD_ULOGIC literal.
Time: 284 ns  Iteration: 1  Process: /TB_FILTRO_ESPONENZIALE/LEGGI_E_VERIFICA_Y  File: C:/Users/utente/Desktop/Progetto_Vivado/RL_ExponentialFilter/ExponentialFilter/ProgettoRetiLogiche.srcs/sim_1/new/TB_FILTRO_ESPONENZIALE.vhd
Error: STD_LOGIC_1164.READ(STD_ULOGIC_VECTOR) Error: Character '.' read, expected STD_ULOGIC literal.
Time: 288 ns  Iteration: 1  Process: /TB_FILTRO_ESPONENZIALE/LEGGI_E_VERIFICA_Y  File: C:/Users/utente/Desktop/Progetto_Vivado/RL_ExponentialFilter/ExponentialFilter/ProgettoRetiLogiche.srcs/sim_1/new/TB_FILTRO_ESPONENZIALE.vhd
Error: STD_LOGIC_1164.READ(STD_ULOGIC_VECTOR) Error: Character '.' read, expected STD_ULOGIC literal.
Time: 292 ns  Iteration: 1  Process: /TB_FILTRO_ESPONENZIALE/LEGGI_E_VERIFICA_Y  File: C:/Users/utente/Desktop/Progetto_Vivado/RL_ExponentialFilter/ExponentialFilter/ProgettoRetiLogiche.srcs/sim_1/new/TB_FILTRO_ESPONENZIALE.vhd
Error: STD_LOGIC_1164.READ(STD_ULOGIC_VECTOR) Error: Character '.' read, expected STD_ULOGIC literal.
Time: 296 ns  Iteration: 1  Process: /TB_FILTRO_ESPONENZIALE/LEGGI_E_VERIFICA_Y  File: C:/Users/utente/Desktop/Progetto_Vivado/RL_ExponentialFilter/ExponentialFilter/ProgettoRetiLogiche.srcs/sim_1/new/TB_FILTRO_ESPONENZIALE.vhd
Error: STD_LOGIC_1164.READ(STD_ULOGIC_VECTOR) Error: Character '.' read, expected STD_ULOGIC literal.
Time: 300 ns  Iteration: 1  Process: /TB_FILTRO_ESPONENZIALE/LEGGI_E_VERIFICA_Y  File: C:/Users/utente/Desktop/Progetto_Vivado/RL_ExponentialFilter/ExponentialFilter/ProgettoRetiLogiche.srcs/sim_1/new/TB_FILTRO_ESPONENZIALE.vhd
Error: STD_LOGIC_1164.READ(STD_ULOGIC_VECTOR) Error: Character '.' read, expected STD_ULOGIC literal.
Time: 304 ns  Iteration: 1  Process: /TB_FILTRO_ESPONENZIALE/LEGGI_E_VERIFICA_Y  File: C:/Users/utente/Desktop/Progetto_Vivado/RL_ExponentialFilter/ExponentialFilter/ProgettoRetiLogiche.srcs/sim_1/new/TB_FILTRO_ESPONENZIALE.vhd
Error: STD_LOGIC_1164.READ(STD_ULOGIC_VECTOR) Error: Character '.' read, expected STD_ULOGIC literal.
Time: 308 ns  Iteration: 1  Process: /TB_FILTRO_ESPONENZIALE/LEGGI_E_VERIFICA_Y  File: C:/Users/utente/Desktop/Progetto_Vivado/RL_ExponentialFilter/ExponentialFilter/ProgettoRetiLogiche.srcs/sim_1/new/TB_FILTRO_ESPONENZIALE.vhd
Error: STD_LOGIC_1164.READ(STD_ULOGIC_VECTOR) Error: Character '.' read, expected STD_ULOGIC literal.
Time: 312 ns  Iteration: 1  Process: /TB_FILTRO_ESPONENZIALE/LEGGI_E_VERIFICA_Y  File: C:/Users/utente/Desktop/Progetto_Vivado/RL_ExponentialFilter/ExponentialFilter/ProgettoRetiLogiche.srcs/sim_1/new/TB_FILTRO_ESPONENZIALE.vhd
Error: STD_LOGIC_1164.READ(STD_ULOGIC_VECTOR) Error: Character '.' read, expected STD_ULOGIC literal.
Time: 316 ns  Iteration: 1  Process: /TB_FILTRO_ESPONENZIALE/LEGGI_E_VERIFICA_Y  File: C:/Users/utente/Desktop/Progetto_Vivado/RL_ExponentialFilter/ExponentialFilter/ProgettoRetiLogiche.srcs/sim_1/new/TB_FILTRO_ESPONENZIALE.vhd
Error: STD_LOGIC_1164.READ(STD_ULOGIC_VECTOR) Error: Character '.' read, expected STD_ULOGIC literal.
Time: 320 ns  Iteration: 1  Process: /TB_FILTRO_ESPONENZIALE/LEGGI_E_VERIFICA_Y  File: C:/Users/utente/Desktop/Progetto_Vivado/RL_ExponentialFilter/ExponentialFilter/ProgettoRetiLogiche.srcs/sim_1/new/TB_FILTRO_ESPONENZIALE.vhd
Error: STD_LOGIC_1164.READ(STD_ULOGIC_VECTOR) Error: Character '.' read, expected STD_ULOGIC literal.
Time: 324 ns  Iteration: 1  Process: /TB_FILTRO_ESPONENZIALE/LEGGI_E_VERIFICA_Y  File: C:/Users/utente/Desktop/Progetto_Vivado/RL_ExponentialFilter/ExponentialFilter/ProgettoRetiLogiche.srcs/sim_1/new/TB_FILTRO_ESPONENZIALE.vhd
Error: STD_LOGIC_1164.READ(STD_ULOGIC_VECTOR) Error: Character '.' read, expected STD_ULOGIC literal.
Time: 328 ns  Iteration: 1  Process: /TB_FILTRO_ESPONENZIALE/LEGGI_E_VERIFICA_Y  File: C:/Users/utente/Desktop/Progetto_Vivado/RL_ExponentialFilter/ExponentialFilter/ProgettoRetiLogiche.srcs/sim_1/new/TB_FILTRO_ESPONENZIALE.vhd
Error: STD_LOGIC_1164.READ(STD_ULOGIC_VECTOR) Error: Character '.' read, expected STD_ULOGIC literal.
Time: 332 ns  Iteration: 1  Process: /TB_FILTRO_ESPONENZIALE/LEGGI_E_VERIFICA_Y  File: C:/Users/utente/Desktop/Progetto_Vivado/RL_ExponentialFilter/ExponentialFilter/ProgettoRetiLogiche.srcs/sim_1/new/TB_FILTRO_ESPONENZIALE.vhd
Error: STD_LOGIC_1164.READ(STD_ULOGIC_VECTOR) Error: Character '.' read, expected STD_ULOGIC literal.
Time: 336 ns  Iteration: 1  Process: /TB_FILTRO_ESPONENZIALE/LEGGI_E_VERIFICA_Y  File: C:/Users/utente/Desktop/Progetto_Vivado/RL_ExponentialFilter/ExponentialFilter/ProgettoRetiLogiche.srcs/sim_1/new/TB_FILTRO_ESPONENZIALE.vhd
Error: STD_LOGIC_1164.READ(STD_ULOGIC_VECTOR) Error: Character '.' read, expected STD_ULOGIC literal.
Time: 340 ns  Iteration: 1  Process: /TB_FILTRO_ESPONENZIALE/LEGGI_E_VERIFICA_Y  File: C:/Users/utente/Desktop/Progetto_Vivado/RL_ExponentialFilter/ExponentialFilter/ProgettoRetiLogiche.srcs/sim_1/new/TB_FILTRO_ESPONENZIALE.vhd
Error: STD_LOGIC_1164.READ(STD_ULOGIC_VECTOR) Error: Character '.' read, expected STD_ULOGIC literal.
Time: 344 ns  Iteration: 1  Process: /TB_FILTRO_ESPONENZIALE/LEGGI_E_VERIFICA_Y  File: C:/Users/utente/Desktop/Progetto_Vivado/RL_ExponentialFilter/ExponentialFilter/ProgettoRetiLogiche.srcs/sim_1/new/TB_FILTRO_ESPONENZIALE.vhd
Error: STD_LOGIC_1164.READ(STD_ULOGIC_VECTOR) Error: Character '.' read, expected STD_ULOGIC literal.
Time: 348 ns  Iteration: 1  Process: /TB_FILTRO_ESPONENZIALE/LEGGI_E_VERIFICA_Y  File: C:/Users/utente/Desktop/Progetto_Vivado/RL_ExponentialFilter/ExponentialFilter/ProgettoRetiLogiche.srcs/sim_1/new/TB_FILTRO_ESPONENZIALE.vhd
Error: STD_LOGIC_1164.READ(STD_ULOGIC_VECTOR) Error: Character '.' read, expected STD_ULOGIC literal.
Time: 352 ns  Iteration: 1  Process: /TB_FILTRO_ESPONENZIALE/LEGGI_E_VERIFICA_Y  File: C:/Users/utente/Desktop/Progetto_Vivado/RL_ExponentialFilter/ExponentialFilter/ProgettoRetiLogiche.srcs/sim_1/new/TB_FILTRO_ESPONENZIALE.vhd
Error: STD_LOGIC_1164.READ(STD_ULOGIC_VECTOR) Error: Character '.' read, expected STD_ULOGIC literal.
Time: 356 ns  Iteration: 1  Process: /TB_FILTRO_ESPONENZIALE/LEGGI_E_VERIFICA_Y  File: C:/Users/utente/Desktop/Progetto_Vivado/RL_ExponentialFilter/ExponentialFilter/ProgettoRetiLogiche.srcs/sim_1/new/TB_FILTRO_ESPONENZIALE.vhd
Error: STD_LOGIC_1164.READ(STD_ULOGIC_VECTOR) Error: Character '.' read, expected STD_ULOGIC literal.
Time: 360 ns  Iteration: 1  Process: /TB_FILTRO_ESPONENZIALE/LEGGI_E_VERIFICA_Y  File: C:/Users/utente/Desktop/Progetto_Vivado/RL_ExponentialFilter/ExponentialFilter/ProgettoRetiLogiche.srcs/sim_1/new/TB_FILTRO_ESPONENZIALE.vhd
Error: STD_LOGIC_1164.READ(STD_ULOGIC_VECTOR) Error: Character '.' read, expected STD_ULOGIC literal.
Time: 364 ns  Iteration: 1  Process: /TB_FILTRO_ESPONENZIALE/LEGGI_E_VERIFICA_Y  File: C:/Users/utente/Desktop/Progetto_Vivado/RL_ExponentialFilter/ExponentialFilter/ProgettoRetiLogiche.srcs/sim_1/new/TB_FILTRO_ESPONENZIALE.vhd
Error: STD_LOGIC_1164.READ(STD_ULOGIC_VECTOR) Error: Character '.' read, expected STD_ULOGIC literal.
Time: 368 ns  Iteration: 1  Process: /TB_FILTRO_ESPONENZIALE/LEGGI_E_VERIFICA_Y  File: C:/Users/utente/Desktop/Progetto_Vivado/RL_ExponentialFilter/ExponentialFilter/ProgettoRetiLogiche.srcs/sim_1/new/TB_FILTRO_ESPONENZIALE.vhd
Error: STD_LOGIC_1164.READ(STD_ULOGIC_VECTOR) Error: Character '.' read, expected STD_ULOGIC literal.
Time: 372 ns  Iteration: 1  Process: /TB_FILTRO_ESPONENZIALE/LEGGI_E_VERIFICA_Y  File: C:/Users/utente/Desktop/Progetto_Vivado/RL_ExponentialFilter/ExponentialFilter/ProgettoRetiLogiche.srcs/sim_1/new/TB_FILTRO_ESPONENZIALE.vhd
Error: STD_LOGIC_1164.READ(STD_ULOGIC_VECTOR) Error: Character '.' read, expected STD_ULOGIC literal.
Time: 376 ns  Iteration: 1  Process: /TB_FILTRO_ESPONENZIALE/LEGGI_E_VERIFICA_Y  File: C:/Users/utente/Desktop/Progetto_Vivado/RL_ExponentialFilter/ExponentialFilter/ProgettoRetiLogiche.srcs/sim_1/new/TB_FILTRO_ESPONENZIALE.vhd
Error: STD_LOGIC_1164.READ(STD_ULOGIC_VECTOR) Error: Character '.' read, expected STD_ULOGIC literal.
Time: 380 ns  Iteration: 1  Process: /TB_FILTRO_ESPONENZIALE/LEGGI_E_VERIFICA_Y  File: C:/Users/utente/Desktop/Progetto_Vivado/RL_ExponentialFilter/ExponentialFilter/ProgettoRetiLogiche.srcs/sim_1/new/TB_FILTRO_ESPONENZIALE.vhd
Error: STD_LOGIC_1164.READ(STD_ULOGIC_VECTOR) Error: Character '.' read, expected STD_ULOGIC literal.
Time: 384 ns  Iteration: 1  Process: /TB_FILTRO_ESPONENZIALE/LEGGI_E_VERIFICA_Y  File: C:/Users/utente/Desktop/Progetto_Vivado/RL_ExponentialFilter/ExponentialFilter/ProgettoRetiLogiche.srcs/sim_1/new/TB_FILTRO_ESPONENZIALE.vhd
Error: STD_LOGIC_1164.READ(STD_ULOGIC_VECTOR) Error: Character '.' read, expected STD_ULOGIC literal.
Time: 388 ns  Iteration: 1  Process: /TB_FILTRO_ESPONENZIALE/LEGGI_E_VERIFICA_Y  File: C:/Users/utente/Desktop/Progetto_Vivado/RL_ExponentialFilter/ExponentialFilter/ProgettoRetiLogiche.srcs/sim_1/new/TB_FILTRO_ESPONENZIALE.vhd
Error: STD_LOGIC_1164.READ(STD_ULOGIC_VECTOR) Error: Character '.' read, expected STD_ULOGIC literal.
Time: 392 ns  Iteration: 1  Process: /TB_FILTRO_ESPONENZIALE/LEGGI_E_VERIFICA_Y  File: C:/Users/utente/Desktop/Progetto_Vivado/RL_ExponentialFilter/ExponentialFilter/ProgettoRetiLogiche.srcs/sim_1/new/TB_FILTRO_ESPONENZIALE.vhd
Error: STD_LOGIC_1164.READ(STD_ULOGIC_VECTOR) Error: Character '.' read, expected STD_ULOGIC literal.
Time: 396 ns  Iteration: 1  Process: /TB_FILTRO_ESPONENZIALE/LEGGI_E_VERIFICA_Y  File: C:/Users/utente/Desktop/Progetto_Vivado/RL_ExponentialFilter/ExponentialFilter/ProgettoRetiLogiche.srcs/sim_1/new/TB_FILTRO_ESPONENZIALE.vhd
Error: STD_LOGIC_1164.READ(STD_ULOGIC_VECTOR) Error: Character '.' read, expected STD_ULOGIC literal.
Time: 400 ns  Iteration: 1  Process: /TB_FILTRO_ESPONENZIALE/LEGGI_E_VERIFICA_Y  File: C:/Users/utente/Desktop/Progetto_Vivado/RL_ExponentialFilter/ExponentialFilter/ProgettoRetiLogiche.srcs/sim_1/new/TB_FILTRO_ESPONENZIALE.vhd
Error: STD_LOGIC_1164.READ(STD_ULOGIC_VECTOR) Error: Character '.' read, expected STD_ULOGIC literal.
Time: 404 ns  Iteration: 1  Process: /TB_FILTRO_ESPONENZIALE/LEGGI_E_VERIFICA_Y  File: C:/Users/utente/Desktop/Progetto_Vivado/RL_ExponentialFilter/ExponentialFilter/ProgettoRetiLogiche.srcs/sim_1/new/TB_FILTRO_ESPONENZIALE.vhd
INFO: [USF-XSim-96] XSim completed. Design snapshot 'TB_FILTRO_ESPONENZIALE_behav' loaded.
INFO: [USF-XSim-97] XSim simulation ran for 80000ns
launch_simulation: Time (s): cpu = 00:00:06 ; elapsed = 00:00:06 . Memory (MB): peak = 1318.742 ; gain = 0.000
close_sim
INFO: [Simtcl 6-16] Simulation closed
launch_simulation
Command: launch_simulation 
INFO: [Vivado 12-12493] Simulation top is 'TB_FILTRO_ESPONENZIALE'
WARNING: [Vivado 12-13340] Unable to auto find GCC executables from simulator install path! (path not set)
INFO: [Vivado 12-5682] Launching behavioral simulation in 'C:/Users/utente/Desktop/Progetto_Vivado/RL_ExponentialFilter/ExponentialFilter/ProgettoRetiLogiche.sim/sim_1/behav/xsim'
INFO: [SIM-utils-51] Simulation object is 'sim_1'
INFO: [SIM-utils-72] Using boost library from 'C:/Users/utente/Vivado/2024.2/tps/boost_1_72_0'
INFO: [SIM-utils-54] Inspecting design source files for 'TB_FILTRO_ESPONENZIALE' in fileset 'sim_1'...
INFO: [USF-XSim-97] Finding global include files...
INFO: [USF-XSim-98] Fetching design files from 'sim_1'...
INFO: [USF-XSim-2] XSim::Compile design
INFO: [USF-XSim-61] Executing 'COMPILE and ANALYZE' step in 'C:/Users/utente/Desktop/Progetto_Vivado/RL_ExponentialFilter/ExponentialFilter/ProgettoRetiLogiche.sim/sim_1/behav/xsim'
"xvhdl --incr --relax -prj TB_FILTRO_ESPONENZIALE_vhdl.prj"
INFO: [VRFC 10-163] Analyzing VHDL file "C:/Users/utente/Desktop/Progetto_Vivado/RL_ExponentialFilter/ExponentialFilter/ProgettoRetiLogiche.srcs/sim_1/new/TB_FILTRO_ESPONENZIALE.vhd" into library xil_defaultlib
INFO: [VRFC 10-3107] analyzing entity 'TB_FILTRO_ESPONENZIALE'
INFO: [USF-XSim-69] 'compile' step finished in '2' seconds
INFO: [USF-XSim-3] XSim::Elaborate design
INFO: [USF-XSim-61] Executing 'ELABORATE' step in 'C:/Users/utente/Desktop/Progetto_Vivado/RL_ExponentialFilter/ExponentialFilter/ProgettoRetiLogiche.sim/sim_1/behav/xsim'
"xelab --incr --debug typical --relax --mt 2 -L xil_defaultlib -L secureip --snapshot TB_FILTRO_ESPONENZIALE_behav xil_defaultlib.TB_FILTRO_ESPONENZIALE -log elaborate.log"
Vivado Simulator v2024.2.0
Copyright 1986-2022 Xilinx, Inc. All Rights Reserved.
Copyright 2022-2024 Advanced Micro Devices, Inc. All Rights Reserved.
Running: C:/Users/utente/Vivado/2024.2/bin/unwrapped/win64.o/xelab.exe --incr --debug typical --relax --mt 2 -L xil_defaultlib -L secureip --snapshot TB_FILTRO_ESPONENZIALE_behav xil_defaultlib.TB_FILTRO_ESPONENZIALE -log elaborate.log 
Using 2 slave threads.
Starting static elaboration
Completed static elaboration
Starting simulation data flow analysis
Completed simulation data flow analysis
Time Resolution for simulation is 1ps
Compiling package std.standard
Compiling package std.textio
Compiling package ieee.std_logic_1164
Compiling package ieee.std_logic_textio
Compiling architecture rtl of entity xil_defaultlib.FF_D [ff_d_default]
Compiling architecture struct of entity xil_defaultlib.FF_D_N [ff_d_n_default]
Compiling architecture struct of entity xil_defaultlib.FF_D_N [\FF_D_N(n=3)\]
Compiling architecture rtl of entity xil_defaultlib.MUX_2_1 [mux_2_1_default]
Compiling architecture struct of entity xil_defaultlib.SRL1_32 [srl1_32_default]
Compiling architecture struct of entity xil_defaultlib.SRL2_32 [srl2_32_default]
Compiling architecture struct of entity xil_defaultlib.SRL4_32 [srl4_32_default]
Compiling architecture rtl of entity xil_defaultlib.BARREL_SHIFTER_32_4 [barrel_shifter_32_4_default]
Compiling architecture rtl of entity xil_defaultlib.FA [fa_default]
Compiling architecture rtl of entity xil_defaultlib.SIMPLE_SUM [simple_sum_default]
Compiling architecture struct of entity xil_defaultlib.CSA_32 [csa_32_default]
Compiling architecture struct of entity xil_defaultlib.FILTRO_ESPONENZIALE [filtro_esponenziale_default]
Compiling architecture beh of entity xil_defaultlib.tb_filtro_esponenziale
Built simulation snapshot TB_FILTRO_ESPONENZIALE_behav
INFO: [USF-XSim-69] 'elaborate' step finished in '2' seconds
INFO: [USF-XSim-4] XSim::Simulate design
INFO: [USF-XSim-61] Executing 'SIMULATE' step in 'C:/Users/utente/Desktop/Progetto_Vivado/RL_ExponentialFilter/ExponentialFilter/ProgettoRetiLogiche.sim/sim_1/behav/xsim'
INFO: [USF-XSim-98] *** Running xsim
   with args "TB_FILTRO_ESPONENZIALE_behav -key {Behavioral:sim_1:Functional:TB_FILTRO_ESPONENZIALE} -tclbatch {TB_FILTRO_ESPONENZIALE.tcl} -log {simulate.log}"
INFO: [USF-XSim-8] Loading simulator feature
Time resolution is 1 ps
source TB_FILTRO_ESPONENZIALE.tcl
# set curr_wave [current_wave_config]
# if { [string length $curr_wave] == 0 } {
#   if { [llength [get_objects]] > 0} {
#     add_wave /
#     set_property needs_save false [current_wave_config]
#   } else {
#      send_msg_id Add_Wave-1 WARNING "No top level signals found. Simulator will start without a wave window. If you want to open a wave window go to 'File->New Waveform Configuration' or type 'create_wave_config' in the TCL console."
#   }
# }
# run 80000ns
INFO: [USF-XSim-96] XSim completed. Design snapshot 'TB_FILTRO_ESPONENZIALE_behav' loaded.
INFO: [USF-XSim-97] XSim simulation ran for 80000ns
launch_simulation: Time (s): cpu = 00:00:03 ; elapsed = 00:00:06 . Memory (MB): peak = 2339.281 ; gain = 0.000
set_property file_type {VHDL 2008} [get_files  C:/Users/utente/Desktop/Progetto_Vivado/RL_ExponentialFilter/ExponentialFilter/ProgettoRetiLogiche.srcs/sim_1/new/TB_FILTRO_ESPONENZIALE.vhd]
close_sim
INFO: [Simtcl 6-16] Simulation closed
launch_simulation
Command: launch_simulation 
INFO: [Vivado 12-12493] Simulation top is 'TB_FILTRO_ESPONENZIALE'
WARNING: [Vivado 12-13340] Unable to auto find GCC executables from simulator install path! (path not set)
INFO: [Vivado 12-5682] Launching behavioral simulation in 'C:/Users/utente/Desktop/Progetto_Vivado/RL_ExponentialFilter/ExponentialFilter/ProgettoRetiLogiche.sim/sim_1/behav/xsim'
INFO: [SIM-utils-51] Simulation object is 'sim_1'
INFO: [SIM-utils-72] Using boost library from 'C:/Users/utente/Vivado/2024.2/tps/boost_1_72_0'
INFO: [SIM-utils-54] Inspecting design source files for 'TB_FILTRO_ESPONENZIALE' in fileset 'sim_1'...
INFO: [USF-XSim-97] Finding global include files...
INFO: [USF-XSim-98] Fetching design files from 'sim_1'...
INFO: [USF-XSim-2] XSim::Compile design
INFO: [USF-XSim-61] Executing 'COMPILE and ANALYZE' step in 'C:/Users/utente/Desktop/Progetto_Vivado/RL_ExponentialFilter/ExponentialFilter/ProgettoRetiLogiche.sim/sim_1/behav/xsim'
"xvhdl --incr --relax -prj TB_FILTRO_ESPONENZIALE_vhdl.prj"
INFO: [VRFC 10-163] Analyzing VHDL file "C:/Users/utente/Desktop/Progetto_Vivado/RL_ExponentialFilter/ExponentialFilter/ProgettoRetiLogiche.srcs/sim_1/new/TB_FILTRO_ESPONENZIALE.vhd" into library xil_defaultlib
INFO: [VRFC 10-3107] analyzing entity 'TB_FILTRO_ESPONENZIALE'
INFO: [USF-XSim-69] 'compile' step finished in '2' seconds
INFO: [USF-XSim-3] XSim::Elaborate design
INFO: [USF-XSim-61] Executing 'ELABORATE' step in 'C:/Users/utente/Desktop/Progetto_Vivado/RL_ExponentialFilter/ExponentialFilter/ProgettoRetiLogiche.sim/sim_1/behav/xsim'
"xelab --incr --debug typical --relax --mt 2 -L xil_defaultlib -L secureip --snapshot TB_FILTRO_ESPONENZIALE_behav xil_defaultlib.TB_FILTRO_ESPONENZIALE -log elaborate.log"
Vivado Simulator v2024.2.0
Copyright 1986-2022 Xilinx, Inc. All Rights Reserved.
Copyright 2022-2024 Advanced Micro Devices, Inc. All Rights Reserved.
Running: C:/Users/utente/Vivado/2024.2/bin/unwrapped/win64.o/xelab.exe --incr --debug typical --relax --mt 2 -L xil_defaultlib -L secureip --snapshot TB_FILTRO_ESPONENZIALE_behav xil_defaultlib.TB_FILTRO_ESPONENZIALE -log elaborate.log 
Using 2 slave threads.
Starting static elaboration
Completed static elaboration
Starting simulation data flow analysis
Completed simulation data flow analysis
Time Resolution for simulation is 1ps
Compiling package std.standard
Compiling package std.textio
Compiling package ieee.std_logic_1164
Compiling package ieee.numeric_std
Compiling package ieee.fixed_float_types
Compiling package ieee.float_pkg
Compiling package ieee.fixed_pkg
Compiling package ieee.math_real
Compiling architecture rtl of entity xil_defaultlib.FF_D [ff_d_default]
Compiling architecture struct of entity xil_defaultlib.FF_D_N [ff_d_n_default]
Compiling architecture struct of entity xil_defaultlib.FF_D_N [\FF_D_N(n=3)\]
Compiling architecture rtl of entity xil_defaultlib.MUX_2_1 [mux_2_1_default]
Compiling architecture struct of entity xil_defaultlib.SRL1_32 [srl1_32_default]
Compiling architecture struct of entity xil_defaultlib.SRL2_32 [srl2_32_default]
Compiling architecture struct of entity xil_defaultlib.SRL4_32 [srl4_32_default]
Compiling architecture rtl of entity xil_defaultlib.BARREL_SHIFTER_32_4 [barrel_shifter_32_4_default]
Compiling architecture rtl of entity xil_defaultlib.FA [fa_default]
Compiling architecture rtl of entity xil_defaultlib.SIMPLE_SUM [simple_sum_default]
Compiling architecture struct of entity xil_defaultlib.CSA_32 [csa_32_default]
Compiling architecture struct of entity xil_defaultlib.FILTRO_ESPONENZIALE [filtro_esponenziale_default]
Compiling architecture beh of entity xil_defaultlib.tb_filtro_esponenziale
Built simulation snapshot TB_FILTRO_ESPONENZIALE_behav
INFO: [USF-XSim-69] 'elaborate' step finished in '4' seconds
INFO: [USF-XSim-4] XSim::Simulate design
INFO: [USF-XSim-61] Executing 'SIMULATE' step in 'C:/Users/utente/Desktop/Progetto_Vivado/RL_ExponentialFilter/ExponentialFilter/ProgettoRetiLogiche.sim/sim_1/behav/xsim'
INFO: [USF-XSim-98] *** Running xsim
   with args "TB_FILTRO_ESPONENZIALE_behav -key {Behavioral:sim_1:Functional:TB_FILTRO_ESPONENZIALE} -tclbatch {TB_FILTRO_ESPONENZIALE.tcl} -log {simulate.log}"
INFO: [USF-XSim-8] Loading simulator feature
Time resolution is 1 ps
source TB_FILTRO_ESPONENZIALE.tcl
# set curr_wave [current_wave_config]
# if { [string length $curr_wave] == 0 } {
#   if { [llength [get_objects]] > 0} {
#     add_wave /
#     set_property needs_save false [current_wave_config]
#   } else {
#      send_msg_id Add_Wave-1 WARNING "No top level signals found. Simulator will start without a wave window. If you want to open a wave window go to 'File->New Waveform Configuration' or type 'create_wave_config' in the TCL console."
#   }
# }
# run 80000ns
Note: Lettura del file 'expectedOutputs.txt' completata.
Time: 404 ns  Iteration: 1  Process: /TB_FILTRO_ESPONENZIALE/LEGGI_E_VERIFICA_Y  File: C:/Users/utente/Desktop/Progetto_Vivado/RL_ExponentialFilter/ExponentialFilter/ProgettoRetiLogiche.srcs/sim_1/new/TB_FILTRO_ESPONENZIALE.vhd
INFO: [USF-XSim-96] XSim completed. Design snapshot 'TB_FILTRO_ESPONENZIALE_behav' loaded.
INFO: [USF-XSim-97] XSim simulation ran for 80000ns
launch_simulation: Time (s): cpu = 00:00:02 ; elapsed = 00:00:09 . Memory (MB): peak = 2339.281 ; gain = 0.000
close_sim
INFO: [Simtcl 6-16] Simulation closed
launch_simulation
Command: launch_simulation 
INFO: [Vivado 12-12493] Simulation top is 'TB_FILTRO_ESPONENZIALE'
WARNING: [Vivado 12-13340] Unable to auto find GCC executables from simulator install path! (path not set)
INFO: [Vivado 12-5682] Launching behavioral simulation in 'C:/Users/utente/Desktop/Progetto_Vivado/RL_ExponentialFilter/ExponentialFilter/ProgettoRetiLogiche.sim/sim_1/behav/xsim'
INFO: [SIM-utils-51] Simulation object is 'sim_1'
INFO: [SIM-utils-72] Using boost library from 'C:/Users/utente/Vivado/2024.2/tps/boost_1_72_0'
INFO: [SIM-utils-54] Inspecting design source files for 'TB_FILTRO_ESPONENZIALE' in fileset 'sim_1'...
INFO: [USF-XSim-97] Finding global include files...
INFO: [USF-XSim-98] Fetching design files from 'sim_1'...
INFO: [USF-XSim-2] XSim::Compile design
INFO: [USF-XSim-61] Executing 'COMPILE and ANALYZE' step in 'C:/Users/utente/Desktop/Progetto_Vivado/RL_ExponentialFilter/ExponentialFilter/ProgettoRetiLogiche.sim/sim_1/behav/xsim'
"xvhdl --incr --relax -prj TB_FILTRO_ESPONENZIALE_vhdl.prj"
INFO: [VRFC 10-163] Analyzing VHDL file "C:/Users/utente/Desktop/Progetto_Vivado/RL_ExponentialFilter/ExponentialFilter/ProgettoRetiLogiche.srcs/sim_1/new/TB_FILTRO_ESPONENZIALE.vhd" into library xil_defaultlib
INFO: [VRFC 10-3107] analyzing entity 'TB_FILTRO_ESPONENZIALE'
INFO: [USF-XSim-69] 'compile' step finished in '2' seconds
INFO: [USF-XSim-3] XSim::Elaborate design
INFO: [USF-XSim-61] Executing 'ELABORATE' step in 'C:/Users/utente/Desktop/Progetto_Vivado/RL_ExponentialFilter/ExponentialFilter/ProgettoRetiLogiche.sim/sim_1/behav/xsim'
"xelab --incr --debug typical --relax --mt 2 -L xil_defaultlib -L secureip --snapshot TB_FILTRO_ESPONENZIALE_behav xil_defaultlib.TB_FILTRO_ESPONENZIALE -log elaborate.log"
Vivado Simulator v2024.2.0
Copyright 1986-2022 Xilinx, Inc. All Rights Reserved.
Copyright 2022-2024 Advanced Micro Devices, Inc. All Rights Reserved.
Running: C:/Users/utente/Vivado/2024.2/bin/unwrapped/win64.o/xelab.exe --incr --debug typical --relax --mt 2 -L xil_defaultlib -L secureip --snapshot TB_FILTRO_ESPONENZIALE_behav xil_defaultlib.TB_FILTRO_ESPONENZIALE -log elaborate.log 
Using 2 slave threads.
Starting static elaboration
Completed static elaboration
Starting simulation data flow analysis
Completed simulation data flow analysis
Time Resolution for simulation is 1ps
Compiling package std.standard
Compiling package std.textio
Compiling package ieee.std_logic_1164
Compiling package ieee.numeric_std
Compiling package ieee.fixed_float_types
Compiling package ieee.float_pkg
Compiling package ieee.fixed_pkg
Compiling package ieee.math_real
Compiling architecture rtl of entity xil_defaultlib.FF_D [ff_d_default]
Compiling architecture struct of entity xil_defaultlib.FF_D_N [ff_d_n_default]
Compiling architecture struct of entity xil_defaultlib.FF_D_N [\FF_D_N(n=3)\]
Compiling architecture rtl of entity xil_defaultlib.MUX_2_1 [mux_2_1_default]
Compiling architecture struct of entity xil_defaultlib.SRL1_32 [srl1_32_default]
Compiling architecture struct of entity xil_defaultlib.SRL2_32 [srl2_32_default]
Compiling architecture struct of entity xil_defaultlib.SRL4_32 [srl4_32_default]
Compiling architecture rtl of entity xil_defaultlib.BARREL_SHIFTER_32_4 [barrel_shifter_32_4_default]
Compiling architecture rtl of entity xil_defaultlib.FA [fa_default]
Compiling architecture rtl of entity xil_defaultlib.SIMPLE_SUM [simple_sum_default]
Compiling architecture struct of entity xil_defaultlib.CSA_32 [csa_32_default]
Compiling architecture struct of entity xil_defaultlib.FILTRO_ESPONENZIALE [filtro_esponenziale_default]
Compiling architecture beh of entity xil_defaultlib.tb_filtro_esponenziale
Built simulation snapshot TB_FILTRO_ESPONENZIALE_behav
INFO: [USF-XSim-69] 'elaborate' step finished in '2' seconds
INFO: [USF-XSim-4] XSim::Simulate design
INFO: [USF-XSim-61] Executing 'SIMULATE' step in 'C:/Users/utente/Desktop/Progetto_Vivado/RL_ExponentialFilter/ExponentialFilter/ProgettoRetiLogiche.sim/sim_1/behav/xsim'
INFO: [USF-XSim-98] *** Running xsim
   with args "TB_FILTRO_ESPONENZIALE_behav -key {Behavioral:sim_1:Functional:TB_FILTRO_ESPONENZIALE} -tclbatch {TB_FILTRO_ESPONENZIALE.tcl} -log {simulate.log}"
INFO: [USF-XSim-8] Loading simulator feature
Time resolution is 1 ps
source TB_FILTRO_ESPONENZIALE.tcl
# set curr_wave [current_wave_config]
# if { [string length $curr_wave] == 0 } {
#   if { [llength [get_objects]] > 0} {
#     add_wave /
#     set_property needs_save false [current_wave_config]
#   } else {
#      send_msg_id Add_Wave-1 WARNING "No top level signals found. Simulator will start without a wave window. If you want to open a wave window go to 'File->New Waveform Configuration' or type 'create_wave_config' in the TCL console."
#   }
# }
# run 80000ns
Note: Lettura del file 'expectedOutputs.txt' completata.
Time: 402 ns  Iteration: 1  Process: /TB_FILTRO_ESPONENZIALE/LEGGI_E_VERIFICA_Y  File: C:/Users/utente/Desktop/Progetto_Vivado/RL_ExponentialFilter/ExponentialFilter/ProgettoRetiLogiche.srcs/sim_1/new/TB_FILTRO_ESPONENZIALE.vhd
INFO: [USF-XSim-96] XSim completed. Design snapshot 'TB_FILTRO_ESPONENZIALE_behav' loaded.
INFO: [USF-XSim-97] XSim simulation ran for 80000ns
launch_simulation: Time (s): cpu = 00:00:04 ; elapsed = 00:00:08 . Memory (MB): peak = 2339.281 ; gain = 0.000
close_sim
INFO: [Simtcl 6-16] Simulation closed
launch_simulation
Command: launch_simulation 
INFO: [Vivado 12-12493] Simulation top is 'TB_FILTRO_ESPONENZIALE'
WARNING: [Vivado 12-13340] Unable to auto find GCC executables from simulator install path! (path not set)
INFO: [Vivado 12-5682] Launching behavioral simulation in 'C:/Users/utente/Desktop/Progetto_Vivado/RL_ExponentialFilter/ExponentialFilter/ProgettoRetiLogiche.sim/sim_1/behav/xsim'
INFO: [SIM-utils-51] Simulation object is 'sim_1'
INFO: [SIM-utils-72] Using boost library from 'C:/Users/utente/Vivado/2024.2/tps/boost_1_72_0'
INFO: [SIM-utils-54] Inspecting design source files for 'TB_FILTRO_ESPONENZIALE' in fileset 'sim_1'...
INFO: [USF-XSim-97] Finding global include files...
INFO: [USF-XSim-98] Fetching design files from 'sim_1'...
INFO: [USF-XSim-2] XSim::Compile design
INFO: [USF-XSim-61] Executing 'COMPILE and ANALYZE' step in 'C:/Users/utente/Desktop/Progetto_Vivado/RL_ExponentialFilter/ExponentialFilter/ProgettoRetiLogiche.sim/sim_1/behav/xsim'
"xvhdl --incr --relax -prj TB_FILTRO_ESPONENZIALE_vhdl.prj"
INFO: [VRFC 10-163] Analyzing VHDL file "C:/Users/utente/Desktop/Progetto_Vivado/RL_ExponentialFilter/ExponentialFilter/ProgettoRetiLogiche.srcs/sim_1/new/TB_FILTRO_ESPONENZIALE.vhd" into library xil_defaultlib
INFO: [VRFC 10-3107] analyzing entity 'TB_FILTRO_ESPONENZIALE'
INFO: [USF-XSim-69] 'compile' step finished in '2' seconds
INFO: [USF-XSim-3] XSim::Elaborate design
INFO: [USF-XSim-61] Executing 'ELABORATE' step in 'C:/Users/utente/Desktop/Progetto_Vivado/RL_ExponentialFilter/ExponentialFilter/ProgettoRetiLogiche.sim/sim_1/behav/xsim'
"xelab --incr --debug typical --relax --mt 2 -L xil_defaultlib -L secureip --snapshot TB_FILTRO_ESPONENZIALE_behav xil_defaultlib.TB_FILTRO_ESPONENZIALE -log elaborate.log"
Vivado Simulator v2024.2.0
Copyright 1986-2022 Xilinx, Inc. All Rights Reserved.
Copyright 2022-2024 Advanced Micro Devices, Inc. All Rights Reserved.
Running: C:/Users/utente/Vivado/2024.2/bin/unwrapped/win64.o/xelab.exe --incr --debug typical --relax --mt 2 -L xil_defaultlib -L secureip --snapshot TB_FILTRO_ESPONENZIALE_behav xil_defaultlib.TB_FILTRO_ESPONENZIALE -log elaborate.log 
Using 2 slave threads.
Starting static elaboration
Completed static elaboration
Starting simulation data flow analysis
Completed simulation data flow analysis
Time Resolution for simulation is 1ps
Compiling package std.standard
Compiling package std.textio
Compiling package ieee.std_logic_1164
Compiling package ieee.numeric_std
Compiling package ieee.fixed_float_types
Compiling package ieee.float_pkg
Compiling package ieee.fixed_pkg
Compiling package ieee.math_real
Compiling architecture rtl of entity xil_defaultlib.FF_D [ff_d_default]
Compiling architecture struct of entity xil_defaultlib.FF_D_N [ff_d_n_default]
Compiling architecture struct of entity xil_defaultlib.FF_D_N [\FF_D_N(n=3)\]
Compiling architecture rtl of entity xil_defaultlib.MUX_2_1 [mux_2_1_default]
Compiling architecture struct of entity xil_defaultlib.SRL1_32 [srl1_32_default]
Compiling architecture struct of entity xil_defaultlib.SRL2_32 [srl2_32_default]
Compiling architecture struct of entity xil_defaultlib.SRL4_32 [srl4_32_default]
Compiling architecture rtl of entity xil_defaultlib.BARREL_SHIFTER_32_4 [barrel_shifter_32_4_default]
Compiling architecture rtl of entity xil_defaultlib.FA [fa_default]
Compiling architecture rtl of entity xil_defaultlib.SIMPLE_SUM [simple_sum_default]
Compiling architecture struct of entity xil_defaultlib.CSA_32 [csa_32_default]
Compiling architecture struct of entity xil_defaultlib.FILTRO_ESPONENZIALE [filtro_esponenziale_default]
Compiling architecture beh of entity xil_defaultlib.tb_filtro_esponenziale
Built simulation snapshot TB_FILTRO_ESPONENZIALE_behav
INFO: [USF-XSim-69] 'elaborate' step finished in '2' seconds
INFO: [USF-XSim-4] XSim::Simulate design
INFO: [USF-XSim-61] Executing 'SIMULATE' step in 'C:/Users/utente/Desktop/Progetto_Vivado/RL_ExponentialFilter/ExponentialFilter/ProgettoRetiLogiche.sim/sim_1/behav/xsim'
INFO: [USF-XSim-98] *** Running xsim
   with args "TB_FILTRO_ESPONENZIALE_behav -key {Behavioral:sim_1:Functional:TB_FILTRO_ESPONENZIALE} -tclbatch {TB_FILTRO_ESPONENZIALE.tcl} -log {simulate.log}"
INFO: [USF-XSim-8] Loading simulator feature
Time resolution is 1 ps
source TB_FILTRO_ESPONENZIALE.tcl
# set curr_wave [current_wave_config]
# if { [string length $curr_wave] == 0 } {
#   if { [llength [get_objects]] > 0} {
#     add_wave /
#     set_property needs_save false [current_wave_config]
#   } else {
#      send_msg_id Add_Wave-1 WARNING "No top level signals found. Simulator will start without a wave window. If you want to open a wave window go to 'File->New Waveform Configuration' or type 'create_wave_config' in the TCL console."
#   }
# }
# run 80000ns
INFO: [USF-XSim-96] XSim completed. Design snapshot 'TB_FILTRO_ESPONENZIALE_behav' loaded.
INFO: [USF-XSim-97] XSim simulation ran for 80000ns
launch_simulation: Time (s): cpu = 00:00:07 ; elapsed = 00:00:08 . Memory (MB): peak = 2339.281 ; gain = 0.000
close_sim
INFO: [Simtcl 6-16] Simulation closed
launch_simulation
Command: launch_simulation 
INFO: [Vivado 12-12493] Simulation top is 'TB_FILTRO_ESPONENZIALE'
WARNING: [Vivado 12-13340] Unable to auto find GCC executables from simulator install path! (path not set)
INFO: [Vivado 12-5682] Launching behavioral simulation in 'C:/Users/utente/Desktop/Progetto_Vivado/RL_ExponentialFilter/ExponentialFilter/ProgettoRetiLogiche.sim/sim_1/behav/xsim'
INFO: [SIM-utils-51] Simulation object is 'sim_1'
INFO: [SIM-utils-72] Using boost library from 'C:/Users/utente/Vivado/2024.2/tps/boost_1_72_0'
INFO: [SIM-utils-54] Inspecting design source files for 'TB_FILTRO_ESPONENZIALE' in fileset 'sim_1'...
INFO: [USF-XSim-97] Finding global include files...
INFO: [USF-XSim-98] Fetching design files from 'sim_1'...
INFO: [USF-XSim-2] XSim::Compile design
INFO: [USF-XSim-61] Executing 'COMPILE and ANALYZE' step in 'C:/Users/utente/Desktop/Progetto_Vivado/RL_ExponentialFilter/ExponentialFilter/ProgettoRetiLogiche.sim/sim_1/behav/xsim'
"xvhdl --incr --relax -prj TB_FILTRO_ESPONENZIALE_vhdl.prj"
INFO: [VRFC 10-163] Analyzing VHDL file "C:/Users/utente/Desktop/Progetto_Vivado/RL_ExponentialFilter/ExponentialFilter/ProgettoRetiLogiche.srcs/sim_1/new/TB_FILTRO_ESPONENZIALE.vhd" into library xil_defaultlib
INFO: [VRFC 10-3107] analyzing entity 'TB_FILTRO_ESPONENZIALE'
INFO: [USF-XSim-69] 'compile' step finished in '2' seconds
INFO: [USF-XSim-3] XSim::Elaborate design
INFO: [USF-XSim-61] Executing 'ELABORATE' step in 'C:/Users/utente/Desktop/Progetto_Vivado/RL_ExponentialFilter/ExponentialFilter/ProgettoRetiLogiche.sim/sim_1/behav/xsim'
"xelab --incr --debug typical --relax --mt 2 -L xil_defaultlib -L secureip --snapshot TB_FILTRO_ESPONENZIALE_behav xil_defaultlib.TB_FILTRO_ESPONENZIALE -log elaborate.log"
Vivado Simulator v2024.2.0
Copyright 1986-2022 Xilinx, Inc. All Rights Reserved.
Copyright 2022-2024 Advanced Micro Devices, Inc. All Rights Reserved.
Running: C:/Users/utente/Vivado/2024.2/bin/unwrapped/win64.o/xelab.exe --incr --debug typical --relax --mt 2 -L xil_defaultlib -L secureip --snapshot TB_FILTRO_ESPONENZIALE_behav xil_defaultlib.TB_FILTRO_ESPONENZIALE -log elaborate.log 
Using 2 slave threads.
Starting static elaboration
Completed static elaboration
Starting simulation data flow analysis
Completed simulation data flow analysis
Time Resolution for simulation is 1ps
Compiling package std.standard
Compiling package std.textio
Compiling package ieee.std_logic_1164
Compiling architecture rtl of entity xil_defaultlib.FF_D [ff_d_default]
Compiling architecture struct of entity xil_defaultlib.FF_D_N [ff_d_n_default]
Compiling architecture struct of entity xil_defaultlib.FF_D_N [\FF_D_N(n=3)\]
Compiling architecture rtl of entity xil_defaultlib.MUX_2_1 [mux_2_1_default]
Compiling architecture struct of entity xil_defaultlib.SRL1_32 [srl1_32_default]
Compiling architecture struct of entity xil_defaultlib.SRL2_32 [srl2_32_default]
Compiling architecture struct of entity xil_defaultlib.SRL4_32 [srl4_32_default]
Compiling architecture rtl of entity xil_defaultlib.BARREL_SHIFTER_32_4 [barrel_shifter_32_4_default]
Compiling architecture rtl of entity xil_defaultlib.FA [fa_default]
Compiling architecture rtl of entity xil_defaultlib.SIMPLE_SUM [simple_sum_default]
Compiling architecture struct of entity xil_defaultlib.CSA_32 [csa_32_default]
Compiling architecture struct of entity xil_defaultlib.FILTRO_ESPONENZIALE [filtro_esponenziale_default]
Compiling architecture beh of entity xil_defaultlib.tb_filtro_esponenziale
Built simulation snapshot TB_FILTRO_ESPONENZIALE_behav
INFO: [USF-XSim-69] 'elaborate' step finished in '3' seconds
INFO: [USF-XSim-4] XSim::Simulate design
INFO: [USF-XSim-61] Executing 'SIMULATE' step in 'C:/Users/utente/Desktop/Progetto_Vivado/RL_ExponentialFilter/ExponentialFilter/ProgettoRetiLogiche.sim/sim_1/behav/xsim'
INFO: [USF-XSim-98] *** Running xsim
   with args "TB_FILTRO_ESPONENZIALE_behav -key {Behavioral:sim_1:Functional:TB_FILTRO_ESPONENZIALE} -tclbatch {TB_FILTRO_ESPONENZIALE.tcl} -log {simulate.log}"
INFO: [USF-XSim-8] Loading simulator feature
Time resolution is 1 ps
source TB_FILTRO_ESPONENZIALE.tcl
# set curr_wave [current_wave_config]
# if { [string length $curr_wave] == 0 } {
#   if { [llength [get_objects]] > 0} {
#     add_wave /
#     set_property needs_save false [current_wave_config]
#   } else {
#      send_msg_id Add_Wave-1 WARNING "No top level signals found. Simulator will start without a wave window. If you want to open a wave window go to 'File->New Waveform Configuration' or type 'create_wave_config' in the TCL console."
#   }
# }
# run 80000ns
INFO: [USF-XSim-96] XSim completed. Design snapshot 'TB_FILTRO_ESPONENZIALE_behav' loaded.
INFO: [USF-XSim-97] XSim simulation ran for 80000ns
launch_simulation: Time (s): cpu = 00:00:06 ; elapsed = 00:00:08 . Memory (MB): peak = 2339.281 ; gain = 0.000
export_ip_user_files -of_objects  [get_files C:/Users/utente/Desktop/Progetto_Vivado/RL_ExponentialFilter/ExponentialFilter/ProgettoRetiLogiche.srcs/sim_1/new/TB_BARREL_SHIFTER_32_4.vhd] -no_script -reset -force -quiet
export_ip_user_files -of_objects  [get_files C:/Users/utente/Desktop/Progetto_Vivado/RL_ExponentialFilter/ExponentialFilter/ProgettoRetiLogiche.srcs/sim_1/new/TB_CSA_32.vhd] -no_script -reset -force -quiet
export_ip_user_files -of_objects  [get_files C:/Users/utente/Desktop/Progetto_Vivado/RL_ExponentialFilter/ExponentialFilter/ProgettoRetiLogiche.srcs/sim_1/new/TB_COMPARATOR.vhd] -no_script -reset -force -quiet
remove_files  -fileset sim_1 {C:/Users/utente/Desktop/Progetto_Vivado/RL_ExponentialFilter/ExponentialFilter/ProgettoRetiLogiche.srcs/sim_1/new/TB_BARREL_SHIFTER_32_4.vhd C:/Users/utente/Desktop/Progetto_Vivado/RL_ExponentialFilter/ExponentialFilter/ProgettoRetiLogiche.srcs/sim_1/new/TB_CSA_32.vhd C:/Users/utente/Desktop/Progetto_Vivado/RL_ExponentialFilter/ExponentialFilter/ProgettoRetiLogiche.srcs/sim_1/new/TB_COMPARATOR.vhd}
close_sim
INFO: [Simtcl 6-16] Simulation closed
WARNING: [filemgmt 56-199] Attempt to get parsing info during refresh. "On-the-fly" syntax checking information may be incorrect. [C:\Users\utente\Desktop\Progetto_Vivado\RL_ExponentialFilter\ExponentialFilter\ProgettoRetiLogiche.srcs\sim_1\new\TB_FILTRO_ESPONENZIALE.vhd:]
WARNING: [filemgmt 56-199] Attempt to get parsing info during refresh. "On-the-fly" syntax checking information may be incorrect. [C:\Users\utente\Desktop\Progetto_Vivado\RL_ExponentialFilter\ExponentialFilter\ProgettoRetiLogiche.srcs\sources_1\new\SRL1_32.vhd:]
WARNING: [filemgmt 56-199] Attempt to get parsing info during refresh. "On-the-fly" syntax checking information may be incorrect. [C:\Users\utente\Desktop\Progetto_Vivado\RL_ExponentialFilter\ExponentialFilter\ProgettoRetiLogiche.srcs\sources_1\new\FILTRO_ESPONENZIALE.vhd:]
WARNING: [filemgmt 56-199] Attempt to get parsing info during refresh. "On-the-fly" syntax checking information may be incorrect. [C:\Users\utente\Desktop\Progetto_Vivado\RL_ExponentialFilter\ExponentialFilter\ProgettoRetiLogiche.srcs\sources_1\new\BARREL_SHIFTER_32_4.vhd:]
WARNING: [filemgmt 56-199] Attempt to get parsing info during refresh. "On-the-fly" syntax checking information may be incorrect. [C:\Users\utente\Desktop\Progetto_Vivado\RL_ExponentialFilter\ExponentialFilter\ProgettoRetiLogiche.srcs\sources_1\new\BARREL_SHIFTER_32_4.vhd:]
WARNING: [filemgmt 56-199] Attempt to get parsing info during refresh. "On-the-fly" syntax checking information may be incorrect. [C:\Users\utente\Desktop\Progetto_Vivado\RL_ExponentialFilter\ExponentialFilter\ProgettoRetiLogiche.srcs\sources_1\new\BARREL_SHIFTER_32_4.vhd:]
WARNING: [filemgmt 56-199] Attempt to get parsing info during refresh. "On-the-fly" syntax checking information may be incorrect. [C:\Users\utente\Desktop\Progetto_Vivado\RL_ExponentialFilter\ExponentialFilter\ProgettoRetiLogiche.srcs\sim_1\new\TB_FILTRO_ESPONENZIALE.vhd:]
WARNING: [filemgmt 56-199] Attempt to get parsing info during refresh. "On-the-fly" syntax checking information may be incorrect. [C:\Users\utente\Desktop\Progetto_Vivado\RL_ExponentialFilter\ExponentialFilter\ProgettoRetiLogiche.srcs\sources_1\new\SRL1_32.vhd:]
WARNING: [filemgmt 56-199] Attempt to get parsing info during refresh. "On-the-fly" syntax checking information may be incorrect. [C:\Users\utente\Desktop\Progetto_Vivado\RL_ExponentialFilter\ExponentialFilter\ProgettoRetiLogiche.srcs\sources_1\new\FILTRO_ESPONENZIALE.vhd:]
WARNING: [filemgmt 56-199] Attempt to get parsing info during refresh. "On-the-fly" syntax checking information may be incorrect. [C:\Users\utente\Desktop\Progetto_Vivado\RL_ExponentialFilter\ExponentialFilter\ProgettoRetiLogiche.srcs\sources_1\new\BARREL_SHIFTER_32_4.vhd:]
WARNING: [filemgmt 56-199] Attempt to get parsing info during refresh. "On-the-fly" syntax checking information may be incorrect. [C:\Users\utente\Desktop\Progetto_Vivado\RL_ExponentialFilter\ExponentialFilter\ProgettoRetiLogiche.srcs\sources_1\new\FILTRO_ESPONENZIALE.vhd:]
WARNING: [filemgmt 56-199] Attempt to get parsing info during refresh. "On-the-fly" syntax checking information may be incorrect. [C:\Users\utente\Desktop\Progetto_Vivado\RL_ExponentialFilter\ExponentialFilter\ProgettoRetiLogiche.srcs\sources_1\new\FILTRO_ESPONENZIALE.vhd:]
WARNING: [filemgmt 56-199] Attempt to get parsing info during refresh. "On-the-fly" syntax checking information may be incorrect. [C:\Users\utente\Desktop\Progetto_Vivado\RL_ExponentialFilter\ExponentialFilter\ProgettoRetiLogiche.srcs\sim_1\new\TB_FILTRO_ESPONENZIALE.vhd:]
WARNING: [filemgmt 56-199] Attempt to get parsing info during refresh. "On-the-fly" syntax checking information may be incorrect. [C:\Users\utente\Desktop\Progetto_Vivado\RL_ExponentialFilter\ExponentialFilter\ProgettoRetiLogiche.srcs\sources_1\new\SRL1_32.vhd:]
WARNING: [filemgmt 56-199] Attempt to get parsing info during refresh. "On-the-fly" syntax checking information may be incorrect. [C:\Users\utente\Desktop\Progetto_Vivado\RL_ExponentialFilter\ExponentialFilter\ProgettoRetiLogiche.srcs\sources_1\new\FILTRO_ESPONENZIALE.vhd:]
WARNING: [filemgmt 56-199] Attempt to get parsing info during refresh. "On-the-fly" syntax checking information may be incorrect. [C:\Users\utente\Desktop\Progetto_Vivado\RL_ExponentialFilter\ExponentialFilter\ProgettoRetiLogiche.srcs\sources_1\new\BARREL_SHIFTER_32_4.vhd:]
WARNING: [filemgmt 56-199] Attempt to get parsing info during refresh. "On-the-fly" syntax checking information may be incorrect. [C:\Users\utente\Desktop\Progetto_Vivado\RL_ExponentialFilter\ExponentialFilter\ProgettoRetiLogiche.srcs\sim_1\new\TB_FILTRO_ESPONENZIALE.vhd:]
WARNING: [filemgmt 56-199] Attempt to get parsing info during refresh. "On-the-fly" syntax checking information may be incorrect. [C:\Users\utente\Desktop\Progetto_Vivado\RL_ExponentialFilter\ExponentialFilter\ProgettoRetiLogiche.srcs\sim_1\new\TB_FILTRO_ESPONENZIALE.vhd:]
update_compile_order -fileset sources_1
WARNING: [filemgmt 56-199] Attempt to get parsing info during refresh. "On-the-fly" syntax checking information may be incorrect. [C:\Users\utente\Desktop\Progetto_Vivado\RL_ExponentialFilter\ExponentialFilter\ProgettoRetiLogiche.srcs\sim_1\new\TB_FILTRO_ESPONENZIALE.vhd:]
WARNING: [filemgmt 56-199] Attempt to get parsing info during refresh. "On-the-fly" syntax checking information may be incorrect. [C:\Users\utente\Desktop\Progetto_Vivado\RL_ExponentialFilter\ExponentialFilter\ProgettoRetiLogiche.srcs\sources_1\new\SRL1_32.vhd:]
WARNING: [filemgmt 56-199] Attempt to get parsing info during refresh. "On-the-fly" syntax checking information may be incorrect. [C:\Users\utente\Desktop\Progetto_Vivado\RL_ExponentialFilter\ExponentialFilter\ProgettoRetiLogiche.srcs\sources_1\new\FILTRO_ESPONENZIALE.vhd:]
WARNING: [filemgmt 56-199] Attempt to get parsing info during refresh. "On-the-fly" syntax checking information may be incorrect. [C:\Users\utente\Desktop\Progetto_Vivado\RL_ExponentialFilter\ExponentialFilter\ProgettoRetiLogiche.srcs\sources_1\new\BARREL_SHIFTER_32_4.vhd:]
WARNING: [filemgmt 56-199] Attempt to get parsing info during refresh. "On-the-fly" syntax checking information may be incorrect. [C:\Users\utente\Desktop\Progetto_Vivado\RL_ExponentialFilter\ExponentialFilter\ProgettoRetiLogiche.srcs\sources_1\new\FILTRO_ESPONENZIALE.vhd:]
WARNING: [filemgmt 56-199] Attempt to get parsing info during refresh. "On-the-fly" syntax checking information may be incorrect. [C:\Users\utente\Desktop\Progetto_Vivado\RL_ExponentialFilter\ExponentialFilter\ProgettoRetiLogiche.srcs\sources_1\new\FILTRO_ESPONENZIALE.vhd:]
WARNING: [filemgmt 56-199] Attempt to get parsing info during refresh. "On-the-fly" syntax checking information may be incorrect. [C:\Users\utente\Desktop\Progetto_Vivado\RL_ExponentialFilter\ExponentialFilter\ProgettoRetiLogiche.srcs\sim_1\new\TB_FILTRO_ESPONENZIALE.vhd:]
WARNING: [filemgmt 56-199] Attempt to get parsing info during refresh. "On-the-fly" syntax checking information may be incorrect. [C:\Users\utente\Desktop\Progetto_Vivado\RL_ExponentialFilter\ExponentialFilter\ProgettoRetiLogiche.srcs\sources_1\new\SRL1_32.vhd:]
WARNING: [filemgmt 56-199] Attempt to get parsing info during refresh. "On-the-fly" syntax checking information may be incorrect. [C:\Users\utente\Desktop\Progetto_Vivado\RL_ExponentialFilter\ExponentialFilter\ProgettoRetiLogiche.srcs\sources_1\new\FILTRO_ESPONENZIALE.vhd:]
WARNING: [filemgmt 56-199] Attempt to get parsing info during refresh. "On-the-fly" syntax checking information may be incorrect. [C:\Users\utente\Desktop\Progetto_Vivado\RL_ExponentialFilter\ExponentialFilter\ProgettoRetiLogiche.srcs\sources_1\new\BARREL_SHIFTER_32_4.vhd:]
WARNING: [filemgmt 56-199] Attempt to get parsing info during refresh. "On-the-fly" syntax checking information may be incorrect. [C:\Users\utente\Desktop\Progetto_Vivado\RL_ExponentialFilter\ExponentialFilter\ProgettoRetiLogiche.srcs\sources_1\new\SRL1_32.vhd:]
WARNING: [filemgmt 56-199] Attempt to get parsing info during refresh. "On-the-fly" syntax checking information may be incorrect. [C:\Users\utente\Desktop\Progetto_Vivado\RL_ExponentialFilter\ExponentialFilter\ProgettoRetiLogiche.srcs\sources_1\new\SRL1_32.vhd:]
ERROR: [Common 17-180] Spawn failed: No error
ERROR: [Common 17-180] Spawn failed: No error
reset_run synth_1
INFO: [Project 1-1161] Replacing file C:/Users/utente/Desktop/Progetto_Vivado/RL_ExponentialFilter/ExponentialFilter/ProgettoRetiLogiche.srcs/utils_1/imports/synth_1/FA.dcp with file C:/Users/utente/Desktop/Progetto_Vivado/RL_ExponentialFilter/ExponentialFilter/ProgettoRetiLogiche.runs/synth_1/FILTRO_ESPONENZIALE.dcp
launch_runs synth_1 -jobs 4
[Tue Aug 26 18:14:04 2025] Launched synth_1...
Run output will be captured here: C:/Users/utente/Desktop/Progetto_Vivado/RL_ExponentialFilter/ExponentialFilter/ProgettoRetiLogiche.runs/synth_1/runme.log
WARNING: [filemgmt 56-199] Attempt to get parsing info during refresh. "On-the-fly" syntax checking information may be incorrect. [C:\Users\utente\Desktop\Progetto_Vivado\RL_ExponentialFilter\ExponentialFilter\ProgettoRetiLogiche.srcs\sim_1\new\TB_FILTRO_ESPONENZIALE.vhd:]
WARNING: [filemgmt 56-199] Attempt to get parsing info during refresh. "On-the-fly" syntax checking information may be incorrect. [C:\Users\utente\Desktop\Progetto_Vivado\RL_ExponentialFilter\ExponentialFilter\ProgettoRetiLogiche.srcs\sources_1\new\SRL1_32.vhd:]
WARNING: [filemgmt 56-199] Attempt to get parsing info during refresh. "On-the-fly" syntax checking information may be incorrect. [C:\Users\utente\Desktop\Progetto_Vivado\RL_ExponentialFilter\ExponentialFilter\ProgettoRetiLogiche.srcs\sources_1\new\FILTRO_ESPONENZIALE.vhd:]
WARNING: [filemgmt 56-199] Attempt to get parsing info during refresh. "On-the-fly" syntax checking information may be incorrect. [C:\Users\utente\Desktop\Progetto_Vivado\RL_ExponentialFilter\ExponentialFilter\ProgettoRetiLogiche.srcs\sources_1\new\BARREL_SHIFTER_32_4.vhd:]
WARNING: [filemgmt 56-199] Attempt to get parsing info during refresh. "On-the-fly" syntax checking information may be incorrect. [C:\Users\utente\Desktop\Progetto_Vivado\RL_ExponentialFilter\ExponentialFilter\ProgettoRetiLogiche.srcs\sources_1\new\FILTRO_ESPONENZIALE.vhd:]
WARNING: [filemgmt 56-199] Attempt to get parsing info during refresh. "On-the-fly" syntax checking information may be incorrect. [C:\Users\utente\Desktop\Progetto_Vivado\RL_ExponentialFilter\ExponentialFilter\ProgettoRetiLogiche.srcs\sources_1\new\FILTRO_ESPONENZIALE.vhd:]
WARNING: [filemgmt 56-199] Attempt to get parsing info during refresh. "On-the-fly" syntax checking information may be incorrect. [C:\Users\utente\Desktop\Progetto_Vivado\RL_ExponentialFilter\ExponentialFilter\ProgettoRetiLogiche.srcs\sim_1\new\TB_FILTRO_ESPONENZIALE.vhd:]
WARNING: [filemgmt 56-199] Attempt to get parsing info during refresh. "On-the-fly" syntax checking information may be incorrect. [C:\Users\utente\Desktop\Progetto_Vivado\RL_ExponentialFilter\ExponentialFilter\ProgettoRetiLogiche.srcs\sources_1\new\SRL1_32.vhd:]
WARNING: [filemgmt 56-199] Attempt to get parsing info during refresh. "On-the-fly" syntax checking information may be incorrect. [C:\Users\utente\Desktop\Progetto_Vivado\RL_ExponentialFilter\ExponentialFilter\ProgettoRetiLogiche.srcs\sources_1\new\FILTRO_ESPONENZIALE.vhd:]
WARNING: [filemgmt 56-199] Attempt to get parsing info during refresh. "On-the-fly" syntax checking information may be incorrect. [C:\Users\utente\Desktop\Progetto_Vivado\RL_ExponentialFilter\ExponentialFilter\ProgettoRetiLogiche.srcs\sources_1\new\BARREL_SHIFTER_32_4.vhd:]
WARNING: [filemgmt 56-199] Attempt to get parsing info during refresh. "On-the-fly" syntax checking information may be incorrect. [C:\Users\utente\Desktop\Progetto_Vivado\RL_ExponentialFilter\ExponentialFilter\ProgettoRetiLogiche.srcs\sources_1\new\SRL1_32.vhd:]
WARNING: [filemgmt 56-199] Attempt to get parsing info during refresh. "On-the-fly" syntax checking information may be incorrect. [C:\Users\utente\Desktop\Progetto_Vivado\RL_ExponentialFilter\ExponentialFilter\ProgettoRetiLogiche.srcs\sources_1\new\SRL1_32.vhd:]
ERROR: [Common 17-180] Spawn failed: No error
WARNING: [filemgmt 56-199] Attempt to get parsing info during refresh. "On-the-fly" syntax checking information may be incorrect. [C:\Users\utente\Desktop\Progetto_Vivado\RL_ExponentialFilter\ExponentialFilter\ProgettoRetiLogiche.srcs\sim_1\new\TB_FILTRO_ESPONENZIALE.vhd:]
WARNING: [filemgmt 56-199] Attempt to get parsing info during refresh. "On-the-fly" syntax checking information may be incorrect. [C:\Users\utente\Desktop\Progetto_Vivado\RL_ExponentialFilter\ExponentialFilter\ProgettoRetiLogiche.srcs\sources_1\new\SRL1_32.vhd:]
WARNING: [filemgmt 56-199] Attempt to get parsing info during refresh. "On-the-fly" syntax checking information may be incorrect. [C:\Users\utente\Desktop\Progetto_Vivado\RL_ExponentialFilter\ExponentialFilter\ProgettoRetiLogiche.srcs\sources_1\new\FILTRO_ESPONENZIALE.vhd:]
WARNING: [filemgmt 56-199] Attempt to get parsing info during refresh. "On-the-fly" syntax checking information may be incorrect. [C:\Users\utente\Desktop\Progetto_Vivado\RL_ExponentialFilter\ExponentialFilter\ProgettoRetiLogiche.srcs\sources_1\new\BARREL_SHIFTER_32_4.vhd:]
WARNING: [filemgmt 56-199] Attempt to get parsing info during refresh. "On-the-fly" syntax checking information may be incorrect. [C:\Users\utente\Desktop\Progetto_Vivado\RL_ExponentialFilter\ExponentialFilter\ProgettoRetiLogiche.srcs\sim_1\new\TB_FILTRO_ESPONENZIALE.vhd:]
WARNING: [filemgmt 56-199] Attempt to get parsing info during refresh. "On-the-fly" syntax checking information may be incorrect. [C:\Users\utente\Desktop\Progetto_Vivado\RL_ExponentialFilter\ExponentialFilter\ProgettoRetiLogiche.srcs\sim_1\new\TB_FILTRO_ESPONENZIALE.vhd:]
ERROR: [Common 17-180] Spawn failed: No error
launch_runs impl_3 -jobs 4
[Tue Aug 26 18:15:12 2025] Launched impl_3...
Run output will be captured here: C:/Users/utente/Desktop/Progetto_Vivado/RL_ExponentialFilter/ExponentialFilter/ProgettoRetiLogiche.runs/impl_3/runme.log
open_run impl_3
INFO: [Device 21-403] Loading part xc7k70tfbv676-1
Netlist sorting complete. Time (s): cpu = 00:00:00 ; elapsed = 00:00:00.006 . Memory (MB): peak = 2339.281 ; gain = 0.000
INFO: [Project 1-479] Netlist was created with Vivado 2024.2
INFO: [Project 1-570] Preparing netlist for logic optimization
Read ShapeDB Complete: Time (s): cpu = 00:00:00 ; elapsed = 00:00:00.004 . Memory (MB): peak = 2339.281 ; gain = 0.000
INFO: [Timing 38-478] Restoring timing data from binary archive.
INFO: [Timing 38-479] Binary timing data restore complete.
INFO: [Project 1-856] Restoring constraints from binary archive.
INFO: [Project 1-853] Binary constraint restore complete.
INFO: [Designutils 20-5722] Start Reading Physical Databases.
Reading placement.
Read Netlist Cache: Time (s): cpu = 00:00:00 ; elapsed = 00:00:00.001 . Memory (MB): peak = 2339.281 ; gain = 0.000
Reading placer database...
Read Device Cache: Time (s): cpu = 00:00:00 ; elapsed = 00:00:00.006 . Memory (MB): peak = 2339.281 ; gain = 0.000
Read PlaceDB: Time (s): cpu = 00:00:00 ; elapsed = 00:00:00.023 . Memory (MB): peak = 2339.281 ; gain = 0.000
Read PulsedLatchDB: Time (s): cpu = 00:00:00 ; elapsed = 00:00:00 . Memory (MB): peak = 2339.281 ; gain = 0.000
Reading routing.
Read RouteStorage: Time (s): cpu = 00:00:00 ; elapsed = 00:00:00.009 . Memory (MB): peak = 2339.281 ; gain = 0.000
Read Physdb Files: Time (s): cpu = 00:00:00 ; elapsed = 00:00:00.048 . Memory (MB): peak = 2339.281 ; gain = 0.000
Restored from archive | CPU: 0.000000 secs | Memory: 0.000000 MB |
Finished XDEF File Restore: Time (s): cpu = 00:00:00 ; elapsed = 00:00:00.048 . Memory (MB): peak = 2339.281 ; gain = 0.000
Netlist sorting complete. Time (s): cpu = 00:00:00 ; elapsed = 00:00:00 . Memory (MB): peak = 2339.281 ; gain = 0.000
INFO: [Project 1-111] Unisim Transformation Summary:
No Unisim elements were transformed.

open_run: Time (s): cpu = 00:00:20 ; elapsed = 00:00:15 . Memory (MB): peak = 2491.379 ; gain = 152.098
launch_simulation
Command: launch_simulation 
INFO: [Vivado 12-12493] Simulation top is 'TB_FILTRO_ESPONENZIALE'
WARNING: [Vivado 12-13340] Unable to auto find GCC executables from simulator install path! (path not set)
INFO: [Vivado 12-5682] Launching behavioral simulation in 'C:/Users/utente/Desktop/Progetto_Vivado/RL_ExponentialFilter/ExponentialFilter/ProgettoRetiLogiche.sim/sim_1/behav/xsim'
INFO: [SIM-utils-51] Simulation object is 'sim_1'
INFO: [SIM-utils-72] Using boost library from 'C:/Users/utente/Vivado/2024.2/tps/boost_1_72_0'
INFO: [SIM-utils-54] Inspecting design source files for 'TB_FILTRO_ESPONENZIALE' in fileset 'sim_1'...
INFO: [USF-XSim-97] Finding global include files...
INFO: [USF-XSim-98] Fetching design files from 'sim_1'...
INFO: [USF-XSim-2] XSim::Compile design
INFO: [USF-XSim-61] Executing 'COMPILE and ANALYZE' step in 'C:/Users/utente/Desktop/Progetto_Vivado/RL_ExponentialFilter/ExponentialFilter/ProgettoRetiLogiche.sim/sim_1/behav/xsim'
"xvhdl --incr --relax -prj TB_FILTRO_ESPONENZIALE_vhdl.prj"
INFO: [VRFC 10-163] Analyzing VHDL file "C:/Users/utente/Desktop/Progetto_Vivado/RL_ExponentialFilter/ExponentialFilter/ProgettoRetiLogiche.srcs/sources_1/new/BARREL_SHIFTER_32_4.vhd" into library xil_defaultlib
INFO: [VRFC 10-3107] analyzing entity 'BARREL_SHIFTER_32_4'
INFO: [USF-XSim-69] 'compile' step finished in '2' seconds
INFO: [USF-XSim-3] XSim::Elaborate design
INFO: [USF-XSim-61] Executing 'ELABORATE' step in 'C:/Users/utente/Desktop/Progetto_Vivado/RL_ExponentialFilter/ExponentialFilter/ProgettoRetiLogiche.sim/sim_1/behav/xsim'
"xelab --incr --debug typical --relax --mt 2 -L xil_defaultlib -L secureip --snapshot TB_FILTRO_ESPONENZIALE_behav xil_defaultlib.TB_FILTRO_ESPONENZIALE -log elaborate.log"
Vivado Simulator v2024.2.0
Copyright 1986-2022 Xilinx, Inc. All Rights Reserved.
Copyright 2022-2024 Advanced Micro Devices, Inc. All Rights Reserved.
Running: C:/Users/utente/Vivado/2024.2/bin/unwrapped/win64.o/xelab.exe --incr --debug typical --relax --mt 2 -L xil_defaultlib -L secureip --snapshot TB_FILTRO_ESPONENZIALE_behav xil_defaultlib.TB_FILTRO_ESPONENZIALE -log elaborate.log 
Using 2 slave threads.
Starting static elaboration
Completed static elaboration
Starting simulation data flow analysis
Completed simulation data flow analysis
Time Resolution for simulation is 1ps
Compiling package std.standard
Compiling package std.textio
Compiling package ieee.std_logic_1164
Compiling architecture rtl of entity xil_defaultlib.FF_D [ff_d_default]
Compiling architecture struct of entity xil_defaultlib.FF_D_N [ff_d_n_default]
Compiling architecture struct of entity xil_defaultlib.FF_D_N [\FF_D_N(n=3)\]
Compiling architecture rtl of entity xil_defaultlib.BARREL_SHIFTER_32_4 [barrel_shifter_32_4_default]
Compiling architecture rtl of entity xil_defaultlib.FA [fa_default]
Compiling architecture rtl of entity xil_defaultlib.SIMPLE_SUM [simple_sum_default]
Compiling architecture struct of entity xil_defaultlib.CSA_32 [csa_32_default]
Compiling architecture struct of entity xil_defaultlib.FILTRO_ESPONENZIALE [filtro_esponenziale_default]
Compiling architecture beh of entity xil_defaultlib.tb_filtro_esponenziale
Built simulation snapshot TB_FILTRO_ESPONENZIALE_behav
INFO: [USF-XSim-69] 'elaborate' step finished in '2' seconds
INFO: [USF-XSim-4] XSim::Simulate design
INFO: [USF-XSim-61] Executing 'SIMULATE' step in 'C:/Users/utente/Desktop/Progetto_Vivado/RL_ExponentialFilter/ExponentialFilter/ProgettoRetiLogiche.sim/sim_1/behav/xsim'
INFO: [USF-XSim-98] *** Running xsim
   with args "TB_FILTRO_ESPONENZIALE_behav -key {Behavioral:sim_1:Functional:TB_FILTRO_ESPONENZIALE} -tclbatch {TB_FILTRO_ESPONENZIALE.tcl} -log {simulate.log}"
INFO: [USF-XSim-8] Loading simulator feature
Time resolution is 1 ps
source TB_FILTRO_ESPONENZIALE.tcl
# set curr_wave [current_wave_config]
# if { [string length $curr_wave] == 0 } {
#   if { [llength [get_objects]] > 0} {
#     add_wave /
#     set_property needs_save false [current_wave_config]
#   } else {
#      send_msg_id Add_Wave-1 WARNING "No top level signals found. Simulator will start without a wave window. If you want to open a wave window go to 'File->New Waveform Configuration' or type 'create_wave_config' in the TCL console."
#   }
# }
# run 80000ns
INFO: [USF-XSim-96] XSim completed. Design snapshot 'TB_FILTRO_ESPONENZIALE_behav' loaded.
INFO: [USF-XSim-97] XSim simulation ran for 80000ns
launch_simulation: Time (s): cpu = 00:00:03 ; elapsed = 00:00:08 . Memory (MB): peak = 2637.352 ; gain = 0.000
set_property top TB_FILTRO_ESPONENZIALE_PPR [get_filesets sim_1]
set_property top_lib xil_defaultlib [get_filesets sim_1]
WARNING: [filemgmt 56-199] Attempt to get parsing info during refresh. "On-the-fly" syntax checking information may be incorrect. [C:\Users\utente\Desktop\Progetto_Vivado\RL_ExponentialFilter\ExponentialFilter\ProgettoRetiLogiche.srcs\sim_1\new\TB_FILTRO_ESPONENZIALE.vhd:]
WARNING: [filemgmt 56-199] Attempt to get parsing info during refresh. "On-the-fly" syntax checking information may be incorrect. [C:\Users\utente\Desktop\Progetto_Vivado\RL_ExponentialFilter\ExponentialFilter\ProgettoRetiLogiche.srcs\sources_1\new\SRL1_32.vhd:]
WARNING: [filemgmt 56-199] Attempt to get parsing info during refresh. "On-the-fly" syntax checking information may be incorrect. [C:\Users\utente\Desktop\Progetto_Vivado\RL_ExponentialFilter\ExponentialFilter\ProgettoRetiLogiche.srcs\sources_1\new\FILTRO_ESPONENZIALE.vhd:]
WARNING: [filemgmt 56-199] Attempt to get parsing info during refresh. "On-the-fly" syntax checking information may be incorrect. [C:\Users\utente\Desktop\Progetto_Vivado\RL_ExponentialFilter\ExponentialFilter\ProgettoRetiLogiche.srcs\sources_1\new\BARREL_SHIFTER_32_4.vhd:]
WARNING: [filemgmt 56-199] Attempt to get parsing info during refresh. "On-the-fly" syntax checking information may be incorrect. [C:\Users\utente\Desktop\Progetto_Vivado\RL_ExponentialFilter\ExponentialFilter\ProgettoRetiLogiche.srcs\sources_1\new\FILTRO_ESPONENZIALE.vhd:]
WARNING: [filemgmt 56-199] Attempt to get parsing info during refresh. "On-the-fly" syntax checking information may be incorrect. [C:\Users\utente\Desktop\Progetto_Vivado\RL_ExponentialFilter\ExponentialFilter\ProgettoRetiLogiche.srcs\sources_1\new\FILTRO_ESPONENZIALE.vhd:]
WARNING: [filemgmt 56-199] Attempt to get parsing info during refresh. "On-the-fly" syntax checking information may be incorrect. [C:\Users\utente\Desktop\Progetto_Vivado\RL_ExponentialFilter\ExponentialFilter\ProgettoRetiLogiche.srcs\sim_1\new\TB_FILTRO_ESPONENZIALE.vhd:]
WARNING: [filemgmt 56-199] Attempt to get parsing info during refresh. "On-the-fly" syntax checking information may be incorrect. [C:\Users\utente\Desktop\Progetto_Vivado\RL_ExponentialFilter\ExponentialFilter\ProgettoRetiLogiche.srcs\sources_1\new\SRL1_32.vhd:]
WARNING: [filemgmt 56-199] Attempt to get parsing info during refresh. "On-the-fly" syntax checking information may be incorrect. [C:\Users\utente\Desktop\Progetto_Vivado\RL_ExponentialFilter\ExponentialFilter\ProgettoRetiLogiche.srcs\sources_1\new\FILTRO_ESPONENZIALE.vhd:]
WARNING: [filemgmt 56-199] Attempt to get parsing info during refresh. "On-the-fly" syntax checking information may be incorrect. [C:\Users\utente\Desktop\Progetto_Vivado\RL_ExponentialFilter\ExponentialFilter\ProgettoRetiLogiche.srcs\sources_1\new\BARREL_SHIFTER_32_4.vhd:]
WARNING: [filemgmt 56-199] Attempt to get parsing info during refresh. "On-the-fly" syntax checking information may be incorrect. [C:\Users\utente\Desktop\Progetto_Vivado\RL_ExponentialFilter\ExponentialFilter\ProgettoRetiLogiche.srcs\sources_1\new\SRL1_32.vhd:]
WARNING: [filemgmt 56-199] Attempt to get parsing info during refresh. "On-the-fly" syntax checking information may be incorrect. [C:\Users\utente\Desktop\Progetto_Vivado\RL_ExponentialFilter\ExponentialFilter\ProgettoRetiLogiche.srcs\sources_1\new\SRL1_32.vhd:]
ERROR: [Common 17-180] Spawn failed: No error
WARNING: [filemgmt 56-199] Attempt to get parsing info during refresh. "On-the-fly" syntax checking information may be incorrect. [C:\Users\utente\Desktop\Progetto_Vivado\RL_ExponentialFilter\ExponentialFilter\ProgettoRetiLogiche.srcs\sim_1\new\TB_FILTRO_ESPONENZIALE.vhd:]
WARNING: [filemgmt 56-199] Attempt to get parsing info during refresh. "On-the-fly" syntax checking information may be incorrect. [C:\Users\utente\Desktop\Progetto_Vivado\RL_ExponentialFilter\ExponentialFilter\ProgettoRetiLogiche.srcs\sources_1\new\SRL1_32.vhd:]
WARNING: [filemgmt 56-199] Attempt to get parsing info during refresh. "On-the-fly" syntax checking information may be incorrect. [C:\Users\utente\Desktop\Progetto_Vivado\RL_ExponentialFilter\ExponentialFilter\ProgettoRetiLogiche.srcs\sources_1\new\FILTRO_ESPONENZIALE.vhd:]
WARNING: [filemgmt 56-199] Attempt to get parsing info during refresh. "On-the-fly" syntax checking information may be incorrect. [C:\Users\utente\Desktop\Progetto_Vivado\RL_ExponentialFilter\ExponentialFilter\ProgettoRetiLogiche.srcs\sources_1\new\BARREL_SHIFTER_32_4.vhd:]
WARNING: [filemgmt 56-199] Attempt to get parsing info during refresh. "On-the-fly" syntax checking information may be incorrect. [C:\Users\utente\Desktop\Progetto_Vivado\RL_ExponentialFilter\ExponentialFilter\ProgettoRetiLogiche.srcs\sim_1\new\TB_FILTRO_ESPONENZIALE.vhd:]
WARNING: [filemgmt 56-199] Attempt to get parsing info during refresh. "On-the-fly" syntax checking information may be incorrect. [C:\Users\utente\Desktop\Progetto_Vivado\RL_ExponentialFilter\ExponentialFilter\ProgettoRetiLogiche.srcs\sim_1\new\TB_FILTRO_ESPONENZIALE.vhd:]
ERROR: [Common 17-180] Spawn failed: No error
update_compile_order -fileset sim_1
WARNING: [filemgmt 56-199] Attempt to get parsing info during refresh. "On-the-fly" syntax checking information may be incorrect. [C:\Users\utente\Desktop\Progetto_Vivado\RL_ExponentialFilter\ExponentialFilter\ProgettoRetiLogiche.srcs\sim_1\new\TB_FILTRO_ESPONENZIALE.vhd:]
WARNING: [filemgmt 56-199] Attempt to get parsing info during refresh. "On-the-fly" syntax checking information may be incorrect. [C:\Users\utente\Desktop\Progetto_Vivado\RL_ExponentialFilter\ExponentialFilter\ProgettoRetiLogiche.srcs\sources_1\new\SRL1_32.vhd:]
WARNING: [filemgmt 56-199] Attempt to get parsing info during refresh. "On-the-fly" syntax checking information may be incorrect. [C:\Users\utente\Desktop\Progetto_Vivado\RL_ExponentialFilter\ExponentialFilter\ProgettoRetiLogiche.srcs\sources_1\new\FILTRO_ESPONENZIALE.vhd:]
WARNING: [filemgmt 56-199] Attempt to get parsing info during refresh. "On-the-fly" syntax checking information may be incorrect. [C:\Users\utente\Desktop\Progetto_Vivado\RL_ExponentialFilter\ExponentialFilter\ProgettoRetiLogiche.srcs\sources_1\new\BARREL_SHIFTER_32_4.vhd:]
WARNING: [filemgmt 56-199] Attempt to get parsing info during refresh. "On-the-fly" syntax checking information may be incorrect. [C:\Users\utente\Desktop\Progetto_Vivado\RL_ExponentialFilter\ExponentialFilter\ProgettoRetiLogiche.srcs\sources_1\new\FILTRO_ESPONENZIALE.vhd:]
WARNING: [filemgmt 56-199] Attempt to get parsing info during refresh. "On-the-fly" syntax checking information may be incorrect. [C:\Users\utente\Desktop\Progetto_Vivado\RL_ExponentialFilter\ExponentialFilter\ProgettoRetiLogiche.srcs\sources_1\new\FILTRO_ESPONENZIALE.vhd:]
WARNING: [filemgmt 56-199] Attempt to get parsing info during refresh. "On-the-fly" syntax checking information may be incorrect. [C:\Users\utente\Desktop\Progetto_Vivado\RL_ExponentialFilter\ExponentialFilter\ProgettoRetiLogiche.srcs\sim_1\new\TB_FILTRO_ESPONENZIALE.vhd:]
WARNING: [filemgmt 56-199] Attempt to get parsing info during refresh. "On-the-fly" syntax checking information may be incorrect. [C:\Users\utente\Desktop\Progetto_Vivado\RL_ExponentialFilter\ExponentialFilter\ProgettoRetiLogiche.srcs\sources_1\new\SRL1_32.vhd:]
WARNING: [filemgmt 56-199] Attempt to get parsing info during refresh. "On-the-fly" syntax checking information may be incorrect. [C:\Users\utente\Desktop\Progetto_Vivado\RL_ExponentialFilter\ExponentialFilter\ProgettoRetiLogiche.srcs\sources_1\new\FILTRO_ESPONENZIALE.vhd:]
WARNING: [filemgmt 56-199] Attempt to get parsing info during refresh. "On-the-fly" syntax checking information may be incorrect. [C:\Users\utente\Desktop\Progetto_Vivado\RL_ExponentialFilter\ExponentialFilter\ProgettoRetiLogiche.srcs\sources_1\new\BARREL_SHIFTER_32_4.vhd:]
WARNING: [filemgmt 56-199] Attempt to get parsing info during refresh. "On-the-fly" syntax checking information may be incorrect. [C:\Users\utente\Desktop\Progetto_Vivado\RL_ExponentialFilter\ExponentialFilter\ProgettoRetiLogiche.srcs\sources_1\new\SRL1_32.vhd:]
WARNING: [filemgmt 56-199] Attempt to get parsing info during refresh. "On-the-fly" syntax checking information may be incorrect. [C:\Users\utente\Desktop\Progetto_Vivado\RL_ExponentialFilter\ExponentialFilter\ProgettoRetiLogiche.srcs\sources_1\new\SRL1_32.vhd:]
ERROR: [Common 17-180] Spawn failed: No error
WARNING: [filemgmt 56-199] Attempt to get parsing info during refresh. "On-the-fly" syntax checking information may be incorrect. [C:\Users\utente\Desktop\Progetto_Vivado\RL_ExponentialFilter\ExponentialFilter\ProgettoRetiLogiche.srcs\sim_1\new\TB_FILTRO_ESPONENZIALE.vhd:]
WARNING: [filemgmt 56-199] Attempt to get parsing info during refresh. "On-the-fly" syntax checking information may be incorrect. [C:\Users\utente\Desktop\Progetto_Vivado\RL_ExponentialFilter\ExponentialFilter\ProgettoRetiLogiche.srcs\sources_1\new\SRL1_32.vhd:]
WARNING: [filemgmt 56-199] Attempt to get parsing info during refresh. "On-the-fly" syntax checking information may be incorrect. [C:\Users\utente\Desktop\Progetto_Vivado\RL_ExponentialFilter\ExponentialFilter\ProgettoRetiLogiche.srcs\sources_1\new\FILTRO_ESPONENZIALE.vhd:]
WARNING: [filemgmt 56-199] Attempt to get parsing info during refresh. "On-the-fly" syntax checking information may be incorrect. [C:\Users\utente\Desktop\Progetto_Vivado\RL_ExponentialFilter\ExponentialFilter\ProgettoRetiLogiche.srcs\sources_1\new\BARREL_SHIFTER_32_4.vhd:]
WARNING: [filemgmt 56-199] Attempt to get parsing info during refresh. "On-the-fly" syntax checking information may be incorrect. [C:\Users\utente\Desktop\Progetto_Vivado\RL_ExponentialFilter\ExponentialFilter\ProgettoRetiLogiche.srcs\sim_1\new\TB_FILTRO_ESPONENZIALE.vhd:]
WARNING: [filemgmt 56-199] Attempt to get parsing info during refresh. "On-the-fly" syntax checking information may be incorrect. [C:\Users\utente\Desktop\Progetto_Vivado\RL_ExponentialFilter\ExponentialFilter\ProgettoRetiLogiche.srcs\sim_1\new\TB_FILTRO_ESPONENZIALE.vhd:]
ERROR: [Common 17-180] Spawn failed: No error
launch_simulation -mode post-implementation -type timing
Command: launch_simulation  -mode post-implementation -type timing
INFO: [Vivado 12-12493] Simulation top is 'TB_FILTRO_ESPONENZIALE_PPR'
WARNING: [Vivado 12-13340] Unable to auto find GCC executables from simulator install path! (path not set)
INFO: [Vivado 12-5682] Launching post-implementation timing simulation in 'C:/Users/utente/Desktop/Progetto_Vivado/RL_ExponentialFilter/ExponentialFilter/ProgettoRetiLogiche.sim/sim_1/impl/timing/xsim'
INFO: [SIM-utils-51] Simulation object is 'sim_1'
INFO: [SIM-utils-72] Using boost library from 'C:/Users/utente/Vivado/2024.2/tps/boost_1_72_0'
INFO: [SIM-utils-31] Writing simulation netlist file for design 'impl_3'...
INFO: [SIM-utils-32] write_verilog -mode timesim -nolib -sdf_anno true -force -file "C:/Users/utente/Desktop/Progetto_Vivado/RL_ExponentialFilter/ExponentialFilter/ProgettoRetiLogiche.sim/sim_1/impl/timing/xsim/TB_FILTRO_ESPONENZIALE_PPR_time_impl.v"
INFO: [SIM-utils-34] Writing SDF file...
INFO: [SIM-utils-35] write_sdf -mode timesim -process_corner slow -force -file "C:/Users/utente/Desktop/Progetto_Vivado/RL_ExponentialFilter/ExponentialFilter/ProgettoRetiLogiche.sim/sim_1/impl/timing/xsim/TB_FILTRO_ESPONENZIALE_PPR_time_impl.sdf"
INFO: [SIM-utils-36] Netlist generated:C:/Users/utente/Desktop/Progetto_Vivado/RL_ExponentialFilter/ExponentialFilter/ProgettoRetiLogiche.sim/sim_1/impl/timing/xsim/TB_FILTRO_ESPONENZIALE_PPR_time_impl.v
INFO: [SIM-utils-37] SDF generated:C:/Users/utente/Desktop/Progetto_Vivado/RL_ExponentialFilter/ExponentialFilter/ProgettoRetiLogiche.sim/sim_1/impl/timing/xsim/TB_FILTRO_ESPONENZIALE_PPR_time_impl.sdf
INFO: [SIM-utils-54] Inspecting design source files for 'TB_FILTRO_ESPONENZIALE_PPR' in fileset 'sim_1'...
INFO: [USF-XSim-2] XSim::Compile design
WARNING: [filemgmt 56-199] Attempt to get parsing info during refresh. "On-the-fly" syntax checking information may be incorrect. [C:\Users\utente\Desktop\Progetto_Vivado\RL_ExponentialFilter\ExponentialFilter\ProgettoRetiLogiche.srcs\sim_1\new\TB_FILTRO_ESPONENZIALE.vhd:]
WARNING: [filemgmt 56-199] Attempt to get parsing info during refresh. "On-the-fly" syntax checking information may be incorrect. [C:\Users\utente\Desktop\Progetto_Vivado\RL_ExponentialFilter\ExponentialFilter\ProgettoRetiLogiche.srcs\sources_1\new\SRL1_32.vhd:]
WARNING: [filemgmt 56-199] Attempt to get parsing info during refresh. "On-the-fly" syntax checking information may be incorrect. [C:\Users\utente\Desktop\Progetto_Vivado\RL_ExponentialFilter\ExponentialFilter\ProgettoRetiLogiche.srcs\sources_1\new\FILTRO_ESPONENZIALE.vhd:]
WARNING: [filemgmt 56-199] Attempt to get parsing info during refresh. "On-the-fly" syntax checking information may be incorrect. [C:\Users\utente\Desktop\Progetto_Vivado\RL_ExponentialFilter\ExponentialFilter\ProgettoRetiLogiche.srcs\sources_1\new\BARREL_SHIFTER_32_4.vhd:]
WARNING: [filemgmt 56-199] Attempt to get parsing info during refresh. "On-the-fly" syntax checking information may be incorrect. [C:\Users\utente\Desktop\Progetto_Vivado\RL_ExponentialFilter\ExponentialFilter\ProgettoRetiLogiche.srcs\sources_1\new\FILTRO_ESPONENZIALE.vhd:]
WARNING: [filemgmt 56-199] Attempt to get parsing info during refresh. "On-the-fly" syntax checking information may be incorrect. [C:\Users\utente\Desktop\Progetto_Vivado\RL_ExponentialFilter\ExponentialFilter\ProgettoRetiLogiche.srcs\sources_1\new\FILTRO_ESPONENZIALE.vhd:]
WARNING: [filemgmt 56-199] Attempt to get parsing info during refresh. "On-the-fly" syntax checking information may be incorrect. [C:\Users\utente\Desktop\Progetto_Vivado\RL_ExponentialFilter\ExponentialFilter\ProgettoRetiLogiche.srcs\sim_1\new\TB_FILTRO_ESPONENZIALE.vhd:]
WARNING: [filemgmt 56-199] Attempt to get parsing info during refresh. "On-the-fly" syntax checking information may be incorrect. [C:\Users\utente\Desktop\Progetto_Vivado\RL_ExponentialFilter\ExponentialFilter\ProgettoRetiLogiche.srcs\sources_1\new\SRL1_32.vhd:]
WARNING: [filemgmt 56-199] Attempt to get parsing info during refresh. "On-the-fly" syntax checking information may be incorrect. [C:\Users\utente\Desktop\Progetto_Vivado\RL_ExponentialFilter\ExponentialFilter\ProgettoRetiLogiche.srcs\sources_1\new\FILTRO_ESPONENZIALE.vhd:]
WARNING: [filemgmt 56-199] Attempt to get parsing info during refresh. "On-the-fly" syntax checking information may be incorrect. [C:\Users\utente\Desktop\Progetto_Vivado\RL_ExponentialFilter\ExponentialFilter\ProgettoRetiLogiche.srcs\sources_1\new\BARREL_SHIFTER_32_4.vhd:]
WARNING: [filemgmt 56-199] Attempt to get parsing info during refresh. "On-the-fly" syntax checking information may be incorrect. [C:\Users\utente\Desktop\Progetto_Vivado\RL_ExponentialFilter\ExponentialFilter\ProgettoRetiLogiche.srcs\sources_1\new\SRL1_32.vhd:]
WARNING: [filemgmt 56-199] Attempt to get parsing info during refresh. "On-the-fly" syntax checking information may be incorrect. [C:\Users\utente\Desktop\Progetto_Vivado\RL_ExponentialFilter\ExponentialFilter\ProgettoRetiLogiche.srcs\sources_1\new\SRL1_32.vhd:]
INFO: [USF-XSim-61] Executing 'COMPILE and ANALYZE' step in 'C:/Users/utente/Desktop/Progetto_Vivado/RL_ExponentialFilter/ExponentialFilter/ProgettoRetiLogiche.sim/sim_1/impl/timing/xsim'
ERROR: [Common 17-180] Spawn failed: No error
WARNING: [filemgmt 56-199] Attempt to get parsing info during refresh. "On-the-fly" syntax checking information may be incorrect. [C:\Users\utente\Desktop\Progetto_Vivado\RL_ExponentialFilter\ExponentialFilter\ProgettoRetiLogiche.srcs\sim_1\new\TB_FILTRO_ESPONENZIALE.vhd:]
WARNING: [filemgmt 56-199] Attempt to get parsing info during refresh. "On-the-fly" syntax checking information may be incorrect. [C:\Users\utente\Desktop\Progetto_Vivado\RL_ExponentialFilter\ExponentialFilter\ProgettoRetiLogiche.srcs\sources_1\new\SRL1_32.vhd:]
WARNING: [filemgmt 56-199] Attempt to get parsing info during refresh. "On-the-fly" syntax checking information may be incorrect. [C:\Users\utente\Desktop\Progetto_Vivado\RL_ExponentialFilter\ExponentialFilter\ProgettoRetiLogiche.srcs\sources_1\new\FILTRO_ESPONENZIALE.vhd:]
WARNING: [filemgmt 56-199] Attempt to get parsing info during refresh. "On-the-fly" syntax checking information may be incorrect. [C:\Users\utente\Desktop\Progetto_Vivado\RL_ExponentialFilter\ExponentialFilter\ProgettoRetiLogiche.srcs\sources_1\new\BARREL_SHIFTER_32_4.vhd:]
WARNING: [filemgmt 56-199] Attempt to get parsing info during refresh. "On-the-fly" syntax checking information may be incorrect. [C:\Users\utente\Desktop\Progetto_Vivado\RL_ExponentialFilter\ExponentialFilter\ProgettoRetiLogiche.srcs\sim_1\new\TB_FILTRO_ESPONENZIALE.vhd:]
WARNING: [filemgmt 56-199] Attempt to get parsing info during refresh. "On-the-fly" syntax checking information may be incorrect. [C:\Users\utente\Desktop\Progetto_Vivado\RL_ExponentialFilter\ExponentialFilter\ProgettoRetiLogiche.srcs\sim_1\new\TB_FILTRO_ESPONENZIALE.vhd:]
ERROR: [Common 17-180] Spawn failed: No error
"xvlog --incr --relax -prj TB_FILTRO_ESPONENZIALE_PPR_vlog.prj"
INFO: [VRFC 10-2263] Analyzing Verilog file "C:/Users/utente/Desktop/Progetto_Vivado/RL_ExponentialFilter/ExponentialFilter/ProgettoRetiLogiche.sim/sim_1/impl/timing/xsim/TB_FILTRO_ESPONENZIALE_PPR_time_impl.v" into library xil_defaultlib
INFO: [VRFC 10-311] analyzing module FF_D
INFO: [VRFC 10-311] analyzing module FF_D_10
INFO: [VRFC 10-311] analyzing module FF_D_100
INFO: [VRFC 10-311] analyzing module FF_D_101
INFO: [VRFC 10-311] analyzing module FF_D_102
INFO: [VRFC 10-311] analyzing module FF_D_103
INFO: [VRFC 10-311] analyzing module FF_D_104
INFO: [VRFC 10-311] analyzing module FF_D_105
INFO: [VRFC 10-311] analyzing module FF_D_106
INFO: [VRFC 10-311] analyzing module FF_D_107
INFO: [VRFC 10-311] analyzing module FF_D_108
INFO: [VRFC 10-311] analyzing module FF_D_109
INFO: [VRFC 10-311] analyzing module FF_D_11
INFO: [VRFC 10-311] analyzing module FF_D_110
INFO: [VRFC 10-311] analyzing module FF_D_111
INFO: [VRFC 10-311] analyzing module FF_D_112
INFO: [VRFC 10-311] analyzing module FF_D_113
INFO: [VRFC 10-311] analyzing module FF_D_114
INFO: [VRFC 10-311] analyzing module FF_D_115
INFO: [VRFC 10-311] analyzing module FF_D_116
INFO: [VRFC 10-311] analyzing module FF_D_117
INFO: [VRFC 10-311] analyzing module FF_D_118
INFO: [VRFC 10-311] analyzing module FF_D_119
INFO: [VRFC 10-311] analyzing module FF_D_12
INFO: [VRFC 10-311] analyzing module FF_D_120
INFO: [VRFC 10-311] analyzing module FF_D_121
INFO: [VRFC 10-311] analyzing module FF_D_122
INFO: [VRFC 10-311] analyzing module FF_D_123
INFO: [VRFC 10-311] analyzing module FF_D_124
INFO: [VRFC 10-311] analyzing module FF_D_125
INFO: [VRFC 10-311] analyzing module FF_D_126
INFO: [VRFC 10-311] analyzing module FF_D_127
INFO: [VRFC 10-311] analyzing module FF_D_128
INFO: [VRFC 10-311] analyzing module FF_D_129
INFO: [VRFC 10-311] analyzing module FF_D_13
INFO: [VRFC 10-311] analyzing module FF_D_130
INFO: [VRFC 10-311] analyzing module FF_D_131
INFO: [VRFC 10-311] analyzing module FF_D_132
INFO: [VRFC 10-311] analyzing module FF_D_133
INFO: [VRFC 10-311] analyzing module FF_D_134
INFO: [VRFC 10-311] analyzing module FF_D_135
INFO: [VRFC 10-311] analyzing module FF_D_136
INFO: [VRFC 10-311] analyzing module FF_D_137
INFO: [VRFC 10-311] analyzing module FF_D_138
INFO: [VRFC 10-311] analyzing module FF_D_139
INFO: [VRFC 10-311] analyzing module FF_D_14
INFO: [VRFC 10-311] analyzing module FF_D_140
INFO: [VRFC 10-311] analyzing module FF_D_141
INFO: [VRFC 10-311] analyzing module FF_D_142
INFO: [VRFC 10-311] analyzing module FF_D_143
INFO: [VRFC 10-311] analyzing module FF_D_144
INFO: [VRFC 10-311] analyzing module FF_D_145
INFO: [VRFC 10-311] analyzing module FF_D_146
INFO: [VRFC 10-311] analyzing module FF_D_147
INFO: [VRFC 10-311] analyzing module FF_D_148
INFO: [VRFC 10-311] analyzing module FF_D_149
INFO: [VRFC 10-311] analyzing module FF_D_15
INFO: [VRFC 10-311] analyzing module FF_D_150
INFO: [VRFC 10-311] analyzing module FF_D_151
INFO: [VRFC 10-311] analyzing module FF_D_152
INFO: [VRFC 10-311] analyzing module FF_D_153
INFO: [VRFC 10-311] analyzing module FF_D_154
INFO: [VRFC 10-311] analyzing module FF_D_155
INFO: [VRFC 10-311] analyzing module FF_D_156
INFO: [VRFC 10-311] analyzing module FF_D_157
INFO: [VRFC 10-311] analyzing module FF_D_158
INFO: [VRFC 10-311] analyzing module FF_D_159
INFO: [VRFC 10-311] analyzing module FF_D_16
INFO: [VRFC 10-311] analyzing module FF_D_160
INFO: [VRFC 10-311] analyzing module FF_D_161
INFO: [VRFC 10-311] analyzing module FF_D_162
INFO: [VRFC 10-311] analyzing module FF_D_163
INFO: [VRFC 10-311] analyzing module FF_D_164
INFO: [VRFC 10-311] analyzing module FF_D_165
INFO: [VRFC 10-311] analyzing module FF_D_166
INFO: [VRFC 10-311] analyzing module FF_D_167
INFO: [VRFC 10-311] analyzing module FF_D_168
INFO: [VRFC 10-311] analyzing module FF_D_169
INFO: [VRFC 10-311] analyzing module FF_D_17
INFO: [VRFC 10-311] analyzing module FF_D_170
INFO: [VRFC 10-311] analyzing module FF_D_171
INFO: [VRFC 10-311] analyzing module FF_D_172
INFO: [VRFC 10-311] analyzing module FF_D_173
INFO: [VRFC 10-311] analyzing module FF_D_174
INFO: [VRFC 10-311] analyzing module FF_D_175
INFO: [VRFC 10-311] analyzing module FF_D_176
INFO: [VRFC 10-311] analyzing module FF_D_177
INFO: [VRFC 10-311] analyzing module FF_D_178
INFO: [VRFC 10-311] analyzing module FF_D_179
INFO: [VRFC 10-311] analyzing module FF_D_18
INFO: [VRFC 10-311] analyzing module FF_D_180
INFO: [VRFC 10-311] analyzing module FF_D_181
INFO: [VRFC 10-311] analyzing module FF_D_182
INFO: [VRFC 10-311] analyzing module FF_D_183
INFO: [VRFC 10-311] analyzing module FF_D_184
INFO: [VRFC 10-311] analyzing module FF_D_185
INFO: [VRFC 10-311] analyzing module FF_D_186
INFO: [VRFC 10-311] analyzing module FF_D_187
INFO: [VRFC 10-311] analyzing module FF_D_188
INFO: [VRFC 10-311] analyzing module FF_D_189
INFO: [VRFC 10-311] analyzing module FF_D_19
INFO: [VRFC 10-311] analyzing module FF_D_190
INFO: [VRFC 10-311] analyzing module FF_D_191
INFO: [VRFC 10-311] analyzing module FF_D_192
INFO: [VRFC 10-311] analyzing module FF_D_193
INFO: [VRFC 10-311] analyzing module FF_D_194
INFO: [VRFC 10-311] analyzing module FF_D_195
INFO: [VRFC 10-311] analyzing module FF_D_196
INFO: [VRFC 10-311] analyzing module FF_D_197
INFO: [VRFC 10-311] analyzing module FF_D_198
INFO: [VRFC 10-311] analyzing module FF_D_199
INFO: [VRFC 10-311] analyzing module FF_D_20
INFO: [VRFC 10-311] analyzing module FF_D_200
INFO: [VRFC 10-311] analyzing module FF_D_201
INFO: [VRFC 10-311] analyzing module FF_D_202
INFO: [VRFC 10-311] analyzing module FF_D_21
INFO: [VRFC 10-311] analyzing module FF_D_22
INFO: [VRFC 10-311] analyzing module FF_D_23
INFO: [VRFC 10-311] analyzing module FF_D_24
INFO: [VRFC 10-311] analyzing module FF_D_25
INFO: [VRFC 10-311] analyzing module FF_D_26
INFO: [VRFC 10-311] analyzing module FF_D_27
INFO: [VRFC 10-311] analyzing module FF_D_28
INFO: [VRFC 10-311] analyzing module FF_D_29
INFO: [VRFC 10-311] analyzing module FF_D_30
INFO: [VRFC 10-311] analyzing module FF_D_31
INFO: [VRFC 10-311] analyzing module FF_D_32
INFO: [VRFC 10-311] analyzing module FF_D_33
INFO: [VRFC 10-311] analyzing module FF_D_34
INFO: [VRFC 10-311] analyzing module FF_D_35
INFO: [VRFC 10-311] analyzing module FF_D_36
INFO: [VRFC 10-311] analyzing module FF_D_37
INFO: [VRFC 10-311] analyzing module FF_D_38
INFO: [VRFC 10-311] analyzing module FF_D_39
INFO: [VRFC 10-311] analyzing module FF_D_40
INFO: [VRFC 10-311] analyzing module FF_D_41
INFO: [VRFC 10-311] analyzing module FF_D_42
INFO: [VRFC 10-311] analyzing module FF_D_43
INFO: [VRFC 10-311] analyzing module FF_D_44
INFO: [VRFC 10-311] analyzing module FF_D_45
INFO: [VRFC 10-311] analyzing module FF_D_46
INFO: [VRFC 10-311] analyzing module FF_D_47
INFO: [VRFC 10-311] analyzing module FF_D_48
INFO: [VRFC 10-311] analyzing module FF_D_49
INFO: [VRFC 10-311] analyzing module FF_D_50
INFO: [VRFC 10-311] analyzing module FF_D_51
INFO: [VRFC 10-311] analyzing module FF_D_52
INFO: [VRFC 10-311] analyzing module FF_D_53
INFO: [VRFC 10-311] analyzing module FF_D_54
INFO: [VRFC 10-311] analyzing module FF_D_55
INFO: [VRFC 10-311] analyzing module FF_D_56
INFO: [VRFC 10-311] analyzing module FF_D_57
INFO: [VRFC 10-311] analyzing module FF_D_58
INFO: [VRFC 10-311] analyzing module FF_D_59
INFO: [VRFC 10-311] analyzing module FF_D_6
INFO: [VRFC 10-311] analyzing module FF_D_60
INFO: [VRFC 10-311] analyzing module FF_D_61
INFO: [VRFC 10-311] analyzing module FF_D_62
INFO: [VRFC 10-311] analyzing module FF_D_63
INFO: [VRFC 10-311] analyzing module FF_D_64
INFO: [VRFC 10-311] analyzing module FF_D_65
INFO: [VRFC 10-311] analyzing module FF_D_66
INFO: [VRFC 10-311] analyzing module FF_D_67
INFO: [VRFC 10-311] analyzing module FF_D_68
INFO: [VRFC 10-311] analyzing module FF_D_69
INFO: [VRFC 10-311] analyzing module FF_D_7
INFO: [VRFC 10-311] analyzing module FF_D_70
INFO: [VRFC 10-311] analyzing module FF_D_71
INFO: [VRFC 10-311] analyzing module FF_D_72
INFO: [VRFC 10-311] analyzing module FF_D_73
INFO: [VRFC 10-311] analyzing module FF_D_74
INFO: [VRFC 10-311] analyzing module FF_D_75
INFO: [VRFC 10-311] analyzing module FF_D_76
INFO: [VRFC 10-311] analyzing module FF_D_77
INFO: [VRFC 10-311] analyzing module FF_D_78
INFO: [VRFC 10-311] analyzing module FF_D_79
INFO: [VRFC 10-311] analyzing module FF_D_8
INFO: [VRFC 10-311] analyzing module FF_D_80
INFO: [VRFC 10-311] analyzing module FF_D_81
INFO: [VRFC 10-311] analyzing module FF_D_82
INFO: [VRFC 10-311] analyzing module FF_D_83
INFO: [VRFC 10-311] analyzing module FF_D_84
INFO: [VRFC 10-311] analyzing module FF_D_85
INFO: [VRFC 10-311] analyzing module FF_D_86
INFO: [VRFC 10-311] analyzing module FF_D_87
INFO: [VRFC 10-311] analyzing module FF_D_88
INFO: [VRFC 10-311] analyzing module FF_D_89
INFO: [VRFC 10-311] analyzing module FF_D_9
INFO: [VRFC 10-311] analyzing module FF_D_90
INFO: [VRFC 10-311] analyzing module FF_D_91
INFO: [VRFC 10-311] analyzing module FF_D_92
INFO: [VRFC 10-311] analyzing module FF_D_93
INFO: [VRFC 10-311] analyzing module FF_D_94
INFO: [VRFC 10-311] analyzing module FF_D_95
INFO: [VRFC 10-311] analyzing module FF_D_96
INFO: [VRFC 10-311] analyzing module FF_D_97
INFO: [VRFC 10-311] analyzing module FF_D_98
INFO: [VRFC 10-311] analyzing module FF_D_99
INFO: [VRFC 10-311] analyzing module FF_D_N
INFO: [VRFC 10-311] analyzing module FF_D_N_0
INFO: [VRFC 10-311] analyzing module FF_D_N_1
INFO: [VRFC 10-311] analyzing module FF_D_N_3
INFO: [VRFC 10-311] analyzing module FF_D_N_4
INFO: [VRFC 10-311] analyzing module FF_D_N_5
INFO: [VRFC 10-311] analyzing module FF_D_N__parameterized0
INFO: [VRFC 10-311] analyzing module FF_D_N__parameterized0_2
INFO: [VRFC 10-311] analyzing module FILTRO_ESPONENZIALE
INFO: [VRFC 10-311] analyzing module glbl
"xvhdl --incr --relax -prj TB_FILTRO_ESPONENZIALE_PPR_vhdl.prj"
run_program: Time (s): cpu = 00:00:01 ; elapsed = 00:00:07 . Memory (MB): peak = 3594.766 ; gain = 0.000
INFO: [USF-XSim-69] 'compile' step finished in '8' seconds
ERROR: [USF-XSim-62] 'compile' step failed with error(s) while executing 'C:/Users/utente/Desktop/Progetto_Vivado/RL_ExponentialFilter/ExponentialFilter/ProgettoRetiLogiche.sim/sim_1/impl/timing/xsim/compile.bat' script. Please check that the file has the correct 'read/write/execute' permissions and the Tcl console output for any other possible errors or warnings.
ERROR: [Vivado 12-4473] Detected error while running simulation. Please correct the issue and retry this operation.
launch_simulation: Time (s): cpu = 00:00:03 ; elapsed = 00:00:08 . Memory (MB): peak = 3594.766 ; gain = 0.000
ERROR: [Common 17-39] 'launch_simulation' failed due to earlier errors.
close_sim
INFO: [Simtcl 6-16] Simulation closed
exit
INFO: [Common 17-206] Exiting Vivado at Tue Aug 26 18:18:29 2025...
