Copyright 1986-2022 Xilinx, Inc. All Rights Reserved. Copyright 2022-2024 Advanced Micro Devices, Inc. All Rights Reserved.
---------------------------------------------------------------------------------------------------------------------------------------------------------------------------------------------------------------------------------------------------------------------------------------------
| Tool Version : Vivado v.2024.2 (win64) Build 5239630 Fri Nov 08 22:35:27 MST 2024
| Date         : Thu Aug 28 18:11:26 2025
| Host         : LAPTOP-S8I20B5B running 64-bit major release  (build 9200)
| Command      : report_timing_summary -max_paths 10 -report_unconstrained -warn_on_violation -file FILTRO_ESPONENZIALE_timing_summary_postroute_physopted.rpt -pb FILTRO_ESPONENZIALE_timing_summary_postroute_physopted.pb -rpx FILTRO_ESPONENZIALE_timing_summary_postroute_physopted.rpx
| Design       : FILTRO_ESPONENZIALE
| Device       : 7k70t-fbv676
| Speed File   : -1  PRODUCTION 1.12 2017-02-17
| Design State : Physopt postRoute
---------------------------------------------------------------------------------------------------------------------------------------------------------------------------------------------------------------------------------------------------------------------------------------------

Timing Summary Report

------------------------------------------------------------------------------------------------
| Timer Settings
| --------------
------------------------------------------------------------------------------------------------

  Enable Multi Corner Analysis               :  Yes
  Enable Pessimism Removal                   :  Yes
  Pessimism Removal Resolution               :  Nearest Common Node
  Enable Input Delay Default Clock           :  No
  Enable Preset / Clear Arcs                 :  No
  Disable Flight Delays                      :  No
  Ignore I/O Paths                           :  No
  Timing Early Launch at Borrowing Latches   :  No
  Borrow Time for Max Delay Exceptions       :  Yes
  Merge Timing Exceptions                    :  Yes
  Inter-SLR Compensation                     :  Conservative

  Corner  Analyze    Analyze    
  Name    Max Paths  Min Paths  
  ------  ---------  ---------  
  Slow    Yes        Yes        
  Fast    Yes        Yes        


------------------------------------------------------------------------------------------------
| Report Methodology
| ------------------
------------------------------------------------------------------------------------------------

Rule       Severity  Description                    Violations  
---------  --------  -----------------------------  ----------  
LUTAR-1    Warning   LUT drives async reset alert   1           
TIMING-18  Warning   Missing input or output delay  69          

Note: This report is based on the most recent report_methodology run and may not be up-to-date. Run report_methodology on the current design for the latest report.



check_timing report

Table of Contents
-----------------
1. checking no_clock (0)
2. checking constant_clock (0)
3. checking pulse_width_clock (0)
4. checking unconstrained_internal_endpoints (0)
5. checking no_input_delay (37)
6. checking no_output_delay (32)
7. checking multiple_clock (0)
8. checking generated_clocks (0)
9. checking loops (0)
10. checking partial_input_delay (0)
11. checking partial_output_delay (0)
12. checking latch_loops (0)

1. checking no_clock (0)
------------------------
 There are 0 register/latch pins with no clock.


2. checking constant_clock (0)
------------------------------
 There are 0 register/latch pins with constant_clock.


3. checking pulse_width_clock (0)
---------------------------------
 There are 0 register/latch pins which need pulse_width check


4. checking unconstrained_internal_endpoints (0)
------------------------------------------------
 There are 0 pins that are not constrained for maximum delay.

 There are 0 pins that are not constrained for maximum delay due to constant clock.


5. checking no_input_delay (37)
-------------------------------
 There are 37 input ports with no input delay specified. (HIGH)

 There are 0 input ports with no input delay but user has a false path constraint.


6. checking no_output_delay (32)
--------------------------------
 There are 32 ports with no output delay specified. (HIGH)

 There are 0 ports with no output delay but user has a false path constraint

 There are 0 ports with no output delay but with a timing clock defined on it or propagating through it


7. checking multiple_clock (0)
------------------------------
 There are 0 register/latch pins with multiple clocks.


8. checking generated_clocks (0)
--------------------------------
 There are 0 generated clocks that are not connected to a clock source.


9. checking loops (0)
---------------------
 There are 0 combinational loops in the design.


10. checking partial_input_delay (0)
------------------------------------
 There are 0 input ports with partial input delay specified.


11. checking partial_output_delay (0)
-------------------------------------
 There are 0 ports with partial output delay specified.


12. checking latch_loops (0)
----------------------------
 There are 0 combinational latch loops in the design through latch input



------------------------------------------------------------------------------------------------
| Design Timing Summary
| ---------------------
------------------------------------------------------------------------------------------------

    WNS(ns)      TNS(ns)  TNS Failing Endpoints  TNS Total Endpoints      WHS(ns)      THS(ns)  THS Failing Endpoints  THS Total Endpoints     WPWS(ns)     TPWS(ns)  TPWS Failing Endpoints  TPWS Total Endpoints  
    -------      -------  ---------------------  -------------------      -------      -------  ---------------------  -------------------     --------     --------  ----------------------  --------------------  
      1.137        0.000                      0                  195        0.157        0.000                      0                  195        3.850        0.000                       0                   231  


All user specified timing constraints are met.


------------------------------------------------------------------------------------------------
| Clock Summary
| -------------
------------------------------------------------------------------------------------------------

Clock    Waveform(ns)         Period(ns)      Frequency(MHz)
-----    ------------         ----------      --------------
sys_clk  {0.000 4.250}        8.500           117.647         


------------------------------------------------------------------------------------------------
| Intra Clock Table
| -----------------
------------------------------------------------------------------------------------------------

Clock             WNS(ns)      TNS(ns)  TNS Failing Endpoints  TNS Total Endpoints      WHS(ns)      THS(ns)  THS Failing Endpoints  THS Total Endpoints     WPWS(ns)     TPWS(ns)  TPWS Failing Endpoints  TPWS Total Endpoints  
-----             -------      -------  ---------------------  -------------------      -------      -------  ---------------------  -------------------     --------     --------  ----------------------  --------------------  
sys_clk             1.137        0.000                      0                  195        0.157        0.000                      0                  195        3.850        0.000                       0                   231  


------------------------------------------------------------------------------------------------
| Inter Clock Table
| -----------------
------------------------------------------------------------------------------------------------

From Clock    To Clock          WNS(ns)      TNS(ns)  TNS Failing Endpoints  TNS Total Endpoints      WHS(ns)      THS(ns)  THS Failing Endpoints  THS Total Endpoints  
----------    --------          -------      -------  ---------------------  -------------------      -------      -------  ---------------------  -------------------  


------------------------------------------------------------------------------------------------
| Other Path Groups Table
| -----------------------
------------------------------------------------------------------------------------------------

Path Group    From Clock    To Clock          WNS(ns)      TNS(ns)  TNS Failing Endpoints  TNS Total Endpoints      WHS(ns)      THS(ns)  THS Failing Endpoints  THS Total Endpoints  
----------    ----------    --------          -------      -------  ---------------------  -------------------      -------      -------  ---------------------  -------------------  


------------------------------------------------------------------------------------------------
| User Ignored Path Table
| -----------------------
------------------------------------------------------------------------------------------------

Path Group    From Clock    To Clock    
----------    ----------    --------    


------------------------------------------------------------------------------------------------
| Unconstrained Path Table
| ------------------------
------------------------------------------------------------------------------------------------

Path Group    From Clock    To Clock    
----------    ----------    --------    
(none)        sys_clk                     
(none)                      sys_clk       


------------------------------------------------------------------------------------------------
| Timing Details
| --------------
------------------------------------------------------------------------------------------------


---------------------------------------------------------------------------------------------------
From Clock:  sys_clk
  To Clock:  sys_clk

Setup :            0  Failing Endpoints,  Worst Slack        1.137ns,  Total Violation        0.000ns
Hold  :            0  Failing Endpoints,  Worst Slack        0.157ns,  Total Violation        0.000ns
PW    :            0  Failing Endpoints,  Worst Slack        3.850ns,  Total Violation        0.000ns
---------------------------------------------------------------------------------------------------


Max Delay Paths
--------------------------------------------------------------------------------------
Slack (MET) :             1.137ns  (required time - arrival time)
  Source:                 REG_K/GEN[1].FF_D_i/Q_reg/C
                            (rising edge-triggered cell FDCE clocked by sys_clk  {rise@0.000ns fall@4.250ns period=8.500ns})
  Destination:            PIPE_REG_SUM1/GEN[31].FF_D_i/Q_reg/D
                            (rising edge-triggered cell FDCE clocked by sys_clk  {rise@0.000ns fall@4.250ns period=8.500ns})
  Path Group:             sys_clk
  Path Type:              Setup (Max at Slow Process Corner)
  Requirement:            8.500ns  (sys_clk rise@8.500ns - sys_clk rise@0.000ns)
  Data Path Delay:        7.267ns  (logic 1.191ns (16.389%)  route 6.076ns (83.611%))
  Logic Levels:           15  (LUT3=1 LUT6=14)
  Clock Path Skew:        -0.096ns (DCD - SCD + CPR)
    Destination Clock Delay (DCD):    4.201ns = ( 12.701 - 8.500 ) 
    Source Clock Delay      (SCD):    4.562ns
    Clock Pessimism Removal (CPR):    0.265ns
  Clock Uncertainty:      0.035ns  ((TSJ^2 + TIJ^2)^1/2 + DJ) / 2 + PE
    Total System Jitter     (TSJ):    0.071ns
    Total Input Jitter      (TIJ):    0.000ns
    Discrete Jitter          (DJ):    0.000ns
    Phase Error              (PE):    0.000ns

    Location             Delay type                Incr(ns)  Path(ns)    Netlist Resource(s)
  -------------------------------------------------------------------    -------------------
                         (clock sys_clk rise edge)    0.000     0.000 r  
    P23                                               0.000     0.000 r  CLK (IN)
                         net (fo=0)                   0.000     0.000    CLK
    P23                  IBUF (Prop_ibuf_I_O)         0.845     0.845 r  CLK_IBUF_inst/O
                         net (fo=1, routed)           2.140     2.985    CLK_IBUF
    BUFGCTRL_X0Y0        BUFG (Prop_bufg_I_O)         0.120     3.105 r  CLK_IBUF_BUFG_inst/O
                         net (fo=230, routed)         1.457     4.562    REG_K/GEN[1].FF_D_i/CLK_IBUF_BUFG
    SLICE_X7Y60          FDCE                                         r  REG_K/GEN[1].FF_D_i/Q_reg/C
  -------------------------------------------------------------------    -------------------
    SLICE_X7Y60          FDCE (Prop_fdce_C_Q)         0.269     4.831 r  REG_K/GEN[1].FF_D_i/Q_reg/Q
                         net (fo=101, routed)         0.893     5.724    REG_Y_2/GEN[7].FF_D_i/S[1]
    SLICE_X8Y62          LUT6 (Prop_lut6_I2_O)        0.053     5.777 f  REG_Y_2/GEN[7].FF_D_i/Q_i_4__1/O
                         net (fo=3, routed)           0.813     6.590    REG_Y_2/GEN[7].FF_D_i/Q_reg_4
    SLICE_X7Y60          LUT3 (Prop_lut3_I0_O)        0.063     6.653 f  REG_Y_2/GEN[7].FF_D_i/Q_i_2__4/O
                         net (fo=4, routed)           0.475     7.128    REG_Y_2/GEN[7].FF_D_i/Q_i_2__4_n_0
    SLICE_X6Y60          LUT6 (Prop_lut6_I0_O)        0.170     7.298 r  REG_Y_2/GEN[7].FF_D_i/Q_i_2__3/O
                         net (fo=4, routed)           0.245     7.543    REG_Y_2/GEN[10].FF_D_i/Q_reg_11
    SLICE_X6Y61          LUT6 (Prop_lut6_I5_O)        0.053     7.596 f  REG_Y_2/GEN[10].FF_D_i/Q_i_10__0/O
                         net (fo=1, routed)           0.455     8.051    REG_Y_2/GEN[13].FF_D_i/Q_i_10_0
    SLICE_X8Y61          LUT6 (Prop_lut6_I1_O)        0.053     8.104 r  REG_Y_2/GEN[13].FF_D_i/Q_i_7__2/O
                         net (fo=2, routed)           0.272     8.376    REG_Y_2/GEN[17].FF_D_i/Q_i_7__1_3
    SLICE_X11Y62         LUT6 (Prop_lut6_I5_O)        0.053     8.429 f  REG_Y_2/GEN[17].FF_D_i/Q_i_10/O
                         net (fo=1, routed)           0.351     8.779    REG_Y_2/GEN[18].FF_D_i/Q_i_18_0
    SLICE_X12Y63         LUT6 (Prop_lut6_I1_O)        0.053     8.832 r  REG_Y_2/GEN[18].FF_D_i/Q_i_7__1/O
                         net (fo=2, routed)           0.398     9.230    REG_Y_2/GEN[22].FF_D_i/Q_i_15_3
    SLICE_X12Y64         LUT6 (Prop_lut6_I5_O)        0.053     9.283 f  REG_Y_2/GEN[22].FF_D_i/Q_i_18/O
                         net (fo=1, routed)           0.233     9.516    REG_Y_2/GEN[23].FF_D_i/Q_i_12_0
    SLICE_X13Y64         LUT6 (Prop_lut6_I1_O)        0.053     9.569 r  REG_Y_2/GEN[23].FF_D_i/Q_i_15/O
                         net (fo=2, routed)           0.342     9.911    REG_Y_2/GEN[27].FF_D_i/Q_i_9_3
    SLICE_X13Y66         LUT6 (Prop_lut6_I5_O)        0.053     9.964 f  REG_Y_2/GEN[27].FF_D_i/Q_i_12/O
                         net (fo=1, routed)           0.361    10.325    REG_Y_2/GEN[19].FF_D_i/Q_i_11
    SLICE_X13Y67         LUT6 (Prop_lut6_I1_O)        0.053    10.378 r  REG_Y_2/GEN[19].FF_D_i/Q_i_9/O
                         net (fo=2, routed)           0.242    10.620    REG_Y_2/GEN[31].FF_D_i/Q_i_6_2
    SLICE_X13Y68         LUT6 (Prop_lut6_I5_O)        0.053    10.673 f  REG_Y_2/GEN[31].FF_D_i/Q_i_11/O
                         net (fo=1, routed)           0.297    10.970    REG_Y_2/GEN[24].FF_D_i/Q_i_2
    SLICE_X13Y69         LUT6 (Prop_lut6_I1_O)        0.053    11.023 r  REG_Y_2/GEN[24].FF_D_i/Q_i_6/O
                         net (fo=1, routed)           0.361    11.384    REG_Y_2/GEN[31].FF_D_i/Q_reg_17
    SLICE_X13Y70         LUT6 (Prop_lut6_I0_O)        0.053    11.437 r  REG_Y_2/GEN[31].FF_D_i/Q_i_2/O
                         net (fo=1, routed)           0.339    11.776    REG_K/GEN[2].FF_D_i/Q_reg_8
    SLICE_X11Y70         LUT6 (Prop_lut6_I0_O)        0.053    11.829 r  REG_K/GEN[2].FF_D_i/Q_i_1__25/O
                         net (fo=1, routed)           0.000    11.829    PIPE_REG_SUM1/GEN[31].FF_D_i/SUM_1[0]
    SLICE_X11Y70         FDCE                                         r  PIPE_REG_SUM1/GEN[31].FF_D_i/Q_reg/D
  -------------------------------------------------------------------    -------------------

                         (clock sys_clk rise edge)    8.500     8.500 r  
    P23                                               0.000     8.500 r  CLK (IN)
                         net (fo=0)                   0.000     8.500    CLK
    P23                  IBUF (Prop_ibuf_I_O)         0.769     9.269 r  CLK_IBUF_inst/O
                         net (fo=1, routed)           2.040    11.309    CLK_IBUF
    BUFGCTRL_X0Y0        BUFG (Prop_bufg_I_O)         0.113    11.422 r  CLK_IBUF_BUFG_inst/O
                         net (fo=230, routed)         1.279    12.701    PIPE_REG_SUM1/GEN[31].FF_D_i/CLK_IBUF_BUFG
    SLICE_X11Y70         FDCE                                         r  PIPE_REG_SUM1/GEN[31].FF_D_i/Q_reg/C
                         clock pessimism              0.265    12.966    
                         clock uncertainty           -0.035    12.931    
    SLICE_X11Y70         FDCE (Setup_fdce_C_D)        0.035    12.966    PIPE_REG_SUM1/GEN[31].FF_D_i/Q_reg
  -------------------------------------------------------------------
                         required time                         12.966    
                         arrival time                         -11.829    
  -------------------------------------------------------------------
                         slack                                  1.137    

Slack (MET) :             1.340ns  (required time - arrival time)
  Source:                 REG_K/GEN[1].FF_D_i/Q_reg/C
                            (rising edge-triggered cell FDCE clocked by sys_clk  {rise@0.000ns fall@4.250ns period=8.500ns})
  Destination:            PIPE_REG_SUM1/GEN[29].FF_D_i/Q_reg/D
                            (rising edge-triggered cell FDCE clocked by sys_clk  {rise@0.000ns fall@4.250ns period=8.500ns})
  Path Group:             sys_clk
  Path Type:              Setup (Max at Slow Process Corner)
  Requirement:            8.500ns  (sys_clk rise@8.500ns - sys_clk rise@0.000ns)
  Data Path Delay:        7.101ns  (logic 1.191ns (16.773%)  route 5.910ns (83.227%))
  Logic Levels:           15  (LUT3=2 LUT6=13)
  Clock Path Skew:        -0.095ns (DCD - SCD + CPR)
    Destination Clock Delay (DCD):    4.202ns = ( 12.702 - 8.500 ) 
    Source Clock Delay      (SCD):    4.562ns
    Clock Pessimism Removal (CPR):    0.265ns
  Clock Uncertainty:      0.035ns  ((TSJ^2 + TIJ^2)^1/2 + DJ) / 2 + PE
    Total System Jitter     (TSJ):    0.071ns
    Total Input Jitter      (TIJ):    0.000ns
    Discrete Jitter          (DJ):    0.000ns
    Phase Error              (PE):    0.000ns

    Location             Delay type                Incr(ns)  Path(ns)    Netlist Resource(s)
  -------------------------------------------------------------------    -------------------
                         (clock sys_clk rise edge)    0.000     0.000 r  
    P23                                               0.000     0.000 r  CLK (IN)
                         net (fo=0)                   0.000     0.000    CLK
    P23                  IBUF (Prop_ibuf_I_O)         0.845     0.845 r  CLK_IBUF_inst/O
                         net (fo=1, routed)           2.140     2.985    CLK_IBUF
    BUFGCTRL_X0Y0        BUFG (Prop_bufg_I_O)         0.120     3.105 r  CLK_IBUF_BUFG_inst/O
                         net (fo=230, routed)         1.457     4.562    REG_K/GEN[1].FF_D_i/CLK_IBUF_BUFG
    SLICE_X7Y60          FDCE                                         r  REG_K/GEN[1].FF_D_i/Q_reg/C
  -------------------------------------------------------------------    -------------------
    SLICE_X7Y60          FDCE (Prop_fdce_C_Q)         0.269     4.831 r  REG_K/GEN[1].FF_D_i/Q_reg/Q
                         net (fo=101, routed)         0.893     5.724    REG_Y_2/GEN[7].FF_D_i/S[1]
    SLICE_X8Y62          LUT6 (Prop_lut6_I2_O)        0.053     5.777 f  REG_Y_2/GEN[7].FF_D_i/Q_i_4__1/O
                         net (fo=3, routed)           0.813     6.590    REG_Y_2/GEN[7].FF_D_i/Q_reg_4
    SLICE_X7Y60          LUT3 (Prop_lut3_I0_O)        0.063     6.653 f  REG_Y_2/GEN[7].FF_D_i/Q_i_2__4/O
                         net (fo=4, routed)           0.475     7.128    REG_Y_2/GEN[7].FF_D_i/Q_i_2__4_n_0
    SLICE_X6Y60          LUT6 (Prop_lut6_I0_O)        0.170     7.298 r  REG_Y_2/GEN[7].FF_D_i/Q_i_2__3/O
                         net (fo=4, routed)           0.245     7.543    REG_Y_2/GEN[10].FF_D_i/Q_reg_11
    SLICE_X6Y61          LUT6 (Prop_lut6_I5_O)        0.053     7.596 f  REG_Y_2/GEN[10].FF_D_i/Q_i_10__0/O
                         net (fo=1, routed)           0.455     8.051    REG_Y_2/GEN[13].FF_D_i/Q_i_10_0
    SLICE_X8Y61          LUT6 (Prop_lut6_I1_O)        0.053     8.104 r  REG_Y_2/GEN[13].FF_D_i/Q_i_7__2/O
                         net (fo=2, routed)           0.272     8.376    REG_Y_2/GEN[17].FF_D_i/Q_i_7__1_3
    SLICE_X11Y62         LUT6 (Prop_lut6_I5_O)        0.053     8.429 f  REG_Y_2/GEN[17].FF_D_i/Q_i_10/O
                         net (fo=1, routed)           0.351     8.779    REG_Y_2/GEN[18].FF_D_i/Q_i_18_0
    SLICE_X12Y63         LUT6 (Prop_lut6_I1_O)        0.053     8.832 r  REG_Y_2/GEN[18].FF_D_i/Q_i_7__1/O
                         net (fo=2, routed)           0.398     9.230    REG_Y_2/GEN[22].FF_D_i/Q_i_15_3
    SLICE_X12Y64         LUT6 (Prop_lut6_I5_O)        0.053     9.283 f  REG_Y_2/GEN[22].FF_D_i/Q_i_18/O
                         net (fo=1, routed)           0.233     9.516    REG_Y_2/GEN[23].FF_D_i/Q_i_12_0
    SLICE_X13Y64         LUT6 (Prop_lut6_I1_O)        0.053     9.569 r  REG_Y_2/GEN[23].FF_D_i/Q_i_15/O
                         net (fo=2, routed)           0.342     9.911    REG_Y_2/GEN[27].FF_D_i/Q_i_9_3
    SLICE_X13Y66         LUT6 (Prop_lut6_I5_O)        0.053     9.964 f  REG_Y_2/GEN[27].FF_D_i/Q_i_12/O
                         net (fo=1, routed)           0.361    10.325    REG_Y_2/GEN[19].FF_D_i/Q_i_11
    SLICE_X13Y67         LUT6 (Prop_lut6_I1_O)        0.053    10.378 r  REG_Y_2/GEN[19].FF_D_i/Q_i_9/O
                         net (fo=2, routed)           0.238    10.616    REG_Y_2/GEN[19].FF_D_i/Q_reg_2
    SLICE_X13Y68         LUT6 (Prop_lut6_I0_O)        0.053    10.669 r  REG_Y_2/GEN[19].FF_D_i/Q_i_7/O
                         net (fo=1, routed)           0.228    10.897    REG_Y_2/GEN[19].FF_D_i/Q_i_7_n_0
    SLICE_X13Y69         LUT6 (Prop_lut6_I0_O)        0.053    10.950 r  REG_Y_2/GEN[19].FF_D_i/Q_i_3/O
                         net (fo=2, routed)           0.316    11.266    REG_Y_2/GEN[31].FF_D_i/Q_reg_10
    SLICE_X11Y69         LUT6 (Prop_lut6_I0_O)        0.053    11.319 r  REG_Y_2/GEN[31].FF_D_i/Q_i_2__0/O
                         net (fo=2, routed)           0.291    11.610    REG_Y_2/GEN[31].FF_D_i/Q_i_2__0_n_0
    SLICE_X10Y69         LUT3 (Prop_lut3_I0_O)        0.053    11.663 r  REG_Y_2/GEN[31].FF_D_i/Q_i_1__23/O
                         net (fo=1, routed)           0.000    11.663    PIPE_REG_SUM1/GEN[29].FF_D_i/SUM_1[0]
    SLICE_X10Y69         FDCE                                         r  PIPE_REG_SUM1/GEN[29].FF_D_i/Q_reg/D
  -------------------------------------------------------------------    -------------------

                         (clock sys_clk rise edge)    8.500     8.500 r  
    P23                                               0.000     8.500 r  CLK (IN)
                         net (fo=0)                   0.000     8.500    CLK
    P23                  IBUF (Prop_ibuf_I_O)         0.769     9.269 r  CLK_IBUF_inst/O
                         net (fo=1, routed)           2.040    11.309    CLK_IBUF
    BUFGCTRL_X0Y0        BUFG (Prop_bufg_I_O)         0.113    11.422 r  CLK_IBUF_BUFG_inst/O
                         net (fo=230, routed)         1.280    12.702    PIPE_REG_SUM1/GEN[29].FF_D_i/CLK_IBUF_BUFG
    SLICE_X10Y69         FDCE                                         r  PIPE_REG_SUM1/GEN[29].FF_D_i/Q_reg/C
                         clock pessimism              0.265    12.967    
                         clock uncertainty           -0.035    12.932    
    SLICE_X10Y69         FDCE (Setup_fdce_C_D)        0.071    13.003    PIPE_REG_SUM1/GEN[29].FF_D_i/Q_reg
  -------------------------------------------------------------------
                         required time                         13.003    
                         arrival time                         -11.663    
  -------------------------------------------------------------------
                         slack                                  1.340    

Slack (MET) :             1.343ns  (required time - arrival time)
  Source:                 REG_K/GEN[1].FF_D_i/Q_reg/C
                            (rising edge-triggered cell FDCE clocked by sys_clk  {rise@0.000ns fall@4.250ns period=8.500ns})
  Destination:            PIPE_REG_SUM1/GEN[30].FF_D_i/Q_reg/D
                            (rising edge-triggered cell FDCE clocked by sys_clk  {rise@0.000ns fall@4.250ns period=8.500ns})
  Path Group:             sys_clk
  Path Type:              Setup (Max at Slow Process Corner)
  Requirement:            8.500ns  (sys_clk rise@8.500ns - sys_clk rise@0.000ns)
  Data Path Delay:        7.099ns  (logic 1.191ns (16.778%)  route 5.908ns (83.222%))
  Logic Levels:           15  (LUT3=1 LUT6=14)
  Clock Path Skew:        -0.095ns (DCD - SCD + CPR)
    Destination Clock Delay (DCD):    4.202ns = ( 12.702 - 8.500 ) 
    Source Clock Delay      (SCD):    4.562ns
    Clock Pessimism Removal (CPR):    0.265ns
  Clock Uncertainty:      0.035ns  ((TSJ^2 + TIJ^2)^1/2 + DJ) / 2 + PE
    Total System Jitter     (TSJ):    0.071ns
    Total Input Jitter      (TIJ):    0.000ns
    Discrete Jitter          (DJ):    0.000ns
    Phase Error              (PE):    0.000ns

    Location             Delay type                Incr(ns)  Path(ns)    Netlist Resource(s)
  -------------------------------------------------------------------    -------------------
                         (clock sys_clk rise edge)    0.000     0.000 r  
    P23                                               0.000     0.000 r  CLK (IN)
                         net (fo=0)                   0.000     0.000    CLK
    P23                  IBUF (Prop_ibuf_I_O)         0.845     0.845 r  CLK_IBUF_inst/O
                         net (fo=1, routed)           2.140     2.985    CLK_IBUF
    BUFGCTRL_X0Y0        BUFG (Prop_bufg_I_O)         0.120     3.105 r  CLK_IBUF_BUFG_inst/O
                         net (fo=230, routed)         1.457     4.562    REG_K/GEN[1].FF_D_i/CLK_IBUF_BUFG
    SLICE_X7Y60          FDCE                                         r  REG_K/GEN[1].FF_D_i/Q_reg/C
  -------------------------------------------------------------------    -------------------
    SLICE_X7Y60          FDCE (Prop_fdce_C_Q)         0.269     4.831 r  REG_K/GEN[1].FF_D_i/Q_reg/Q
                         net (fo=101, routed)         0.893     5.724    REG_Y_2/GEN[7].FF_D_i/S[1]
    SLICE_X8Y62          LUT6 (Prop_lut6_I2_O)        0.053     5.777 f  REG_Y_2/GEN[7].FF_D_i/Q_i_4__1/O
                         net (fo=3, routed)           0.813     6.590    REG_Y_2/GEN[7].FF_D_i/Q_reg_4
    SLICE_X7Y60          LUT3 (Prop_lut3_I0_O)        0.063     6.653 f  REG_Y_2/GEN[7].FF_D_i/Q_i_2__4/O
                         net (fo=4, routed)           0.475     7.128    REG_Y_2/GEN[7].FF_D_i/Q_i_2__4_n_0
    SLICE_X6Y60          LUT6 (Prop_lut6_I0_O)        0.170     7.298 r  REG_Y_2/GEN[7].FF_D_i/Q_i_2__3/O
                         net (fo=4, routed)           0.245     7.543    REG_Y_2/GEN[10].FF_D_i/Q_reg_11
    SLICE_X6Y61          LUT6 (Prop_lut6_I5_O)        0.053     7.596 f  REG_Y_2/GEN[10].FF_D_i/Q_i_10__0/O
                         net (fo=1, routed)           0.455     8.051    REG_Y_2/GEN[13].FF_D_i/Q_i_10_0
    SLICE_X8Y61          LUT6 (Prop_lut6_I1_O)        0.053     8.104 r  REG_Y_2/GEN[13].FF_D_i/Q_i_7__2/O
                         net (fo=2, routed)           0.272     8.376    REG_Y_2/GEN[17].FF_D_i/Q_i_7__1_3
    SLICE_X11Y62         LUT6 (Prop_lut6_I5_O)        0.053     8.429 f  REG_Y_2/GEN[17].FF_D_i/Q_i_10/O
                         net (fo=1, routed)           0.351     8.779    REG_Y_2/GEN[18].FF_D_i/Q_i_18_0
    SLICE_X12Y63         LUT6 (Prop_lut6_I1_O)        0.053     8.832 r  REG_Y_2/GEN[18].FF_D_i/Q_i_7__1/O
                         net (fo=2, routed)           0.398     9.230    REG_Y_2/GEN[22].FF_D_i/Q_i_15_3
    SLICE_X12Y64         LUT6 (Prop_lut6_I5_O)        0.053     9.283 f  REG_Y_2/GEN[22].FF_D_i/Q_i_18/O
                         net (fo=1, routed)           0.233     9.516    REG_Y_2/GEN[23].FF_D_i/Q_i_12_0
    SLICE_X13Y64         LUT6 (Prop_lut6_I1_O)        0.053     9.569 r  REG_Y_2/GEN[23].FF_D_i/Q_i_15/O
                         net (fo=2, routed)           0.342     9.911    REG_Y_2/GEN[27].FF_D_i/Q_i_9_3
    SLICE_X13Y66         LUT6 (Prop_lut6_I5_O)        0.053     9.964 f  REG_Y_2/GEN[27].FF_D_i/Q_i_12/O
                         net (fo=1, routed)           0.361    10.325    REG_Y_2/GEN[19].FF_D_i/Q_i_11
    SLICE_X13Y67         LUT6 (Prop_lut6_I1_O)        0.053    10.378 r  REG_Y_2/GEN[19].FF_D_i/Q_i_9/O
                         net (fo=2, routed)           0.238    10.616    REG_Y_2/GEN[19].FF_D_i/Q_reg_2
    SLICE_X13Y68         LUT6 (Prop_lut6_I0_O)        0.053    10.669 r  REG_Y_2/GEN[19].FF_D_i/Q_i_7/O
                         net (fo=1, routed)           0.228    10.897    REG_Y_2/GEN[19].FF_D_i/Q_i_7_n_0
    SLICE_X13Y69         LUT6 (Prop_lut6_I0_O)        0.053    10.950 r  REG_Y_2/GEN[19].FF_D_i/Q_i_3/O
                         net (fo=2, routed)           0.316    11.266    REG_Y_2/GEN[31].FF_D_i/Q_reg_10
    SLICE_X11Y69         LUT6 (Prop_lut6_I0_O)        0.053    11.319 r  REG_Y_2/GEN[31].FF_D_i/Q_i_2__0/O
                         net (fo=2, routed)           0.289    11.608    REG_Y_2/GEN[31].FF_D_i/Q_i_2__0_n_0
    SLICE_X10Y69         LUT6 (Prop_lut6_I1_O)        0.053    11.661 r  REG_Y_2/GEN[31].FF_D_i/Q_i_1__24/O
                         net (fo=1, routed)           0.000    11.661    PIPE_REG_SUM1/GEN[30].FF_D_i/SUM_1[0]
    SLICE_X10Y69         FDCE                                         r  PIPE_REG_SUM1/GEN[30].FF_D_i/Q_reg/D
  -------------------------------------------------------------------    -------------------

                         (clock sys_clk rise edge)    8.500     8.500 r  
    P23                                               0.000     8.500 r  CLK (IN)
                         net (fo=0)                   0.000     8.500    CLK
    P23                  IBUF (Prop_ibuf_I_O)         0.769     9.269 r  CLK_IBUF_inst/O
                         net (fo=1, routed)           2.040    11.309    CLK_IBUF
    BUFGCTRL_X0Y0        BUFG (Prop_bufg_I_O)         0.113    11.422 r  CLK_IBUF_BUFG_inst/O
                         net (fo=230, routed)         1.280    12.702    PIPE_REG_SUM1/GEN[30].FF_D_i/CLK_IBUF_BUFG
    SLICE_X10Y69         FDCE                                         r  PIPE_REG_SUM1/GEN[30].FF_D_i/Q_reg/C
                         clock pessimism              0.265    12.967    
                         clock uncertainty           -0.035    12.932    
    SLICE_X10Y69         FDCE (Setup_fdce_C_D)        0.072    13.004    PIPE_REG_SUM1/GEN[30].FF_D_i/Q_reg
  -------------------------------------------------------------------
                         required time                         13.004    
                         arrival time                         -11.661    
  -------------------------------------------------------------------
                         slack                                  1.343    

Slack (MET) :             1.365ns  (required time - arrival time)
  Source:                 PIPE_REG_K/GEN[1].FF_D_i/Q_reg/C
                            (rising edge-triggered cell FDCE clocked by sys_clk  {rise@0.000ns fall@4.250ns period=8.500ns})
  Destination:            REG_Y_1/GEN[29].FF_D_i/Q_reg_lopt_replica/D
                            (rising edge-triggered cell FDCE clocked by sys_clk  {rise@0.000ns fall@4.250ns period=8.500ns})
  Path Group:             sys_clk
  Path Type:              Setup (Max at Slow Process Corner)
  Requirement:            8.500ns  (sys_clk rise@8.500ns - sys_clk rise@0.000ns)
  Data Path Delay:        7.029ns  (logic 1.193ns (16.973%)  route 5.836ns (83.027%))
  Logic Levels:           15  (LUT3=3 LUT6=12)
  Clock Path Skew:        -0.026ns (DCD - SCD + CPR)
    Destination Clock Delay (DCD):    4.261ns = ( 12.761 - 8.500 ) 
    Source Clock Delay      (SCD):    4.559ns
    Clock Pessimism Removal (CPR):    0.272ns
  Clock Uncertainty:      0.035ns  ((TSJ^2 + TIJ^2)^1/2 + DJ) / 2 + PE
    Total System Jitter     (TSJ):    0.071ns
    Total Input Jitter      (TIJ):    0.000ns
    Discrete Jitter          (DJ):    0.000ns
    Phase Error              (PE):    0.000ns

    Location             Delay type                Incr(ns)  Path(ns)    Netlist Resource(s)
  -------------------------------------------------------------------    -------------------
                         (clock sys_clk rise edge)    0.000     0.000 r  
    P23                                               0.000     0.000 r  CLK (IN)
                         net (fo=0)                   0.000     0.000    CLK
    P23                  IBUF (Prop_ibuf_I_O)         0.845     0.845 r  CLK_IBUF_inst/O
                         net (fo=1, routed)           2.140     2.985    CLK_IBUF
    BUFGCTRL_X0Y0        BUFG (Prop_bufg_I_O)         0.120     3.105 r  CLK_IBUF_BUFG_inst/O
                         net (fo=230, routed)         1.454     4.559    PIPE_REG_K/GEN[1].FF_D_i/CLK_IBUF_BUFG
    SLICE_X5Y63          FDCE                                         r  PIPE_REG_K/GEN[1].FF_D_i/Q_reg/C
  -------------------------------------------------------------------    -------------------
    SLICE_X5Y63          FDCE (Prop_fdce_C_Q)         0.269     4.828 r  PIPE_REG_K/GEN[1].FF_D_i/Q_reg/Q
                         net (fo=34, routed)          0.803     5.631    PIPE_REG_SUM1/GEN[5].FF_D_i/Q_i_3__52
    SLICE_X5Y60          LUT6 (Prop_lut6_I2_O)        0.053     5.684 f  PIPE_REG_SUM1/GEN[5].FF_D_i/Q_i_6__25/O
                         net (fo=2, routed)           0.544     6.228    PIPE_REG_SUM1/GEN[9].FF_D_i/Q_reg_21
    SLICE_X5Y64          LUT3 (Prop_lut3_I2_O)        0.065     6.293 f  PIPE_REG_SUM1/GEN[9].FF_D_i/Q_i_3__52/O
                         net (fo=2, routed)           0.467     6.760    PIPE_REG_SUM1/GEN[9].FF_D_i/Q_reg_5
    SLICE_X2Y60          LUT3 (Prop_lut3_I1_O)        0.170     6.930 f  PIPE_REG_SUM1/GEN[9].FF_D_i/Q_i_4__33/O
                         net (fo=4, routed)           0.527     7.457    PIPE_REG_SUM1/GEN[5].FF_D_i/Q_reg_10
    SLICE_X2Y60          LUT6 (Prop_lut6_I4_O)        0.053     7.510 f  PIPE_REG_SUM1/GEN[5].FF_D_i/Q_i_15__2/O
                         net (fo=1, routed)           0.238     7.747    PIPE_REG_SUM1/GEN[5].FF_D_i/Q_i_15__2_n_0
    SLICE_X2Y61          LUT6 (Prop_lut6_I1_O)        0.053     7.800 r  PIPE_REG_SUM1/GEN[5].FF_D_i/Q_i_12__5/O
                         net (fo=2, routed)           0.316     8.116    PIPE_REG_SUM1/GEN[17].FF_D_i/Q_i_12__4_3
    SLICE_X3Y63          LUT6 (Prop_lut6_I5_O)        0.053     8.169 f  PIPE_REG_SUM1/GEN[17].FF_D_i/Q_i_16__0/O
                         net (fo=1, routed)           0.131     8.301    PIPE_REG_SUM1/GEN[9].FF_D_i/Q_i_15__1
    SLICE_X3Y63          LUT6 (Prop_lut6_I1_O)        0.053     8.354 r  PIPE_REG_SUM1/GEN[9].FF_D_i/Q_i_12__4/O
                         net (fo=2, routed)           0.365     8.719    PIPE_REG_SUM1/GEN[15].FF_D_i/Q_i_12__3_4
    SLICE_X4Y65          LUT6 (Prop_lut6_I5_O)        0.053     8.772 f  PIPE_REG_SUM1/GEN[15].FF_D_i/Q_i_15__1/O
                         net (fo=1, routed)           0.335     9.107    PIPE_REG_SUM1/GEN[15].FF_D_i/Q_i_15__1_n_0
    SLICE_X4Y66          LUT6 (Prop_lut6_I1_O)        0.053     9.160 r  PIPE_REG_SUM1/GEN[15].FF_D_i/Q_i_12__3/O
                         net (fo=2, routed)           0.247     9.408    PIPE_REG_SUM1/GEN[20].FF_D_i/Q_i_11__4_4
    SLICE_X3Y66          LUT6 (Prop_lut6_I5_O)        0.053     9.461 f  PIPE_REG_SUM1/GEN[20].FF_D_i/Q_i_15__0/O
                         net (fo=1, routed)           0.330     9.791    PIPE_REG_SUM1/GEN[20].FF_D_i/Q_i_15__0_n_0
    SLICE_X3Y67          LUT6 (Prop_lut6_I1_O)        0.053     9.844 r  PIPE_REG_SUM1/GEN[20].FF_D_i/Q_i_11__4/O
                         net (fo=1, routed)           0.236    10.079    PIPE_REG_SUM1/GEN[20].FF_D_i/Q_i_11__4_n_0
    SLICE_X3Y68          LUT6 (Prop_lut6_I0_O)        0.053    10.132 r  PIPE_REG_SUM1/GEN[20].FF_D_i/Q_i_8__12/O
                         net (fo=1, routed)           0.303    10.435    PIPE_REG_SUM1/GEN[20].FF_D_i/Q_i_8__12_n_0
    SLICE_X5Y69          LUT6 (Prop_lut6_I0_O)        0.053    10.488 r  PIPE_REG_SUM1/GEN[20].FF_D_i/Q_i_5__22/O
                         net (fo=1, routed)           0.194    10.682    PIPE_REG_SUM1/GEN[31].FF_D_i/Q_reg_14
    SLICE_X5Y69          LUT6 (Prop_lut6_I0_O)        0.053    10.735 r  PIPE_REG_SUM1/GEN[31].FF_D_i/Q_i_2__52/O
                         net (fo=3, routed)           0.370    11.105    PIPE_REG_SUM1/GEN[31].FF_D_i/Q_reg_2
    SLICE_X6Y69          LUT3 (Prop_lut3_I0_O)        0.053    11.158 r  PIPE_REG_SUM1/GEN[31].FF_D_i/Q_i_1__59/O
                         net (fo=2, routed)           0.430    11.588    REG_Y_1/GEN[29].FF_D_i/Y_to_reg[0]
    SLICE_X7Y69          FDCE                                         r  REG_Y_1/GEN[29].FF_D_i/Q_reg_lopt_replica/D
  -------------------------------------------------------------------    -------------------

                         (clock sys_clk rise edge)    8.500     8.500 r  
    P23                                               0.000     8.500 r  CLK (IN)
                         net (fo=0)                   0.000     8.500    CLK
    P23                  IBUF (Prop_ibuf_I_O)         0.769     9.269 r  CLK_IBUF_inst/O
                         net (fo=1, routed)           2.040    11.309    CLK_IBUF
    BUFGCTRL_X0Y0        BUFG (Prop_bufg_I_O)         0.113    11.422 r  CLK_IBUF_BUFG_inst/O
                         net (fo=230, routed)         1.339    12.761    REG_Y_1/GEN[29].FF_D_i/CLK_IBUF_BUFG
    SLICE_X7Y69          FDCE                                         r  REG_Y_1/GEN[29].FF_D_i/Q_reg_lopt_replica/C
                         clock pessimism              0.272    13.033    
                         clock uncertainty           -0.035    12.998    
    SLICE_X7Y69          FDCE (Setup_fdce_C_D)       -0.045    12.953    REG_Y_1/GEN[29].FF_D_i/Q_reg_lopt_replica
  -------------------------------------------------------------------
                         required time                         12.953    
                         arrival time                         -11.588    
  -------------------------------------------------------------------
                         slack                                  1.365    

Slack (MET) :             1.520ns  (required time - arrival time)
  Source:                 PIPE_REG_K/GEN[1].FF_D_i/Q_reg/C
                            (rising edge-triggered cell FDCE clocked by sys_clk  {rise@0.000ns fall@4.250ns period=8.500ns})
  Destination:            REG_Y_1/GEN[29].FF_D_i/Q_reg/D
                            (rising edge-triggered cell FDCE clocked by sys_clk  {rise@0.000ns fall@4.250ns period=8.500ns})
  Path Group:             sys_clk
  Path Type:              Setup (Max at Slow Process Corner)
  Requirement:            8.500ns  (sys_clk rise@8.500ns - sys_clk rise@0.000ns)
  Data Path Delay:        6.885ns  (logic 1.193ns (17.327%)  route 5.692ns (82.673%))
  Logic Levels:           15  (LUT3=3 LUT6=12)
  Clock Path Skew:        -0.026ns (DCD - SCD + CPR)
    Destination Clock Delay (DCD):    4.261ns = ( 12.761 - 8.500 ) 
    Source Clock Delay      (SCD):    4.559ns
    Clock Pessimism Removal (CPR):    0.272ns
  Clock Uncertainty:      0.035ns  ((TSJ^2 + TIJ^2)^1/2 + DJ) / 2 + PE
    Total System Jitter     (TSJ):    0.071ns
    Total Input Jitter      (TIJ):    0.000ns
    Discrete Jitter          (DJ):    0.000ns
    Phase Error              (PE):    0.000ns

    Location             Delay type                Incr(ns)  Path(ns)    Netlist Resource(s)
  -------------------------------------------------------------------    -------------------
                         (clock sys_clk rise edge)    0.000     0.000 r  
    P23                                               0.000     0.000 r  CLK (IN)
                         net (fo=0)                   0.000     0.000    CLK
    P23                  IBUF (Prop_ibuf_I_O)         0.845     0.845 r  CLK_IBUF_inst/O
                         net (fo=1, routed)           2.140     2.985    CLK_IBUF
    BUFGCTRL_X0Y0        BUFG (Prop_bufg_I_O)         0.120     3.105 r  CLK_IBUF_BUFG_inst/O
                         net (fo=230, routed)         1.454     4.559    PIPE_REG_K/GEN[1].FF_D_i/CLK_IBUF_BUFG
    SLICE_X5Y63          FDCE                                         r  PIPE_REG_K/GEN[1].FF_D_i/Q_reg/C
  -------------------------------------------------------------------    -------------------
    SLICE_X5Y63          FDCE (Prop_fdce_C_Q)         0.269     4.828 r  PIPE_REG_K/GEN[1].FF_D_i/Q_reg/Q
                         net (fo=34, routed)          0.803     5.631    PIPE_REG_SUM1/GEN[5].FF_D_i/Q_i_3__52
    SLICE_X5Y60          LUT6 (Prop_lut6_I2_O)        0.053     5.684 f  PIPE_REG_SUM1/GEN[5].FF_D_i/Q_i_6__25/O
                         net (fo=2, routed)           0.544     6.228    PIPE_REG_SUM1/GEN[9].FF_D_i/Q_reg_21
    SLICE_X5Y64          LUT3 (Prop_lut3_I2_O)        0.065     6.293 f  PIPE_REG_SUM1/GEN[9].FF_D_i/Q_i_3__52/O
                         net (fo=2, routed)           0.467     6.760    PIPE_REG_SUM1/GEN[9].FF_D_i/Q_reg_5
    SLICE_X2Y60          LUT3 (Prop_lut3_I1_O)        0.170     6.930 f  PIPE_REG_SUM1/GEN[9].FF_D_i/Q_i_4__33/O
                         net (fo=4, routed)           0.527     7.457    PIPE_REG_SUM1/GEN[5].FF_D_i/Q_reg_10
    SLICE_X2Y60          LUT6 (Prop_lut6_I4_O)        0.053     7.510 f  PIPE_REG_SUM1/GEN[5].FF_D_i/Q_i_15__2/O
                         net (fo=1, routed)           0.238     7.747    PIPE_REG_SUM1/GEN[5].FF_D_i/Q_i_15__2_n_0
    SLICE_X2Y61          LUT6 (Prop_lut6_I1_O)        0.053     7.800 r  PIPE_REG_SUM1/GEN[5].FF_D_i/Q_i_12__5/O
                         net (fo=2, routed)           0.316     8.116    PIPE_REG_SUM1/GEN[17].FF_D_i/Q_i_12__4_3
    SLICE_X3Y63          LUT6 (Prop_lut6_I5_O)        0.053     8.169 f  PIPE_REG_SUM1/GEN[17].FF_D_i/Q_i_16__0/O
                         net (fo=1, routed)           0.131     8.301    PIPE_REG_SUM1/GEN[9].FF_D_i/Q_i_15__1
    SLICE_X3Y63          LUT6 (Prop_lut6_I1_O)        0.053     8.354 r  PIPE_REG_SUM1/GEN[9].FF_D_i/Q_i_12__4/O
                         net (fo=2, routed)           0.365     8.719    PIPE_REG_SUM1/GEN[15].FF_D_i/Q_i_12__3_4
    SLICE_X4Y65          LUT6 (Prop_lut6_I5_O)        0.053     8.772 f  PIPE_REG_SUM1/GEN[15].FF_D_i/Q_i_15__1/O
                         net (fo=1, routed)           0.335     9.107    PIPE_REG_SUM1/GEN[15].FF_D_i/Q_i_15__1_n_0
    SLICE_X4Y66          LUT6 (Prop_lut6_I1_O)        0.053     9.160 r  PIPE_REG_SUM1/GEN[15].FF_D_i/Q_i_12__3/O
                         net (fo=2, routed)           0.247     9.408    PIPE_REG_SUM1/GEN[20].FF_D_i/Q_i_11__4_4
    SLICE_X3Y66          LUT6 (Prop_lut6_I5_O)        0.053     9.461 f  PIPE_REG_SUM1/GEN[20].FF_D_i/Q_i_15__0/O
                         net (fo=1, routed)           0.330     9.791    PIPE_REG_SUM1/GEN[20].FF_D_i/Q_i_15__0_n_0
    SLICE_X3Y67          LUT6 (Prop_lut6_I1_O)        0.053     9.844 r  PIPE_REG_SUM1/GEN[20].FF_D_i/Q_i_11__4/O
                         net (fo=1, routed)           0.236    10.079    PIPE_REG_SUM1/GEN[20].FF_D_i/Q_i_11__4_n_0
    SLICE_X3Y68          LUT6 (Prop_lut6_I0_O)        0.053    10.132 r  PIPE_REG_SUM1/GEN[20].FF_D_i/Q_i_8__12/O
                         net (fo=1, routed)           0.303    10.435    PIPE_REG_SUM1/GEN[20].FF_D_i/Q_i_8__12_n_0
    SLICE_X5Y69          LUT6 (Prop_lut6_I0_O)        0.053    10.488 r  PIPE_REG_SUM1/GEN[20].FF_D_i/Q_i_5__22/O
                         net (fo=1, routed)           0.194    10.682    PIPE_REG_SUM1/GEN[31].FF_D_i/Q_reg_14
    SLICE_X5Y69          LUT6 (Prop_lut6_I0_O)        0.053    10.735 r  PIPE_REG_SUM1/GEN[31].FF_D_i/Q_i_2__52/O
                         net (fo=3, routed)           0.370    11.105    PIPE_REG_SUM1/GEN[31].FF_D_i/Q_reg_2
    SLICE_X6Y69          LUT3 (Prop_lut3_I0_O)        0.053    11.158 r  PIPE_REG_SUM1/GEN[31].FF_D_i/Q_i_1__59/O
                         net (fo=2, routed)           0.287    11.444    REG_Y_1/GEN[29].FF_D_i/Y_to_reg[0]
    SLICE_X7Y69          FDCE                                         r  REG_Y_1/GEN[29].FF_D_i/Q_reg/D
  -------------------------------------------------------------------    -------------------

                         (clock sys_clk rise edge)    8.500     8.500 r  
    P23                                               0.000     8.500 r  CLK (IN)
                         net (fo=0)                   0.000     8.500    CLK
    P23                  IBUF (Prop_ibuf_I_O)         0.769     9.269 r  CLK_IBUF_inst/O
                         net (fo=1, routed)           2.040    11.309    CLK_IBUF
    BUFGCTRL_X0Y0        BUFG (Prop_bufg_I_O)         0.113    11.422 r  CLK_IBUF_BUFG_inst/O
                         net (fo=230, routed)         1.339    12.761    REG_Y_1/GEN[29].FF_D_i/CLK_IBUF_BUFG
    SLICE_X7Y69          FDCE                                         r  REG_Y_1/GEN[29].FF_D_i/Q_reg/C
                         clock pessimism              0.272    13.033    
                         clock uncertainty           -0.035    12.998    
    SLICE_X7Y69          FDCE (Setup_fdce_C_D)       -0.034    12.964    REG_Y_1/GEN[29].FF_D_i/Q_reg
  -------------------------------------------------------------------
                         required time                         12.964    
                         arrival time                         -11.444    
  -------------------------------------------------------------------
                         slack                                  1.520    

Slack (MET) :             1.588ns  (required time - arrival time)
  Source:                 PIPE_REG_K/GEN[1].FF_D_i/Q_reg/C
                            (rising edge-triggered cell FDCE clocked by sys_clk  {rise@0.000ns fall@4.250ns period=8.500ns})
  Destination:            REG_Y_1/GEN[30].FF_D_i/Q_reg/D
                            (rising edge-triggered cell FDCE clocked by sys_clk  {rise@0.000ns fall@4.250ns period=8.500ns})
  Path Group:             sys_clk
  Path Type:              Setup (Max at Slow Process Corner)
  Requirement:            8.500ns  (sys_clk rise@8.500ns - sys_clk rise@0.000ns)
  Data Path Delay:        6.842ns  (logic 1.193ns (17.437%)  route 5.649ns (82.563%))
  Logic Levels:           15  (LUT3=2 LUT6=13)
  Clock Path Skew:        -0.026ns (DCD - SCD + CPR)
    Destination Clock Delay (DCD):    4.261ns = ( 12.761 - 8.500 ) 
    Source Clock Delay      (SCD):    4.559ns
    Clock Pessimism Removal (CPR):    0.272ns
  Clock Uncertainty:      0.035ns  ((TSJ^2 + TIJ^2)^1/2 + DJ) / 2 + PE
    Total System Jitter     (TSJ):    0.071ns
    Total Input Jitter      (TIJ):    0.000ns
    Discrete Jitter          (DJ):    0.000ns
    Phase Error              (PE):    0.000ns

    Location             Delay type                Incr(ns)  Path(ns)    Netlist Resource(s)
  -------------------------------------------------------------------    -------------------
                         (clock sys_clk rise edge)    0.000     0.000 r  
    P23                                               0.000     0.000 r  CLK (IN)
                         net (fo=0)                   0.000     0.000    CLK
    P23                  IBUF (Prop_ibuf_I_O)         0.845     0.845 r  CLK_IBUF_inst/O
                         net (fo=1, routed)           2.140     2.985    CLK_IBUF
    BUFGCTRL_X0Y0        BUFG (Prop_bufg_I_O)         0.120     3.105 r  CLK_IBUF_BUFG_inst/O
                         net (fo=230, routed)         1.454     4.559    PIPE_REG_K/GEN[1].FF_D_i/CLK_IBUF_BUFG
    SLICE_X5Y63          FDCE                                         r  PIPE_REG_K/GEN[1].FF_D_i/Q_reg/C
  -------------------------------------------------------------------    -------------------
    SLICE_X5Y63          FDCE (Prop_fdce_C_Q)         0.269     4.828 r  PIPE_REG_K/GEN[1].FF_D_i/Q_reg/Q
                         net (fo=34, routed)          0.803     5.631    PIPE_REG_SUM1/GEN[5].FF_D_i/Q_i_3__52
    SLICE_X5Y60          LUT6 (Prop_lut6_I2_O)        0.053     5.684 f  PIPE_REG_SUM1/GEN[5].FF_D_i/Q_i_6__25/O
                         net (fo=2, routed)           0.544     6.228    PIPE_REG_SUM1/GEN[9].FF_D_i/Q_reg_21
    SLICE_X5Y64          LUT3 (Prop_lut3_I2_O)        0.065     6.293 f  PIPE_REG_SUM1/GEN[9].FF_D_i/Q_i_3__52/O
                         net (fo=2, routed)           0.467     6.760    PIPE_REG_SUM1/GEN[9].FF_D_i/Q_reg_5
    SLICE_X2Y60          LUT3 (Prop_lut3_I1_O)        0.170     6.930 f  PIPE_REG_SUM1/GEN[9].FF_D_i/Q_i_4__33/O
                         net (fo=4, routed)           0.527     7.457    PIPE_REG_SUM1/GEN[5].FF_D_i/Q_reg_10
    SLICE_X2Y60          LUT6 (Prop_lut6_I4_O)        0.053     7.510 f  PIPE_REG_SUM1/GEN[5].FF_D_i/Q_i_15__2/O
                         net (fo=1, routed)           0.238     7.747    PIPE_REG_SUM1/GEN[5].FF_D_i/Q_i_15__2_n_0
    SLICE_X2Y61          LUT6 (Prop_lut6_I1_O)        0.053     7.800 r  PIPE_REG_SUM1/GEN[5].FF_D_i/Q_i_12__5/O
                         net (fo=2, routed)           0.316     8.116    PIPE_REG_SUM1/GEN[17].FF_D_i/Q_i_12__4_3
    SLICE_X3Y63          LUT6 (Prop_lut6_I5_O)        0.053     8.169 f  PIPE_REG_SUM1/GEN[17].FF_D_i/Q_i_16__0/O
                         net (fo=1, routed)           0.131     8.301    PIPE_REG_SUM1/GEN[9].FF_D_i/Q_i_15__1
    SLICE_X3Y63          LUT6 (Prop_lut6_I1_O)        0.053     8.354 r  PIPE_REG_SUM1/GEN[9].FF_D_i/Q_i_12__4/O
                         net (fo=2, routed)           0.365     8.719    PIPE_REG_SUM1/GEN[15].FF_D_i/Q_i_12__3_4
    SLICE_X4Y65          LUT6 (Prop_lut6_I5_O)        0.053     8.772 f  PIPE_REG_SUM1/GEN[15].FF_D_i/Q_i_15__1/O
                         net (fo=1, routed)           0.335     9.107    PIPE_REG_SUM1/GEN[15].FF_D_i/Q_i_15__1_n_0
    SLICE_X4Y66          LUT6 (Prop_lut6_I1_O)        0.053     9.160 r  PIPE_REG_SUM1/GEN[15].FF_D_i/Q_i_12__3/O
                         net (fo=2, routed)           0.247     9.408    PIPE_REG_SUM1/GEN[20].FF_D_i/Q_i_11__4_4
    SLICE_X3Y66          LUT6 (Prop_lut6_I5_O)        0.053     9.461 f  PIPE_REG_SUM1/GEN[20].FF_D_i/Q_i_15__0/O
                         net (fo=1, routed)           0.330     9.791    PIPE_REG_SUM1/GEN[20].FF_D_i/Q_i_15__0_n_0
    SLICE_X3Y67          LUT6 (Prop_lut6_I1_O)        0.053     9.844 r  PIPE_REG_SUM1/GEN[20].FF_D_i/Q_i_11__4/O
                         net (fo=1, routed)           0.236    10.079    PIPE_REG_SUM1/GEN[20].FF_D_i/Q_i_11__4_n_0
    SLICE_X3Y68          LUT6 (Prop_lut6_I0_O)        0.053    10.132 r  PIPE_REG_SUM1/GEN[20].FF_D_i/Q_i_8__12/O
                         net (fo=1, routed)           0.303    10.435    PIPE_REG_SUM1/GEN[20].FF_D_i/Q_i_8__12_n_0
    SLICE_X5Y69          LUT6 (Prop_lut6_I0_O)        0.053    10.488 r  PIPE_REG_SUM1/GEN[20].FF_D_i/Q_i_5__22/O
                         net (fo=1, routed)           0.194    10.682    PIPE_REG_SUM1/GEN[31].FF_D_i/Q_reg_14
    SLICE_X5Y69          LUT6 (Prop_lut6_I0_O)        0.053    10.735 r  PIPE_REG_SUM1/GEN[31].FF_D_i/Q_i_2__52/O
                         net (fo=3, routed)           0.326    11.061    PIPE_REG_SUM1/GEN[31].FF_D_i/Q_reg_2
    SLICE_X6Y69          LUT6 (Prop_lut6_I1_O)        0.053    11.114 r  PIPE_REG_SUM1/GEN[31].FF_D_i/Q_i_1__58/O
                         net (fo=2, routed)           0.287    11.401    REG_Y_1/GEN[30].FF_D_i/Y_to_reg[0]
    SLICE_X6Y69          FDCE                                         r  REG_Y_1/GEN[30].FF_D_i/Q_reg/D
  -------------------------------------------------------------------    -------------------

                         (clock sys_clk rise edge)    8.500     8.500 r  
    P23                                               0.000     8.500 r  CLK (IN)
                         net (fo=0)                   0.000     8.500    CLK
    P23                  IBUF (Prop_ibuf_I_O)         0.769     9.269 r  CLK_IBUF_inst/O
                         net (fo=1, routed)           2.040    11.309    CLK_IBUF
    BUFGCTRL_X0Y0        BUFG (Prop_bufg_I_O)         0.113    11.422 r  CLK_IBUF_BUFG_inst/O
                         net (fo=230, routed)         1.339    12.761    REG_Y_1/GEN[30].FF_D_i/CLK_IBUF_BUFG
    SLICE_X6Y69          FDCE                                         r  REG_Y_1/GEN[30].FF_D_i/Q_reg/C
                         clock pessimism              0.272    13.033    
                         clock uncertainty           -0.035    12.998    
    SLICE_X6Y69          FDCE (Setup_fdce_C_D)       -0.009    12.989    REG_Y_1/GEN[30].FF_D_i/Q_reg
  -------------------------------------------------------------------
                         required time                         12.989    
                         arrival time                         -11.401    
  -------------------------------------------------------------------
                         slack                                  1.588    

Slack (MET) :             1.620ns  (required time - arrival time)
  Source:                 PIPE_REG_K/GEN[1].FF_D_i/Q_reg/C
                            (rising edge-triggered cell FDCE clocked by sys_clk  {rise@0.000ns fall@4.250ns period=8.500ns})
  Destination:            REG_Y_1/GEN[28].FF_D_i/Q_reg/D
                            (rising edge-triggered cell FDCE clocked by sys_clk  {rise@0.000ns fall@4.250ns period=8.500ns})
  Path Group:             sys_clk
  Path Type:              Setup (Max at Slow Process Corner)
  Requirement:            8.500ns  (sys_clk rise@8.500ns - sys_clk rise@0.000ns)
  Data Path Delay:        6.788ns  (logic 1.193ns (17.576%)  route 5.595ns (82.424%))
  Logic Levels:           15  (LUT3=3 LUT6=12)
  Clock Path Skew:        -0.025ns (DCD - SCD + CPR)
    Destination Clock Delay (DCD):    4.262ns = ( 12.762 - 8.500 ) 
    Source Clock Delay      (SCD):    4.559ns
    Clock Pessimism Removal (CPR):    0.272ns
  Clock Uncertainty:      0.035ns  ((TSJ^2 + TIJ^2)^1/2 + DJ) / 2 + PE
    Total System Jitter     (TSJ):    0.071ns
    Total Input Jitter      (TIJ):    0.000ns
    Discrete Jitter          (DJ):    0.000ns
    Phase Error              (PE):    0.000ns

    Location             Delay type                Incr(ns)  Path(ns)    Netlist Resource(s)
  -------------------------------------------------------------------    -------------------
                         (clock sys_clk rise edge)    0.000     0.000 r  
    P23                                               0.000     0.000 r  CLK (IN)
                         net (fo=0)                   0.000     0.000    CLK
    P23                  IBUF (Prop_ibuf_I_O)         0.845     0.845 r  CLK_IBUF_inst/O
                         net (fo=1, routed)           2.140     2.985    CLK_IBUF
    BUFGCTRL_X0Y0        BUFG (Prop_bufg_I_O)         0.120     3.105 r  CLK_IBUF_BUFG_inst/O
                         net (fo=230, routed)         1.454     4.559    PIPE_REG_K/GEN[1].FF_D_i/CLK_IBUF_BUFG
    SLICE_X5Y63          FDCE                                         r  PIPE_REG_K/GEN[1].FF_D_i/Q_reg/C
  -------------------------------------------------------------------    -------------------
    SLICE_X5Y63          FDCE (Prop_fdce_C_Q)         0.269     4.828 r  PIPE_REG_K/GEN[1].FF_D_i/Q_reg/Q
                         net (fo=34, routed)          0.803     5.631    PIPE_REG_SUM1/GEN[5].FF_D_i/Q_i_3__52
    SLICE_X5Y60          LUT6 (Prop_lut6_I2_O)        0.053     5.684 f  PIPE_REG_SUM1/GEN[5].FF_D_i/Q_i_6__25/O
                         net (fo=2, routed)           0.544     6.228    PIPE_REG_SUM1/GEN[9].FF_D_i/Q_reg_21
    SLICE_X5Y64          LUT3 (Prop_lut3_I2_O)        0.065     6.293 f  PIPE_REG_SUM1/GEN[9].FF_D_i/Q_i_3__52/O
                         net (fo=2, routed)           0.467     6.760    PIPE_REG_SUM1/GEN[9].FF_D_i/Q_reg_5
    SLICE_X2Y60          LUT3 (Prop_lut3_I1_O)        0.170     6.930 f  PIPE_REG_SUM1/GEN[9].FF_D_i/Q_i_4__33/O
                         net (fo=4, routed)           0.527     7.457    PIPE_REG_SUM1/GEN[5].FF_D_i/Q_reg_10
    SLICE_X2Y60          LUT6 (Prop_lut6_I4_O)        0.053     7.510 f  PIPE_REG_SUM1/GEN[5].FF_D_i/Q_i_15__2/O
                         net (fo=1, routed)           0.238     7.747    PIPE_REG_SUM1/GEN[5].FF_D_i/Q_i_15__2_n_0
    SLICE_X2Y61          LUT6 (Prop_lut6_I1_O)        0.053     7.800 r  PIPE_REG_SUM1/GEN[5].FF_D_i/Q_i_12__5/O
                         net (fo=2, routed)           0.316     8.116    PIPE_REG_SUM1/GEN[17].FF_D_i/Q_i_12__4_3
    SLICE_X3Y63          LUT6 (Prop_lut6_I5_O)        0.053     8.169 f  PIPE_REG_SUM1/GEN[17].FF_D_i/Q_i_16__0/O
                         net (fo=1, routed)           0.131     8.301    PIPE_REG_SUM1/GEN[9].FF_D_i/Q_i_15__1
    SLICE_X3Y63          LUT6 (Prop_lut6_I1_O)        0.053     8.354 r  PIPE_REG_SUM1/GEN[9].FF_D_i/Q_i_12__4/O
                         net (fo=2, routed)           0.365     8.719    PIPE_REG_SUM1/GEN[15].FF_D_i/Q_i_12__3_4
    SLICE_X4Y65          LUT6 (Prop_lut6_I5_O)        0.053     8.772 f  PIPE_REG_SUM1/GEN[15].FF_D_i/Q_i_15__1/O
                         net (fo=1, routed)           0.335     9.107    PIPE_REG_SUM1/GEN[15].FF_D_i/Q_i_15__1_n_0
    SLICE_X4Y66          LUT6 (Prop_lut6_I1_O)        0.053     9.160 r  PIPE_REG_SUM1/GEN[15].FF_D_i/Q_i_12__3/O
                         net (fo=2, routed)           0.143     9.303    PIPE_REG_SUM1/GEN[15].FF_D_i/Q_reg_5
    SLICE_X4Y66          LUT6 (Prop_lut6_I0_O)        0.053     9.356 r  PIPE_REG_SUM1/GEN[15].FF_D_i/Q_i_6__21/O
                         net (fo=1, routed)           0.377     9.733    PIPE_REG_SUM1/GEN[15].FF_D_i/Q_i_6__21_n_0
    SLICE_X4Y67          LUT6 (Prop_lut6_I0_O)        0.053     9.786 r  PIPE_REG_SUM1/GEN[15].FF_D_i/Q_i_3__42/O
                         net (fo=2, routed)           0.353    10.139    PIPE_REG_SUM1/GEN[15].FF_D_i/Q_reg_4
    SLICE_X5Y67          LUT6 (Prop_lut6_I0_O)        0.053    10.192 r  PIPE_REG_SUM1/GEN[15].FF_D_i/Q_i_2__54/O
                         net (fo=3, routed)           0.248    10.440    PIPE_REG_SUM1/GEN[15].FF_D_i/Q_reg_2
    SLICE_X5Y68          LUT6 (Prop_lut6_I0_O)        0.053    10.493 r  PIPE_REG_SUM1/GEN[15].FF_D_i/Q_i_2__53/O
                         net (fo=3, routed)           0.326    10.819    PIPE_REG_SUM1/GEN[15].FF_D_i/Q_reg_0
    SLICE_X4Y68          LUT6 (Prop_lut6_I0_O)        0.053    10.872 r  PIPE_REG_SUM1/GEN[15].FF_D_i/Q_i_3__37/O
                         net (fo=1, routed)           0.135    11.008    PIPE_REG_SUM1/GEN[27].FF_D_i/Q_reg_4
    SLICE_X4Y68          LUT3 (Prop_lut3_I1_O)        0.053    11.061 r  PIPE_REG_SUM1/GEN[27].FF_D_i/Q_i_1__60/O
                         net (fo=2, routed)           0.286    11.347    REG_Y_1/GEN[28].FF_D_i/Y_to_reg[0]
    SLICE_X4Y68          FDCE                                         r  REG_Y_1/GEN[28].FF_D_i/Q_reg/D
  -------------------------------------------------------------------    -------------------

                         (clock sys_clk rise edge)    8.500     8.500 r  
    P23                                               0.000     8.500 r  CLK (IN)
                         net (fo=0)                   0.000     8.500    CLK
    P23                  IBUF (Prop_ibuf_I_O)         0.769     9.269 r  CLK_IBUF_inst/O
                         net (fo=1, routed)           2.040    11.309    CLK_IBUF
    BUFGCTRL_X0Y0        BUFG (Prop_bufg_I_O)         0.113    11.422 r  CLK_IBUF_BUFG_inst/O
                         net (fo=230, routed)         1.340    12.762    REG_Y_1/GEN[28].FF_D_i/CLK_IBUF_BUFG
    SLICE_X4Y68          FDCE                                         r  REG_Y_1/GEN[28].FF_D_i/Q_reg/C
                         clock pessimism              0.272    13.034    
                         clock uncertainty           -0.035    12.999    
    SLICE_X4Y68          FDCE (Setup_fdce_C_D)       -0.032    12.967    REG_Y_1/GEN[28].FF_D_i/Q_reg
  -------------------------------------------------------------------
                         required time                         12.967    
                         arrival time                         -11.347    
  -------------------------------------------------------------------
                         slack                                  1.620    

Slack (MET) :             1.631ns  (required time - arrival time)
  Source:                 PIPE_REG_K/GEN[1].FF_D_i/Q_reg/C
                            (rising edge-triggered cell FDCE clocked by sys_clk  {rise@0.000ns fall@4.250ns period=8.500ns})
  Destination:            REG_Y_1/GEN[31].FF_D_i/Q_reg/D
                            (rising edge-triggered cell FDCE clocked by sys_clk  {rise@0.000ns fall@4.250ns period=8.500ns})
  Path Group:             sys_clk
  Path Type:              Setup (Max at Slow Process Corner)
  Requirement:            8.500ns  (sys_clk rise@8.500ns - sys_clk rise@0.000ns)
  Data Path Delay:        6.801ns  (logic 1.193ns (17.542%)  route 5.608ns (82.458%))
  Logic Levels:           15  (LUT3=2 LUT6=13)
  Clock Path Skew:        -0.026ns (DCD - SCD + CPR)
    Destination Clock Delay (DCD):    4.261ns = ( 12.761 - 8.500 ) 
    Source Clock Delay      (SCD):    4.559ns
    Clock Pessimism Removal (CPR):    0.272ns
  Clock Uncertainty:      0.035ns  ((TSJ^2 + TIJ^2)^1/2 + DJ) / 2 + PE
    Total System Jitter     (TSJ):    0.071ns
    Total Input Jitter      (TIJ):    0.000ns
    Discrete Jitter          (DJ):    0.000ns
    Phase Error              (PE):    0.000ns

    Location             Delay type                Incr(ns)  Path(ns)    Netlist Resource(s)
  -------------------------------------------------------------------    -------------------
                         (clock sys_clk rise edge)    0.000     0.000 r  
    P23                                               0.000     0.000 r  CLK (IN)
                         net (fo=0)                   0.000     0.000    CLK
    P23                  IBUF (Prop_ibuf_I_O)         0.845     0.845 r  CLK_IBUF_inst/O
                         net (fo=1, routed)           2.140     2.985    CLK_IBUF
    BUFGCTRL_X0Y0        BUFG (Prop_bufg_I_O)         0.120     3.105 r  CLK_IBUF_BUFG_inst/O
                         net (fo=230, routed)         1.454     4.559    PIPE_REG_K/GEN[1].FF_D_i/CLK_IBUF_BUFG
    SLICE_X5Y63          FDCE                                         r  PIPE_REG_K/GEN[1].FF_D_i/Q_reg/C
  -------------------------------------------------------------------    -------------------
    SLICE_X5Y63          FDCE (Prop_fdce_C_Q)         0.269     4.828 r  PIPE_REG_K/GEN[1].FF_D_i/Q_reg/Q
                         net (fo=34, routed)          0.803     5.631    PIPE_REG_SUM1/GEN[5].FF_D_i/Q_i_3__52
    SLICE_X5Y60          LUT6 (Prop_lut6_I2_O)        0.053     5.684 f  PIPE_REG_SUM1/GEN[5].FF_D_i/Q_i_6__25/O
                         net (fo=2, routed)           0.544     6.228    PIPE_REG_SUM1/GEN[9].FF_D_i/Q_reg_21
    SLICE_X5Y64          LUT3 (Prop_lut3_I2_O)        0.065     6.293 f  PIPE_REG_SUM1/GEN[9].FF_D_i/Q_i_3__52/O
                         net (fo=2, routed)           0.467     6.760    PIPE_REG_SUM1/GEN[9].FF_D_i/Q_reg_5
    SLICE_X2Y60          LUT3 (Prop_lut3_I1_O)        0.170     6.930 f  PIPE_REG_SUM1/GEN[9].FF_D_i/Q_i_4__33/O
                         net (fo=4, routed)           0.527     7.457    PIPE_REG_SUM1/GEN[5].FF_D_i/Q_reg_10
    SLICE_X2Y60          LUT6 (Prop_lut6_I4_O)        0.053     7.510 f  PIPE_REG_SUM1/GEN[5].FF_D_i/Q_i_15__2/O
                         net (fo=1, routed)           0.238     7.747    PIPE_REG_SUM1/GEN[5].FF_D_i/Q_i_15__2_n_0
    SLICE_X2Y61          LUT6 (Prop_lut6_I1_O)        0.053     7.800 r  PIPE_REG_SUM1/GEN[5].FF_D_i/Q_i_12__5/O
                         net (fo=2, routed)           0.316     8.116    PIPE_REG_SUM1/GEN[17].FF_D_i/Q_i_12__4_3
    SLICE_X3Y63          LUT6 (Prop_lut6_I5_O)        0.053     8.169 f  PIPE_REG_SUM1/GEN[17].FF_D_i/Q_i_16__0/O
                         net (fo=1, routed)           0.131     8.301    PIPE_REG_SUM1/GEN[9].FF_D_i/Q_i_15__1
    SLICE_X3Y63          LUT6 (Prop_lut6_I1_O)        0.053     8.354 r  PIPE_REG_SUM1/GEN[9].FF_D_i/Q_i_12__4/O
                         net (fo=2, routed)           0.365     8.719    PIPE_REG_SUM1/GEN[15].FF_D_i/Q_i_12__3_4
    SLICE_X4Y65          LUT6 (Prop_lut6_I5_O)        0.053     8.772 f  PIPE_REG_SUM1/GEN[15].FF_D_i/Q_i_15__1/O
                         net (fo=1, routed)           0.335     9.107    PIPE_REG_SUM1/GEN[15].FF_D_i/Q_i_15__1_n_0
    SLICE_X4Y66          LUT6 (Prop_lut6_I1_O)        0.053     9.160 r  PIPE_REG_SUM1/GEN[15].FF_D_i/Q_i_12__3/O
                         net (fo=2, routed)           0.247     9.408    PIPE_REG_SUM1/GEN[20].FF_D_i/Q_i_11__4_4
    SLICE_X3Y66          LUT6 (Prop_lut6_I5_O)        0.053     9.461 f  PIPE_REG_SUM1/GEN[20].FF_D_i/Q_i_15__0/O
                         net (fo=1, routed)           0.330     9.791    PIPE_REG_SUM1/GEN[20].FF_D_i/Q_i_15__0_n_0
    SLICE_X3Y67          LUT6 (Prop_lut6_I1_O)        0.053     9.844 r  PIPE_REG_SUM1/GEN[20].FF_D_i/Q_i_11__4/O
                         net (fo=1, routed)           0.236    10.079    PIPE_REG_SUM1/GEN[20].FF_D_i/Q_i_11__4_n_0
    SLICE_X3Y68          LUT6 (Prop_lut6_I0_O)        0.053    10.132 r  PIPE_REG_SUM1/GEN[20].FF_D_i/Q_i_8__12/O
                         net (fo=1, routed)           0.303    10.435    PIPE_REG_SUM1/GEN[20].FF_D_i/Q_i_8__12_n_0
    SLICE_X5Y69          LUT6 (Prop_lut6_I0_O)        0.053    10.488 r  PIPE_REG_SUM1/GEN[20].FF_D_i/Q_i_5__22/O
                         net (fo=1, routed)           0.194    10.682    PIPE_REG_SUM1/GEN[31].FF_D_i/Q_reg_14
    SLICE_X5Y69          LUT6 (Prop_lut6_I0_O)        0.053    10.735 r  PIPE_REG_SUM1/GEN[31].FF_D_i/Q_i_2__52/O
                         net (fo=3, routed)           0.321    11.056    PIPE_REG_K/GEN[2].FF_D_i/Q_reg_8
    SLICE_X6Y69          LUT6 (Prop_lut6_I4_O)        0.053    11.109 r  PIPE_REG_K/GEN[2].FF_D_i/Q_i_1__57/O
                         net (fo=2, routed)           0.251    11.360    REG_Y_1/GEN[31].FF_D_i/Y_to_reg[0]
    SLICE_X6Y69          FDCE                                         r  REG_Y_1/GEN[31].FF_D_i/Q_reg/D
  -------------------------------------------------------------------    -------------------

                         (clock sys_clk rise edge)    8.500     8.500 r  
    P23                                               0.000     8.500 r  CLK (IN)
                         net (fo=0)                   0.000     8.500    CLK
    P23                  IBUF (Prop_ibuf_I_O)         0.769     9.269 r  CLK_IBUF_inst/O
                         net (fo=1, routed)           2.040    11.309    CLK_IBUF
    BUFGCTRL_X0Y0        BUFG (Prop_bufg_I_O)         0.113    11.422 r  CLK_IBUF_BUFG_inst/O
                         net (fo=230, routed)         1.339    12.761    REG_Y_1/GEN[31].FF_D_i/CLK_IBUF_BUFG
    SLICE_X6Y69          FDCE                                         r  REG_Y_1/GEN[31].FF_D_i/Q_reg/C
                         clock pessimism              0.272    13.033    
                         clock uncertainty           -0.035    12.998    
    SLICE_X6Y69          FDCE (Setup_fdce_C_D)       -0.007    12.991    REG_Y_1/GEN[31].FF_D_i/Q_reg
  -------------------------------------------------------------------
                         required time                         12.991    
                         arrival time                         -11.360    
  -------------------------------------------------------------------
                         slack                                  1.631    

Slack (MET) :             1.631ns  (required time - arrival time)
  Source:                 PIPE_REG_K/GEN[1].FF_D_i/Q_reg/C
                            (rising edge-triggered cell FDCE clocked by sys_clk  {rise@0.000ns fall@4.250ns period=8.500ns})
  Destination:            REG_Y_1/GEN[31].FF_D_i/Q_reg_lopt_replica/D
                            (rising edge-triggered cell FDCE clocked by sys_clk  {rise@0.000ns fall@4.250ns period=8.500ns})
  Path Group:             sys_clk
  Path Type:              Setup (Max at Slow Process Corner)
  Requirement:            8.500ns  (sys_clk rise@8.500ns - sys_clk rise@0.000ns)
  Data Path Delay:        6.801ns  (logic 1.193ns (17.542%)  route 5.608ns (82.458%))
  Logic Levels:           15  (LUT3=2 LUT6=13)
  Clock Path Skew:        -0.026ns (DCD - SCD + CPR)
    Destination Clock Delay (DCD):    4.261ns = ( 12.761 - 8.500 ) 
    Source Clock Delay      (SCD):    4.559ns
    Clock Pessimism Removal (CPR):    0.272ns
  Clock Uncertainty:      0.035ns  ((TSJ^2 + TIJ^2)^1/2 + DJ) / 2 + PE
    Total System Jitter     (TSJ):    0.071ns
    Total Input Jitter      (TIJ):    0.000ns
    Discrete Jitter          (DJ):    0.000ns
    Phase Error              (PE):    0.000ns

    Location             Delay type                Incr(ns)  Path(ns)    Netlist Resource(s)
  -------------------------------------------------------------------    -------------------
                         (clock sys_clk rise edge)    0.000     0.000 r  
    P23                                               0.000     0.000 r  CLK (IN)
                         net (fo=0)                   0.000     0.000    CLK
    P23                  IBUF (Prop_ibuf_I_O)         0.845     0.845 r  CLK_IBUF_inst/O
                         net (fo=1, routed)           2.140     2.985    CLK_IBUF
    BUFGCTRL_X0Y0        BUFG (Prop_bufg_I_O)         0.120     3.105 r  CLK_IBUF_BUFG_inst/O
                         net (fo=230, routed)         1.454     4.559    PIPE_REG_K/GEN[1].FF_D_i/CLK_IBUF_BUFG
    SLICE_X5Y63          FDCE                                         r  PIPE_REG_K/GEN[1].FF_D_i/Q_reg/C
  -------------------------------------------------------------------    -------------------
    SLICE_X5Y63          FDCE (Prop_fdce_C_Q)         0.269     4.828 r  PIPE_REG_K/GEN[1].FF_D_i/Q_reg/Q
                         net (fo=34, routed)          0.803     5.631    PIPE_REG_SUM1/GEN[5].FF_D_i/Q_i_3__52
    SLICE_X5Y60          LUT6 (Prop_lut6_I2_O)        0.053     5.684 f  PIPE_REG_SUM1/GEN[5].FF_D_i/Q_i_6__25/O
                         net (fo=2, routed)           0.544     6.228    PIPE_REG_SUM1/GEN[9].FF_D_i/Q_reg_21
    SLICE_X5Y64          LUT3 (Prop_lut3_I2_O)        0.065     6.293 f  PIPE_REG_SUM1/GEN[9].FF_D_i/Q_i_3__52/O
                         net (fo=2, routed)           0.467     6.760    PIPE_REG_SUM1/GEN[9].FF_D_i/Q_reg_5
    SLICE_X2Y60          LUT3 (Prop_lut3_I1_O)        0.170     6.930 f  PIPE_REG_SUM1/GEN[9].FF_D_i/Q_i_4__33/O
                         net (fo=4, routed)           0.527     7.457    PIPE_REG_SUM1/GEN[5].FF_D_i/Q_reg_10
    SLICE_X2Y60          LUT6 (Prop_lut6_I4_O)        0.053     7.510 f  PIPE_REG_SUM1/GEN[5].FF_D_i/Q_i_15__2/O
                         net (fo=1, routed)           0.238     7.747    PIPE_REG_SUM1/GEN[5].FF_D_i/Q_i_15__2_n_0
    SLICE_X2Y61          LUT6 (Prop_lut6_I1_O)        0.053     7.800 r  PIPE_REG_SUM1/GEN[5].FF_D_i/Q_i_12__5/O
                         net (fo=2, routed)           0.316     8.116    PIPE_REG_SUM1/GEN[17].FF_D_i/Q_i_12__4_3
    SLICE_X3Y63          LUT6 (Prop_lut6_I5_O)        0.053     8.169 f  PIPE_REG_SUM1/GEN[17].FF_D_i/Q_i_16__0/O
                         net (fo=1, routed)           0.131     8.301    PIPE_REG_SUM1/GEN[9].FF_D_i/Q_i_15__1
    SLICE_X3Y63          LUT6 (Prop_lut6_I1_O)        0.053     8.354 r  PIPE_REG_SUM1/GEN[9].FF_D_i/Q_i_12__4/O
                         net (fo=2, routed)           0.365     8.719    PIPE_REG_SUM1/GEN[15].FF_D_i/Q_i_12__3_4
    SLICE_X4Y65          LUT6 (Prop_lut6_I5_O)        0.053     8.772 f  PIPE_REG_SUM1/GEN[15].FF_D_i/Q_i_15__1/O
                         net (fo=1, routed)           0.335     9.107    PIPE_REG_SUM1/GEN[15].FF_D_i/Q_i_15__1_n_0
    SLICE_X4Y66          LUT6 (Prop_lut6_I1_O)        0.053     9.160 r  PIPE_REG_SUM1/GEN[15].FF_D_i/Q_i_12__3/O
                         net (fo=2, routed)           0.247     9.408    PIPE_REG_SUM1/GEN[20].FF_D_i/Q_i_11__4_4
    SLICE_X3Y66          LUT6 (Prop_lut6_I5_O)        0.053     9.461 f  PIPE_REG_SUM1/GEN[20].FF_D_i/Q_i_15__0/O
                         net (fo=1, routed)           0.330     9.791    PIPE_REG_SUM1/GEN[20].FF_D_i/Q_i_15__0_n_0
    SLICE_X3Y67          LUT6 (Prop_lut6_I1_O)        0.053     9.844 r  PIPE_REG_SUM1/GEN[20].FF_D_i/Q_i_11__4/O
                         net (fo=1, routed)           0.236    10.079    PIPE_REG_SUM1/GEN[20].FF_D_i/Q_i_11__4_n_0
    SLICE_X3Y68          LUT6 (Prop_lut6_I0_O)        0.053    10.132 r  PIPE_REG_SUM1/GEN[20].FF_D_i/Q_i_8__12/O
                         net (fo=1, routed)           0.303    10.435    PIPE_REG_SUM1/GEN[20].FF_D_i/Q_i_8__12_n_0
    SLICE_X5Y69          LUT6 (Prop_lut6_I0_O)        0.053    10.488 r  PIPE_REG_SUM1/GEN[20].FF_D_i/Q_i_5__22/O
                         net (fo=1, routed)           0.194    10.682    PIPE_REG_SUM1/GEN[31].FF_D_i/Q_reg_14
    SLICE_X5Y69          LUT6 (Prop_lut6_I0_O)        0.053    10.735 r  PIPE_REG_SUM1/GEN[31].FF_D_i/Q_i_2__52/O
                         net (fo=3, routed)           0.321    11.056    PIPE_REG_K/GEN[2].FF_D_i/Q_reg_8
    SLICE_X6Y69          LUT6 (Prop_lut6_I4_O)        0.053    11.109 r  PIPE_REG_K/GEN[2].FF_D_i/Q_i_1__57/O
                         net (fo=2, routed)           0.251    11.360    REG_Y_1/GEN[31].FF_D_i/Y_to_reg[0]
    SLICE_X6Y69          FDCE                                         r  REG_Y_1/GEN[31].FF_D_i/Q_reg_lopt_replica/D
  -------------------------------------------------------------------    -------------------

                         (clock sys_clk rise edge)    8.500     8.500 r  
    P23                                               0.000     8.500 r  CLK (IN)
                         net (fo=0)                   0.000     8.500    CLK
    P23                  IBUF (Prop_ibuf_I_O)         0.769     9.269 r  CLK_IBUF_inst/O
                         net (fo=1, routed)           2.040    11.309    CLK_IBUF
    BUFGCTRL_X0Y0        BUFG (Prop_bufg_I_O)         0.113    11.422 r  CLK_IBUF_BUFG_inst/O
                         net (fo=230, routed)         1.339    12.761    REG_Y_1/GEN[31].FF_D_i/CLK_IBUF_BUFG
    SLICE_X6Y69          FDCE                                         r  REG_Y_1/GEN[31].FF_D_i/Q_reg_lopt_replica/C
                         clock pessimism              0.272    13.033    
                         clock uncertainty           -0.035    12.998    
    SLICE_X6Y69          FDCE (Setup_fdce_C_D)       -0.007    12.991    REG_Y_1/GEN[31].FF_D_i/Q_reg_lopt_replica
  -------------------------------------------------------------------
                         required time                         12.991    
                         arrival time                         -11.360    
  -------------------------------------------------------------------
                         slack                                  1.631    

Slack (MET) :             1.679ns  (required time - arrival time)
  Source:                 PIPE_REG_K/GEN[1].FF_D_i/Q_reg/C
                            (rising edge-triggered cell FDCE clocked by sys_clk  {rise@0.000ns fall@4.250ns period=8.500ns})
  Destination:            REG_Y_1/GEN[27].FF_D_i/Q_reg/D
                            (rising edge-triggered cell FDCE clocked by sys_clk  {rise@0.000ns fall@4.250ns period=8.500ns})
  Path Group:             sys_clk
  Path Type:              Setup (Max at Slow Process Corner)
  Requirement:            8.500ns  (sys_clk rise@8.500ns - sys_clk rise@0.000ns)
  Data Path Delay:        6.727ns  (logic 1.140ns (16.946%)  route 5.587ns (83.054%))
  Logic Levels:           14  (LUT3=2 LUT6=12)
  Clock Path Skew:        -0.025ns (DCD - SCD + CPR)
    Destination Clock Delay (DCD):    4.262ns = ( 12.762 - 8.500 ) 
    Source Clock Delay      (SCD):    4.559ns
    Clock Pessimism Removal (CPR):    0.272ns
  Clock Uncertainty:      0.035ns  ((TSJ^2 + TIJ^2)^1/2 + DJ) / 2 + PE
    Total System Jitter     (TSJ):    0.071ns
    Total Input Jitter      (TIJ):    0.000ns
    Discrete Jitter          (DJ):    0.000ns
    Phase Error              (PE):    0.000ns

    Location             Delay type                Incr(ns)  Path(ns)    Netlist Resource(s)
  -------------------------------------------------------------------    -------------------
                         (clock sys_clk rise edge)    0.000     0.000 r  
    P23                                               0.000     0.000 r  CLK (IN)
                         net (fo=0)                   0.000     0.000    CLK
    P23                  IBUF (Prop_ibuf_I_O)         0.845     0.845 r  CLK_IBUF_inst/O
                         net (fo=1, routed)           2.140     2.985    CLK_IBUF
    BUFGCTRL_X0Y0        BUFG (Prop_bufg_I_O)         0.120     3.105 r  CLK_IBUF_BUFG_inst/O
                         net (fo=230, routed)         1.454     4.559    PIPE_REG_K/GEN[1].FF_D_i/CLK_IBUF_BUFG
    SLICE_X5Y63          FDCE                                         r  PIPE_REG_K/GEN[1].FF_D_i/Q_reg/C
  -------------------------------------------------------------------    -------------------
    SLICE_X5Y63          FDCE (Prop_fdce_C_Q)         0.269     4.828 r  PIPE_REG_K/GEN[1].FF_D_i/Q_reg/Q
                         net (fo=34, routed)          0.803     5.631    PIPE_REG_SUM1/GEN[5].FF_D_i/Q_i_3__52
    SLICE_X5Y60          LUT6 (Prop_lut6_I2_O)        0.053     5.684 f  PIPE_REG_SUM1/GEN[5].FF_D_i/Q_i_6__25/O
                         net (fo=2, routed)           0.544     6.228    PIPE_REG_SUM1/GEN[9].FF_D_i/Q_reg_21
    SLICE_X5Y64          LUT3 (Prop_lut3_I2_O)        0.065     6.293 f  PIPE_REG_SUM1/GEN[9].FF_D_i/Q_i_3__52/O
                         net (fo=2, routed)           0.467     6.760    PIPE_REG_SUM1/GEN[9].FF_D_i/Q_reg_5
    SLICE_X2Y60          LUT3 (Prop_lut3_I1_O)        0.170     6.930 f  PIPE_REG_SUM1/GEN[9].FF_D_i/Q_i_4__33/O
                         net (fo=4, routed)           0.527     7.457    PIPE_REG_SUM1/GEN[5].FF_D_i/Q_reg_10
    SLICE_X2Y60          LUT6 (Prop_lut6_I4_O)        0.053     7.510 f  PIPE_REG_SUM1/GEN[5].FF_D_i/Q_i_15__2/O
                         net (fo=1, routed)           0.238     7.747    PIPE_REG_SUM1/GEN[5].FF_D_i/Q_i_15__2_n_0
    SLICE_X2Y61          LUT6 (Prop_lut6_I1_O)        0.053     7.800 r  PIPE_REG_SUM1/GEN[5].FF_D_i/Q_i_12__5/O
                         net (fo=2, routed)           0.316     8.116    PIPE_REG_SUM1/GEN[17].FF_D_i/Q_i_12__4_3
    SLICE_X3Y63          LUT6 (Prop_lut6_I5_O)        0.053     8.169 f  PIPE_REG_SUM1/GEN[17].FF_D_i/Q_i_16__0/O
                         net (fo=1, routed)           0.131     8.301    PIPE_REG_SUM1/GEN[9].FF_D_i/Q_i_15__1
    SLICE_X3Y63          LUT6 (Prop_lut6_I1_O)        0.053     8.354 r  PIPE_REG_SUM1/GEN[9].FF_D_i/Q_i_12__4/O
                         net (fo=2, routed)           0.365     8.719    PIPE_REG_SUM1/GEN[15].FF_D_i/Q_i_12__3_4
    SLICE_X4Y65          LUT6 (Prop_lut6_I5_O)        0.053     8.772 f  PIPE_REG_SUM1/GEN[15].FF_D_i/Q_i_15__1/O
                         net (fo=1, routed)           0.335     9.107    PIPE_REG_SUM1/GEN[15].FF_D_i/Q_i_15__1_n_0
    SLICE_X4Y66          LUT6 (Prop_lut6_I1_O)        0.053     9.160 r  PIPE_REG_SUM1/GEN[15].FF_D_i/Q_i_12__3/O
                         net (fo=2, routed)           0.143     9.303    PIPE_REG_SUM1/GEN[15].FF_D_i/Q_reg_5
    SLICE_X4Y66          LUT6 (Prop_lut6_I0_O)        0.053     9.356 r  PIPE_REG_SUM1/GEN[15].FF_D_i/Q_i_6__21/O
                         net (fo=1, routed)           0.377     9.733    PIPE_REG_SUM1/GEN[15].FF_D_i/Q_i_6__21_n_0
    SLICE_X4Y67          LUT6 (Prop_lut6_I0_O)        0.053     9.786 r  PIPE_REG_SUM1/GEN[15].FF_D_i/Q_i_3__42/O
                         net (fo=2, routed)           0.353    10.139    PIPE_REG_SUM1/GEN[15].FF_D_i/Q_reg_4
    SLICE_X5Y67          LUT6 (Prop_lut6_I0_O)        0.053    10.192 r  PIPE_REG_SUM1/GEN[15].FF_D_i/Q_i_2__54/O
                         net (fo=3, routed)           0.248    10.440    PIPE_REG_SUM1/GEN[15].FF_D_i/Q_reg_2
    SLICE_X5Y68          LUT6 (Prop_lut6_I0_O)        0.053    10.493 r  PIPE_REG_SUM1/GEN[15].FF_D_i/Q_i_2__53/O
                         net (fo=3, routed)           0.297    10.790    PIPE_REG_SUM1/GEN[25].FF_D_i/Q_reg_5
    SLICE_X4Y68          LUT6 (Prop_lut6_I1_O)        0.053    10.843 r  PIPE_REG_SUM1/GEN[25].FF_D_i/Q_i_1__62/O
                         net (fo=2, routed)           0.443    11.286    REG_Y_1/GEN[27].FF_D_i/Y_to_reg[0]
    SLICE_X4Y68          FDCE                                         r  REG_Y_1/GEN[27].FF_D_i/Q_reg/D
  -------------------------------------------------------------------    -------------------

                         (clock sys_clk rise edge)    8.500     8.500 r  
    P23                                               0.000     8.500 r  CLK (IN)
                         net (fo=0)                   0.000     8.500    CLK
    P23                  IBUF (Prop_ibuf_I_O)         0.769     9.269 r  CLK_IBUF_inst/O
                         net (fo=1, routed)           2.040    11.309    CLK_IBUF
    BUFGCTRL_X0Y0        BUFG (Prop_bufg_I_O)         0.113    11.422 r  CLK_IBUF_BUFG_inst/O
                         net (fo=230, routed)         1.340    12.762    REG_Y_1/GEN[27].FF_D_i/CLK_IBUF_BUFG
    SLICE_X4Y68          FDCE                                         r  REG_Y_1/GEN[27].FF_D_i/Q_reg/C
                         clock pessimism              0.272    13.034    
                         clock uncertainty           -0.035    12.999    
    SLICE_X4Y68          FDCE (Setup_fdce_C_D)       -0.034    12.965    REG_Y_1/GEN[27].FF_D_i/Q_reg
  -------------------------------------------------------------------
                         required time                         12.965    
                         arrival time                         -11.286    
  -------------------------------------------------------------------
                         slack                                  1.679    





Min Delay Paths
--------------------------------------------------------------------------------------
Slack (MET) :             0.157ns  (arrival time - required time)
  Source:                 PIPE_REG_Y_1/GEN[24].FF_D_i/Q_reg/C
                            (rising edge-triggered cell FDCE clocked by sys_clk  {rise@0.000ns fall@4.250ns period=8.500ns})
  Destination:            REG_Y_2/GEN[24].FF_D_i/Q_reg/D
                            (rising edge-triggered cell FDCE clocked by sys_clk  {rise@0.000ns fall@4.250ns period=8.500ns})
  Path Group:             sys_clk
  Path Type:              Hold (Min at Fast Process Corner)
  Requirement:            0.000ns  (sys_clk rise@0.000ns - sys_clk rise@0.000ns)
  Data Path Delay:        0.200ns  (logic 0.100ns (50.053%)  route 0.100ns (49.947%))
  Logic Levels:           0  
  Clock Path Skew:        0.000ns (DCD - SCD - CPR)
    Destination Clock Delay (DCD):    2.057ns
    Source Clock Delay      (SCD):    1.541ns
    Clock Pessimism Removal (CPR):    0.516ns

    Location             Delay type                Incr(ns)  Path(ns)    Netlist Resource(s)
  -------------------------------------------------------------------    -------------------
                         (clock sys_clk rise edge)    0.000     0.000 r  
    P23                                               0.000     0.000 r  CLK (IN)
                         net (fo=0)                   0.000     0.000    CLK
    P23                  IBUF (Prop_ibuf_I_O)         0.109     0.109 r  CLK_IBUF_inst/O
                         net (fo=1, routed)           0.863     0.972    CLK_IBUF
    BUFGCTRL_X0Y0        BUFG (Prop_bufg_I_O)         0.026     0.998 r  CLK_IBUF_BUFG_inst/O
                         net (fo=230, routed)         0.543     1.541    PIPE_REG_Y_1/GEN[24].FF_D_i/CLK_IBUF_BUFG
    SLICE_X13Y68         FDCE                                         r  PIPE_REG_Y_1/GEN[24].FF_D_i/Q_reg/C
  -------------------------------------------------------------------    -------------------
    SLICE_X13Y68         FDCE (Prop_fdce_C_Q)         0.100     1.641 r  PIPE_REG_Y_1/GEN[24].FF_D_i/Q_reg/Q
                         net (fo=1, routed)           0.100     1.741    REG_Y_2/GEN[24].FF_D_i/Q_reg_6
    SLICE_X13Y68         FDCE                                         r  REG_Y_2/GEN[24].FF_D_i/Q_reg/D
  -------------------------------------------------------------------    -------------------

                         (clock sys_clk rise edge)    0.000     0.000 r  
    P23                                               0.000     0.000 r  CLK (IN)
                         net (fo=0)                   0.000     0.000    CLK
    P23                  IBUF (Prop_ibuf_I_O)         0.357     0.357 r  CLK_IBUF_inst/O
                         net (fo=1, routed)           0.928     1.285    CLK_IBUF
    BUFGCTRL_X0Y0        BUFG (Prop_bufg_I_O)         0.030     1.315 r  CLK_IBUF_BUFG_inst/O
                         net (fo=230, routed)         0.742     2.057    REG_Y_2/GEN[24].FF_D_i/CLK_IBUF_BUFG
    SLICE_X13Y68         FDCE                                         r  REG_Y_2/GEN[24].FF_D_i/Q_reg/C
                         clock pessimism             -0.516     1.541    
    SLICE_X13Y68         FDCE (Hold_fdce_C_D)         0.043     1.584    REG_Y_2/GEN[24].FF_D_i/Q_reg
  -------------------------------------------------------------------
                         required time                         -1.584    
                         arrival time                           1.741    
  -------------------------------------------------------------------
                         slack                                  0.157    

Slack (MET) :             0.157ns  (arrival time - required time)
  Source:                 PIPE_REG_Y_1/GEN[28].FF_D_i/Q_reg/C
                            (rising edge-triggered cell FDCE clocked by sys_clk  {rise@0.000ns fall@4.250ns period=8.500ns})
  Destination:            REG_Y_2/GEN[28].FF_D_i/Q_reg/D
                            (rising edge-triggered cell FDCE clocked by sys_clk  {rise@0.000ns fall@4.250ns period=8.500ns})
  Path Group:             sys_clk
  Path Type:              Hold (Min at Fast Process Corner)
  Requirement:            0.000ns  (sys_clk rise@0.000ns - sys_clk rise@0.000ns)
  Data Path Delay:        0.200ns  (logic 0.100ns (50.053%)  route 0.100ns (49.947%))
  Logic Levels:           0  
  Clock Path Skew:        0.000ns (DCD - SCD - CPR)
    Destination Clock Delay (DCD):    2.055ns
    Source Clock Delay      (SCD):    1.539ns
    Clock Pessimism Removal (CPR):    0.516ns

    Location             Delay type                Incr(ns)  Path(ns)    Netlist Resource(s)
  -------------------------------------------------------------------    -------------------
                         (clock sys_clk rise edge)    0.000     0.000 r  
    P23                                               0.000     0.000 r  CLK (IN)
                         net (fo=0)                   0.000     0.000    CLK
    P23                  IBUF (Prop_ibuf_I_O)         0.109     0.109 r  CLK_IBUF_inst/O
                         net (fo=1, routed)           0.863     0.972    CLK_IBUF
    BUFGCTRL_X0Y0        BUFG (Prop_bufg_I_O)         0.026     0.998 r  CLK_IBUF_BUFG_inst/O
                         net (fo=230, routed)         0.541     1.539    PIPE_REG_Y_1/GEN[28].FF_D_i/CLK_IBUF_BUFG
    SLICE_X13Y70         FDCE                                         r  PIPE_REG_Y_1/GEN[28].FF_D_i/Q_reg/C
  -------------------------------------------------------------------    -------------------
    SLICE_X13Y70         FDCE (Prop_fdce_C_Q)         0.100     1.639 r  PIPE_REG_Y_1/GEN[28].FF_D_i/Q_reg/Q
                         net (fo=1, routed)           0.100     1.739    REG_Y_2/GEN[28].FF_D_i/Q_reg_3
    SLICE_X13Y70         FDCE                                         r  REG_Y_2/GEN[28].FF_D_i/Q_reg/D
  -------------------------------------------------------------------    -------------------

                         (clock sys_clk rise edge)    0.000     0.000 r  
    P23                                               0.000     0.000 r  CLK (IN)
                         net (fo=0)                   0.000     0.000    CLK
    P23                  IBUF (Prop_ibuf_I_O)         0.357     0.357 r  CLK_IBUF_inst/O
                         net (fo=1, routed)           0.928     1.285    CLK_IBUF
    BUFGCTRL_X0Y0        BUFG (Prop_bufg_I_O)         0.030     1.315 r  CLK_IBUF_BUFG_inst/O
                         net (fo=230, routed)         0.740     2.055    REG_Y_2/GEN[28].FF_D_i/CLK_IBUF_BUFG
    SLICE_X13Y70         FDCE                                         r  REG_Y_2/GEN[28].FF_D_i/Q_reg/C
                         clock pessimism             -0.516     1.539    
    SLICE_X13Y70         FDCE (Hold_fdce_C_D)         0.043     1.582    REG_Y_2/GEN[28].FF_D_i/Q_reg
  -------------------------------------------------------------------
                         required time                         -1.582    
                         arrival time                           1.739    
  -------------------------------------------------------------------
                         slack                                  0.157    

Slack (MET) :             0.164ns  (arrival time - required time)
  Source:                 REG_Y_1/GEN[21].FF_D_i/Q_reg/C
                            (rising edge-triggered cell FDCE clocked by sys_clk  {rise@0.000ns fall@4.250ns period=8.500ns})
  Destination:            PIPE_REG_Y_1/GEN[21].FF_D_i/Q_reg/D
                            (rising edge-triggered cell FDCE clocked by sys_clk  {rise@0.000ns fall@4.250ns period=8.500ns})
  Path Group:             sys_clk
  Path Type:              Hold (Min at Fast Process Corner)
  Requirement:            0.000ns  (sys_clk rise@0.000ns - sys_clk rise@0.000ns)
  Data Path Delay:        0.234ns  (logic 0.118ns (50.399%)  route 0.116ns (49.601%))
  Logic Levels:           0  
  Clock Path Skew:        0.030ns (DCD - SCD - CPR)
    Destination Clock Delay (DCD):    2.058ns
    Source Clock Delay      (SCD):    1.543ns
    Clock Pessimism Removal (CPR):    0.485ns

    Location             Delay type                Incr(ns)  Path(ns)    Netlist Resource(s)
  -------------------------------------------------------------------    -------------------
                         (clock sys_clk rise edge)    0.000     0.000 r  
    P23                                               0.000     0.000 r  CLK (IN)
                         net (fo=0)                   0.000     0.000    CLK
    P23                  IBUF (Prop_ibuf_I_O)         0.109     0.109 r  CLK_IBUF_inst/O
                         net (fo=1, routed)           0.863     0.972    CLK_IBUF
    BUFGCTRL_X0Y0        BUFG (Prop_bufg_I_O)         0.026     0.998 r  CLK_IBUF_BUFG_inst/O
                         net (fo=230, routed)         0.545     1.543    REG_Y_1/GEN[21].FF_D_i/CLK_IBUF_BUFG
    SLICE_X8Y67          FDCE                                         r  REG_Y_1/GEN[21].FF_D_i/Q_reg/C
  -------------------------------------------------------------------    -------------------
    SLICE_X8Y67          FDCE (Prop_fdce_C_Q)         0.118     1.661 r  REG_Y_1/GEN[21].FF_D_i/Q_reg/Q
                         net (fo=5, routed)           0.116     1.777    PIPE_REG_Y_1/GEN[21].FF_D_i/Y_OBUF[0]
    SLICE_X11Y67         FDCE                                         r  PIPE_REG_Y_1/GEN[21].FF_D_i/Q_reg/D
  -------------------------------------------------------------------    -------------------

                         (clock sys_clk rise edge)    0.000     0.000 r  
    P23                                               0.000     0.000 r  CLK (IN)
                         net (fo=0)                   0.000     0.000    CLK
    P23                  IBUF (Prop_ibuf_I_O)         0.357     0.357 r  CLK_IBUF_inst/O
                         net (fo=1, routed)           0.928     1.285    CLK_IBUF
    BUFGCTRL_X0Y0        BUFG (Prop_bufg_I_O)         0.030     1.315 r  CLK_IBUF_BUFG_inst/O
                         net (fo=230, routed)         0.743     2.058    PIPE_REG_Y_1/GEN[21].FF_D_i/CLK_IBUF_BUFG
    SLICE_X11Y67         FDCE                                         r  PIPE_REG_Y_1/GEN[21].FF_D_i/Q_reg/C
                         clock pessimism             -0.485     1.573    
    SLICE_X11Y67         FDCE (Hold_fdce_C_D)         0.040     1.613    PIPE_REG_Y_1/GEN[21].FF_D_i/Q_reg
  -------------------------------------------------------------------
                         required time                         -1.613    
                         arrival time                           1.777    
  -------------------------------------------------------------------
                         slack                                  0.164    

Slack (MET) :             0.173ns  (arrival time - required time)
  Source:                 PIPE_REG_Y_1/GEN[11].FF_D_i/Q_reg/C
                            (rising edge-triggered cell FDCE clocked by sys_clk  {rise@0.000ns fall@4.250ns period=8.500ns})
  Destination:            REG_Y_2/GEN[11].FF_D_i/Q_reg/D
                            (rising edge-triggered cell FDCE clocked by sys_clk  {rise@0.000ns fall@4.250ns period=8.500ns})
  Path Group:             sys_clk
  Path Type:              Hold (Min at Fast Process Corner)
  Requirement:            0.000ns  (sys_clk rise@0.000ns - sys_clk rise@0.000ns)
  Data Path Delay:        0.227ns  (logic 0.118ns (52.015%)  route 0.109ns (47.985%))
  Logic Levels:           0  
  Clock Path Skew:        0.014ns (DCD - SCD - CPR)
    Destination Clock Delay (DCD):    2.062ns
    Source Clock Delay      (SCD):    1.545ns
    Clock Pessimism Removal (CPR):    0.503ns

    Location             Delay type                Incr(ns)  Path(ns)    Netlist Resource(s)
  -------------------------------------------------------------------    -------------------
                         (clock sys_clk rise edge)    0.000     0.000 r  
    P23                                               0.000     0.000 r  CLK (IN)
                         net (fo=0)                   0.000     0.000    CLK
    P23                  IBUF (Prop_ibuf_I_O)         0.109     0.109 r  CLK_IBUF_inst/O
                         net (fo=1, routed)           0.863     0.972    CLK_IBUF
    BUFGCTRL_X0Y0        BUFG (Prop_bufg_I_O)         0.026     0.998 r  CLK_IBUF_BUFG_inst/O
                         net (fo=230, routed)         0.547     1.545    PIPE_REG_Y_1/GEN[11].FF_D_i/CLK_IBUF_BUFG
    SLICE_X10Y63         FDCE                                         r  PIPE_REG_Y_1/GEN[11].FF_D_i/Q_reg/C
  -------------------------------------------------------------------    -------------------
    SLICE_X10Y63         FDCE (Prop_fdce_C_Q)         0.118     1.663 r  PIPE_REG_Y_1/GEN[11].FF_D_i/Q_reg/Q
                         net (fo=1, routed)           0.109     1.772    REG_Y_2/GEN[11].FF_D_i/Q_reg_2
    SLICE_X10Y62         FDCE                                         r  REG_Y_2/GEN[11].FF_D_i/Q_reg/D
  -------------------------------------------------------------------    -------------------

                         (clock sys_clk rise edge)    0.000     0.000 r  
    P23                                               0.000     0.000 r  CLK (IN)
                         net (fo=0)                   0.000     0.000    CLK
    P23                  IBUF (Prop_ibuf_I_O)         0.357     0.357 r  CLK_IBUF_inst/O
                         net (fo=1, routed)           0.928     1.285    CLK_IBUF
    BUFGCTRL_X0Y0        BUFG (Prop_bufg_I_O)         0.030     1.315 r  CLK_IBUF_BUFG_inst/O
                         net (fo=230, routed)         0.747     2.062    REG_Y_2/GEN[11].FF_D_i/CLK_IBUF_BUFG
    SLICE_X10Y62         FDCE                                         r  REG_Y_2/GEN[11].FF_D_i/Q_reg/C
                         clock pessimism             -0.503     1.559    
    SLICE_X10Y62         FDCE (Hold_fdce_C_D)         0.040     1.599    REG_Y_2/GEN[11].FF_D_i/Q_reg
  -------------------------------------------------------------------
                         required time                         -1.599    
                         arrival time                           1.772    
  -------------------------------------------------------------------
                         slack                                  0.173    

Slack (MET) :             0.179ns  (arrival time - required time)
  Source:                 PIPE_REG_Y_1/GEN[15].FF_D_i/Q_reg/C
                            (rising edge-triggered cell FDCE clocked by sys_clk  {rise@0.000ns fall@4.250ns period=8.500ns})
  Destination:            REG_Y_2/GEN[15].FF_D_i/Q_reg/D
                            (rising edge-triggered cell FDCE clocked by sys_clk  {rise@0.000ns fall@4.250ns period=8.500ns})
  Path Group:             sys_clk
  Path Type:              Hold (Min at Fast Process Corner)
  Requirement:            0.000ns  (sys_clk rise@0.000ns - sys_clk rise@0.000ns)
  Data Path Delay:        0.219ns  (logic 0.118ns (53.934%)  route 0.101ns (46.066%))
  Logic Levels:           0  
  Clock Path Skew:        0.000ns (DCD - SCD - CPR)
    Destination Clock Delay (DCD):    2.061ns
    Source Clock Delay      (SCD):    1.544ns
    Clock Pessimism Removal (CPR):    0.517ns

    Location             Delay type                Incr(ns)  Path(ns)    Netlist Resource(s)
  -------------------------------------------------------------------    -------------------
                         (clock sys_clk rise edge)    0.000     0.000 r  
    P23                                               0.000     0.000 r  CLK (IN)
                         net (fo=0)                   0.000     0.000    CLK
    P23                  IBUF (Prop_ibuf_I_O)         0.109     0.109 r  CLK_IBUF_inst/O
                         net (fo=1, routed)           0.863     0.972    CLK_IBUF
    BUFGCTRL_X0Y0        BUFG (Prop_bufg_I_O)         0.026     0.998 r  CLK_IBUF_BUFG_inst/O
                         net (fo=230, routed)         0.546     1.544    PIPE_REG_Y_1/GEN[15].FF_D_i/CLK_IBUF_BUFG
    SLICE_X12Y64         FDCE                                         r  PIPE_REG_Y_1/GEN[15].FF_D_i/Q_reg/C
  -------------------------------------------------------------------    -------------------
    SLICE_X12Y64         FDCE (Prop_fdce_C_Q)         0.118     1.662 r  PIPE_REG_Y_1/GEN[15].FF_D_i/Q_reg/Q
                         net (fo=1, routed)           0.101     1.763    REG_Y_2/GEN[15].FF_D_i/Q_reg_4
    SLICE_X12Y64         FDCE                                         r  REG_Y_2/GEN[15].FF_D_i/Q_reg/D
  -------------------------------------------------------------------    -------------------

                         (clock sys_clk rise edge)    0.000     0.000 r  
    P23                                               0.000     0.000 r  CLK (IN)
                         net (fo=0)                   0.000     0.000    CLK
    P23                  IBUF (Prop_ibuf_I_O)         0.357     0.357 r  CLK_IBUF_inst/O
                         net (fo=1, routed)           0.928     1.285    CLK_IBUF
    BUFGCTRL_X0Y0        BUFG (Prop_bufg_I_O)         0.030     1.315 r  CLK_IBUF_BUFG_inst/O
                         net (fo=230, routed)         0.746     2.061    REG_Y_2/GEN[15].FF_D_i/CLK_IBUF_BUFG
    SLICE_X12Y64         FDCE                                         r  REG_Y_2/GEN[15].FF_D_i/Q_reg/C
                         clock pessimism             -0.517     1.544    
    SLICE_X12Y64         FDCE (Hold_fdce_C_D)         0.040     1.584    REG_Y_2/GEN[15].FF_D_i/Q_reg
  -------------------------------------------------------------------
                         required time                         -1.584    
                         arrival time                           1.763    
  -------------------------------------------------------------------
                         slack                                  0.179    

Slack (MET) :             0.183ns  (arrival time - required time)
  Source:                 PIPE_REG_Y_1/GEN[21].FF_D_i/Q_reg/C
                            (rising edge-triggered cell FDCE clocked by sys_clk  {rise@0.000ns fall@4.250ns period=8.500ns})
  Destination:            REG_Y_2/GEN[21].FF_D_i/Q_reg/D
                            (rising edge-triggered cell FDCE clocked by sys_clk  {rise@0.000ns fall@4.250ns period=8.500ns})
  Path Group:             sys_clk
  Path Type:              Hold (Min at Fast Process Corner)
  Requirement:            0.000ns  (sys_clk rise@0.000ns - sys_clk rise@0.000ns)
  Data Path Delay:        0.253ns  (logic 0.100ns (39.604%)  route 0.153ns (60.396%))
  Logic Levels:           0  
  Clock Path Skew:        0.030ns (DCD - SCD - CPR)
    Destination Clock Delay (DCD):    2.058ns
    Source Clock Delay      (SCD):    1.543ns
    Clock Pessimism Removal (CPR):    0.485ns

    Location             Delay type                Incr(ns)  Path(ns)    Netlist Resource(s)
  -------------------------------------------------------------------    -------------------
                         (clock sys_clk rise edge)    0.000     0.000 r  
    P23                                               0.000     0.000 r  CLK (IN)
                         net (fo=0)                   0.000     0.000    CLK
    P23                  IBUF (Prop_ibuf_I_O)         0.109     0.109 r  CLK_IBUF_inst/O
                         net (fo=1, routed)           0.863     0.972    CLK_IBUF
    BUFGCTRL_X0Y0        BUFG (Prop_bufg_I_O)         0.026     0.998 r  CLK_IBUF_BUFG_inst/O
                         net (fo=230, routed)         0.545     1.543    PIPE_REG_Y_1/GEN[21].FF_D_i/CLK_IBUF_BUFG
    SLICE_X11Y67         FDCE                                         r  PIPE_REG_Y_1/GEN[21].FF_D_i/Q_reg/C
  -------------------------------------------------------------------    -------------------
    SLICE_X11Y67         FDCE (Prop_fdce_C_Q)         0.100     1.643 r  PIPE_REG_Y_1/GEN[21].FF_D_i/Q_reg/Q
                         net (fo=1, routed)           0.153     1.795    REG_Y_2/GEN[21].FF_D_i/Q_reg_5
    SLICE_X12Y67         FDCE                                         r  REG_Y_2/GEN[21].FF_D_i/Q_reg/D
  -------------------------------------------------------------------    -------------------

                         (clock sys_clk rise edge)    0.000     0.000 r  
    P23                                               0.000     0.000 r  CLK (IN)
                         net (fo=0)                   0.000     0.000    CLK
    P23                  IBUF (Prop_ibuf_I_O)         0.357     0.357 r  CLK_IBUF_inst/O
                         net (fo=1, routed)           0.928     1.285    CLK_IBUF
    BUFGCTRL_X0Y0        BUFG (Prop_bufg_I_O)         0.030     1.315 r  CLK_IBUF_BUFG_inst/O
                         net (fo=230, routed)         0.743     2.058    REG_Y_2/GEN[21].FF_D_i/CLK_IBUF_BUFG
    SLICE_X12Y67         FDCE                                         r  REG_Y_2/GEN[21].FF_D_i/Q_reg/C
                         clock pessimism             -0.485     1.573    
    SLICE_X12Y67         FDCE (Hold_fdce_C_D)         0.040     1.613    REG_Y_2/GEN[21].FF_D_i/Q_reg
  -------------------------------------------------------------------
                         required time                         -1.613    
                         arrival time                           1.795    
  -------------------------------------------------------------------
                         slack                                  0.183    

Slack (MET) :             0.183ns  (arrival time - required time)
  Source:                 REG_Y_1/GEN[2].FF_D_i/Q_reg/C
                            (rising edge-triggered cell FDCE clocked by sys_clk  {rise@0.000ns fall@4.250ns period=8.500ns})
  Destination:            PIPE_REG_Y_1/GEN[2].FF_D_i/Q_reg/D
                            (rising edge-triggered cell FDCE clocked by sys_clk  {rise@0.000ns fall@4.250ns period=8.500ns})
  Path Group:             sys_clk
  Path Type:              Hold (Min at Fast Process Corner)
  Requirement:            0.000ns  (sys_clk rise@0.000ns - sys_clk rise@0.000ns)
  Data Path Delay:        0.237ns  (logic 0.118ns (49.828%)  route 0.119ns (50.172%))
  Logic Levels:           0  
  Clock Path Skew:        0.014ns (DCD - SCD - CPR)
    Destination Clock Delay (DCD):    2.095ns
    Source Clock Delay      (SCD):    1.576ns
    Clock Pessimism Removal (CPR):    0.505ns

    Location             Delay type                Incr(ns)  Path(ns)    Netlist Resource(s)
  -------------------------------------------------------------------    -------------------
                         (clock sys_clk rise edge)    0.000     0.000 r  
    P23                                               0.000     0.000 r  CLK (IN)
                         net (fo=0)                   0.000     0.000    CLK
    P23                  IBUF (Prop_ibuf_I_O)         0.109     0.109 r  CLK_IBUF_inst/O
                         net (fo=1, routed)           0.863     0.972    CLK_IBUF
    BUFGCTRL_X0Y0        BUFG (Prop_bufg_I_O)         0.026     0.998 r  CLK_IBUF_BUFG_inst/O
                         net (fo=230, routed)         0.578     1.576    REG_Y_1/GEN[2].FF_D_i/CLK_IBUF_BUFG
    SLICE_X6Y60          FDCE                                         r  REG_Y_1/GEN[2].FF_D_i/Q_reg/C
  -------------------------------------------------------------------    -------------------
    SLICE_X6Y60          FDCE (Prop_fdce_C_Q)         0.118     1.694 r  REG_Y_1/GEN[2].FF_D_i/Q_reg/Q
                         net (fo=4, routed)           0.119     1.813    PIPE_REG_Y_1/GEN[2].FF_D_i/Y_OBUF[0]
    SLICE_X7Y61          FDCE                                         r  PIPE_REG_Y_1/GEN[2].FF_D_i/Q_reg/D
  -------------------------------------------------------------------    -------------------

                         (clock sys_clk rise edge)    0.000     0.000 r  
    P23                                               0.000     0.000 r  CLK (IN)
                         net (fo=0)                   0.000     0.000    CLK
    P23                  IBUF (Prop_ibuf_I_O)         0.357     0.357 r  CLK_IBUF_inst/O
                         net (fo=1, routed)           0.928     1.285    CLK_IBUF
    BUFGCTRL_X0Y0        BUFG (Prop_bufg_I_O)         0.030     1.315 r  CLK_IBUF_BUFG_inst/O
                         net (fo=230, routed)         0.780     2.095    PIPE_REG_Y_1/GEN[2].FF_D_i/CLK_IBUF_BUFG
    SLICE_X7Y61          FDCE                                         r  PIPE_REG_Y_1/GEN[2].FF_D_i/Q_reg/C
                         clock pessimism             -0.505     1.590    
    SLICE_X7Y61          FDCE (Hold_fdce_C_D)         0.040     1.630    PIPE_REG_Y_1/GEN[2].FF_D_i/Q_reg
  -------------------------------------------------------------------
                         required time                         -1.630    
                         arrival time                           1.813    
  -------------------------------------------------------------------
                         slack                                  0.183    

Slack (MET) :             0.185ns  (arrival time - required time)
  Source:                 REG_Y_1/GEN[0].FF_D_i/Q_reg/C
                            (rising edge-triggered cell FDCE clocked by sys_clk  {rise@0.000ns fall@4.250ns period=8.500ns})
  Destination:            PIPE_REG_Y_1/GEN[0].FF_D_i/Q_reg/D
                            (rising edge-triggered cell FDCE clocked by sys_clk  {rise@0.000ns fall@4.250ns period=8.500ns})
  Path Group:             sys_clk
  Path Type:              Hold (Min at Fast Process Corner)
  Requirement:            0.000ns  (sys_clk rise@0.000ns - sys_clk rise@0.000ns)
  Data Path Delay:        0.257ns  (logic 0.100ns (38.840%)  route 0.157ns (61.160%))
  Logic Levels:           0  
  Clock Path Skew:        0.032ns (DCD - SCD - CPR)
    Destination Clock Delay (DCD):    2.095ns
    Source Clock Delay      (SCD):    1.578ns
    Clock Pessimism Removal (CPR):    0.485ns

    Location             Delay type                Incr(ns)  Path(ns)    Netlist Resource(s)
  -------------------------------------------------------------------    -------------------
                         (clock sys_clk rise edge)    0.000     0.000 r  
    P23                                               0.000     0.000 r  CLK (IN)
                         net (fo=0)                   0.000     0.000    CLK
    P23                  IBUF (Prop_ibuf_I_O)         0.109     0.109 r  CLK_IBUF_inst/O
                         net (fo=1, routed)           0.863     0.972    CLK_IBUF
    BUFGCTRL_X0Y0        BUFG (Prop_bufg_I_O)         0.026     0.998 r  CLK_IBUF_BUFG_inst/O
                         net (fo=230, routed)         0.580     1.578    REG_Y_1/GEN[0].FF_D_i/CLK_IBUF_BUFG
    SLICE_X3Y59          FDCE                                         r  REG_Y_1/GEN[0].FF_D_i/Q_reg/C
  -------------------------------------------------------------------    -------------------
    SLICE_X3Y59          FDCE (Prop_fdce_C_Q)         0.100     1.678 r  REG_Y_1/GEN[0].FF_D_i/Q_reg/Q
                         net (fo=2, routed)           0.157     1.835    PIPE_REG_Y_1/GEN[0].FF_D_i/Y_OBUF[0]
    SLICE_X7Y60          FDCE                                         r  PIPE_REG_Y_1/GEN[0].FF_D_i/Q_reg/D
  -------------------------------------------------------------------    -------------------

                         (clock sys_clk rise edge)    0.000     0.000 r  
    P23                                               0.000     0.000 r  CLK (IN)
                         net (fo=0)                   0.000     0.000    CLK
    P23                  IBUF (Prop_ibuf_I_O)         0.357     0.357 r  CLK_IBUF_inst/O
                         net (fo=1, routed)           0.928     1.285    CLK_IBUF
    BUFGCTRL_X0Y0        BUFG (Prop_bufg_I_O)         0.030     1.315 r  CLK_IBUF_BUFG_inst/O
                         net (fo=230, routed)         0.780     2.095    PIPE_REG_Y_1/GEN[0].FF_D_i/CLK_IBUF_BUFG
    SLICE_X7Y60          FDCE                                         r  PIPE_REG_Y_1/GEN[0].FF_D_i/Q_reg/C
                         clock pessimism             -0.485     1.610    
    SLICE_X7Y60          FDCE (Hold_fdce_C_D)         0.040     1.650    PIPE_REG_Y_1/GEN[0].FF_D_i/Q_reg
  -------------------------------------------------------------------
                         required time                         -1.650    
                         arrival time                           1.835    
  -------------------------------------------------------------------
                         slack                                  0.185    

Slack (MET) :             0.203ns  (arrival time - required time)
  Source:                 PIPE_REG_Y_1/GEN[16].FF_D_i/Q_reg/C
                            (rising edge-triggered cell FDCE clocked by sys_clk  {rise@0.000ns fall@4.250ns period=8.500ns})
  Destination:            REG_Y_2/GEN[16].FF_D_i/Q_reg/D
                            (rising edge-triggered cell FDCE clocked by sys_clk  {rise@0.000ns fall@4.250ns period=8.500ns})
  Path Group:             sys_clk
  Path Type:              Hold (Min at Fast Process Corner)
  Requirement:            0.000ns  (sys_clk rise@0.000ns - sys_clk rise@0.000ns)
  Data Path Delay:        0.254ns  (logic 0.100ns (39.302%)  route 0.154ns (60.698%))
  Logic Levels:           0  
  Clock Path Skew:        0.011ns (DCD - SCD - CPR)
    Destination Clock Delay (DCD):    2.061ns
    Source Clock Delay      (SCD):    1.544ns
    Clock Pessimism Removal (CPR):    0.506ns

    Location             Delay type                Incr(ns)  Path(ns)    Netlist Resource(s)
  -------------------------------------------------------------------    -------------------
                         (clock sys_clk rise edge)    0.000     0.000 r  
    P23                                               0.000     0.000 r  CLK (IN)
                         net (fo=0)                   0.000     0.000    CLK
    P23                  IBUF (Prop_ibuf_I_O)         0.109     0.109 r  CLK_IBUF_inst/O
                         net (fo=1, routed)           0.863     0.972    CLK_IBUF
    BUFGCTRL_X0Y0        BUFG (Prop_bufg_I_O)         0.026     0.998 r  CLK_IBUF_BUFG_inst/O
                         net (fo=230, routed)         0.546     1.544    PIPE_REG_Y_1/GEN[16].FF_D_i/CLK_IBUF_BUFG
    SLICE_X13Y64         FDCE                                         r  PIPE_REG_Y_1/GEN[16].FF_D_i/Q_reg/C
  -------------------------------------------------------------------    -------------------
    SLICE_X13Y64         FDCE (Prop_fdce_C_Q)         0.100     1.644 r  PIPE_REG_Y_1/GEN[16].FF_D_i/Q_reg/Q
                         net (fo=1, routed)           0.154     1.798    REG_Y_2/GEN[16].FF_D_i/Q_reg_3
    SLICE_X12Y64         FDCE                                         r  REG_Y_2/GEN[16].FF_D_i/Q_reg/D
  -------------------------------------------------------------------    -------------------

                         (clock sys_clk rise edge)    0.000     0.000 r  
    P23                                               0.000     0.000 r  CLK (IN)
                         net (fo=0)                   0.000     0.000    CLK
    P23                  IBUF (Prop_ibuf_I_O)         0.357     0.357 r  CLK_IBUF_inst/O
                         net (fo=1, routed)           0.928     1.285    CLK_IBUF
    BUFGCTRL_X0Y0        BUFG (Prop_bufg_I_O)         0.030     1.315 r  CLK_IBUF_BUFG_inst/O
                         net (fo=230, routed)         0.746     2.061    REG_Y_2/GEN[16].FF_D_i/CLK_IBUF_BUFG
    SLICE_X12Y64         FDCE                                         r  REG_Y_2/GEN[16].FF_D_i/Q_reg/C
                         clock pessimism             -0.506     1.555    
    SLICE_X12Y64         FDCE (Hold_fdce_C_D)         0.040     1.595    REG_Y_2/GEN[16].FF_D_i/Q_reg
  -------------------------------------------------------------------
                         required time                         -1.595    
                         arrival time                           1.798    
  -------------------------------------------------------------------
                         slack                                  0.203    

Slack (MET) :             0.206ns  (arrival time - required time)
  Source:                 PIPE_REG_Y_1/GEN[3].FF_D_i/Q_reg/C
                            (rising edge-triggered cell FDCE clocked by sys_clk  {rise@0.000ns fall@4.250ns period=8.500ns})
  Destination:            REG_Y_2/GEN[3].FF_D_i/Q_reg/D
                            (rising edge-triggered cell FDCE clocked by sys_clk  {rise@0.000ns fall@4.250ns period=8.500ns})
  Path Group:             sys_clk
  Path Type:              Hold (Min at Fast Process Corner)
  Requirement:            0.000ns  (sys_clk rise@0.000ns - sys_clk rise@0.000ns)
  Data Path Delay:        0.255ns  (logic 0.100ns (39.265%)  route 0.155ns (60.735%))
  Logic Levels:           0  
  Clock Path Skew:        0.011ns (DCD - SCD - CPR)
    Destination Clock Delay (DCD):    2.095ns
    Source Clock Delay      (SCD):    1.576ns
    Clock Pessimism Removal (CPR):    0.508ns

    Location             Delay type                Incr(ns)  Path(ns)    Netlist Resource(s)
  -------------------------------------------------------------------    -------------------
                         (clock sys_clk rise edge)    0.000     0.000 r  
    P23                                               0.000     0.000 r  CLK (IN)
                         net (fo=0)                   0.000     0.000    CLK
    P23                  IBUF (Prop_ibuf_I_O)         0.109     0.109 r  CLK_IBUF_inst/O
                         net (fo=1, routed)           0.863     0.972    CLK_IBUF
    BUFGCTRL_X0Y0        BUFG (Prop_bufg_I_O)         0.026     0.998 r  CLK_IBUF_BUFG_inst/O
                         net (fo=230, routed)         0.578     1.576    PIPE_REG_Y_1/GEN[3].FF_D_i/CLK_IBUF_BUFG
    SLICE_X4Y61          FDCE                                         r  PIPE_REG_Y_1/GEN[3].FF_D_i/Q_reg/C
  -------------------------------------------------------------------    -------------------
    SLICE_X4Y61          FDCE (Prop_fdce_C_Q)         0.100     1.676 r  PIPE_REG_Y_1/GEN[3].FF_D_i/Q_reg/Q
                         net (fo=1, routed)           0.155     1.831    REG_Y_2/GEN[3].FF_D_i/Q_reg_4
    SLICE_X5Y61          FDCE                                         r  REG_Y_2/GEN[3].FF_D_i/Q_reg/D
  -------------------------------------------------------------------    -------------------

                         (clock sys_clk rise edge)    0.000     0.000 r  
    P23                                               0.000     0.000 r  CLK (IN)
                         net (fo=0)                   0.000     0.000    CLK
    P23                  IBUF (Prop_ibuf_I_O)         0.357     0.357 r  CLK_IBUF_inst/O
                         net (fo=1, routed)           0.928     1.285    CLK_IBUF
    BUFGCTRL_X0Y0        BUFG (Prop_bufg_I_O)         0.030     1.315 r  CLK_IBUF_BUFG_inst/O
                         net (fo=230, routed)         0.780     2.095    REG_Y_2/GEN[3].FF_D_i/CLK_IBUF_BUFG
    SLICE_X5Y61          FDCE                                         r  REG_Y_2/GEN[3].FF_D_i/Q_reg/C
                         clock pessimism             -0.508     1.587    
    SLICE_X5Y61          FDCE (Hold_fdce_C_D)         0.038     1.625    REG_Y_2/GEN[3].FF_D_i/Q_reg
  -------------------------------------------------------------------
                         required time                         -1.625    
                         arrival time                           1.831    
  -------------------------------------------------------------------
                         slack                                  0.206    





Pulse Width Checks
--------------------------------------------------------------------------------------
Clock Name:         sys_clk
Waveform(ns):       { 0.000 4.250 }
Period(ns):         8.500
Sources:            { CLK }

Check Type        Corner  Lib Pin  Reference Pin  Required(ns)  Actual(ns)  Slack(ns)  Location       Pin
Min Period        n/a     BUFG/I   n/a            1.600         8.500       6.900      BUFGCTRL_X0Y0  CLK_IBUF_BUFG_inst/I
Min Period        n/a     FDCE/C   n/a            0.750         8.500       7.750      SLICE_X5Y60    PIPE_REG_SUM1/GEN[1].FF_D_i/Q_reg/C
Min Period        n/a     FDCE/C   n/a            0.750         8.500       7.750      SLICE_X4Y61    PIPE_REG_SUM1/GEN[6].FF_D_i/Q_reg/C
Min Period        n/a     FDCE/C   n/a            0.750         8.500       7.750      SLICE_X2Y68    PIPE_REG_X_SHIFTED/GEN[27].FF_D_i/Q_reg/C
Min Period        n/a     FDCE/C   n/a            0.750         8.500       7.750      SLICE_X0Y66    PIPE_REG_X_SHIFTED/GEN[28].FF_D_i/Q_reg/C
Min Period        n/a     FDCE/C   n/a            0.750         8.500       7.750      SLICE_X2Y67    PIPE_REG_X_SHIFTED/GEN[31].FF_D_i/Q_reg/C
Min Period        n/a     FDCE/C   n/a            0.750         8.500       7.750      SLICE_X10Y64   PIPE_REG_Y_1/GEN[14].FF_D_i/Q_reg/C
Min Period        n/a     FDCE/C   n/a            0.750         8.500       7.750      SLICE_X13Y65   PIPE_REG_Y_1/GEN[19].FF_D_i/Q_reg/C
Min Period        n/a     FDCE/C   n/a            0.750         8.500       7.750      SLICE_X8Y61    PIPE_REG_Y_1/GEN[5].FF_D_i/Q_reg/C
Min Period        n/a     FDCE/C   n/a            0.750         8.500       7.750      SLICE_X0Y61    REG_X/GEN[17].FF_D_i/Q_reg/C
Low Pulse Width   Slow    FDCE/C   n/a            0.400         4.250       3.850      SLICE_X5Y60    PIPE_REG_SUM1/GEN[1].FF_D_i/Q_reg/C
Low Pulse Width   Fast    FDCE/C   n/a            0.400         4.250       3.850      SLICE_X5Y60    PIPE_REG_SUM1/GEN[1].FF_D_i/Q_reg/C
Low Pulse Width   Slow    FDCE/C   n/a            0.400         4.250       3.850      SLICE_X4Y61    PIPE_REG_SUM1/GEN[6].FF_D_i/Q_reg/C
Low Pulse Width   Fast    FDCE/C   n/a            0.400         4.250       3.850      SLICE_X4Y61    PIPE_REG_SUM1/GEN[6].FF_D_i/Q_reg/C
Low Pulse Width   Slow    FDCE/C   n/a            0.400         4.250       3.850      SLICE_X2Y68    PIPE_REG_X_SHIFTED/GEN[27].FF_D_i/Q_reg/C
Low Pulse Width   Fast    FDCE/C   n/a            0.400         4.250       3.850      SLICE_X2Y68    PIPE_REG_X_SHIFTED/GEN[27].FF_D_i/Q_reg/C
Low Pulse Width   Slow    FDCE/C   n/a            0.400         4.250       3.850      SLICE_X0Y66    PIPE_REG_X_SHIFTED/GEN[28].FF_D_i/Q_reg/C
Low Pulse Width   Fast    FDCE/C   n/a            0.400         4.250       3.850      SLICE_X0Y66    PIPE_REG_X_SHIFTED/GEN[28].FF_D_i/Q_reg/C
Low Pulse Width   Slow    FDCE/C   n/a            0.400         4.250       3.850      SLICE_X2Y67    PIPE_REG_X_SHIFTED/GEN[31].FF_D_i/Q_reg/C
Low Pulse Width   Fast    FDCE/C   n/a            0.400         4.250       3.850      SLICE_X2Y67    PIPE_REG_X_SHIFTED/GEN[31].FF_D_i/Q_reg/C
High Pulse Width  Slow    FDCE/C   n/a            0.350         4.250       3.900      SLICE_X5Y63    PIPE_REG_K/GEN[0].FF_D_i/Q_reg/C
High Pulse Width  Fast    FDCE/C   n/a            0.350         4.250       3.900      SLICE_X5Y63    PIPE_REG_K/GEN[0].FF_D_i/Q_reg/C
High Pulse Width  Slow    FDCE/C   n/a            0.350         4.250       3.900      SLICE_X5Y63    PIPE_REG_K/GEN[1].FF_D_i/Q_reg/C
High Pulse Width  Fast    FDCE/C   n/a            0.350         4.250       3.900      SLICE_X5Y63    PIPE_REG_K/GEN[1].FF_D_i/Q_reg/C
High Pulse Width  Slow    FDCE/C   n/a            0.350         4.250       3.900      SLICE_X4Y64    PIPE_REG_K/GEN[2].FF_D_i/Q_reg/C
High Pulse Width  Fast    FDCE/C   n/a            0.350         4.250       3.900      SLICE_X4Y64    PIPE_REG_K/GEN[2].FF_D_i/Q_reg/C
High Pulse Width  Slow    FDCE/C   n/a            0.350         4.250       3.900      SLICE_X5Y60    PIPE_REG_SUM1/GEN[0].FF_D_i/Q_reg/C
High Pulse Width  Fast    FDCE/C   n/a            0.350         4.250       3.900      SLICE_X5Y60    PIPE_REG_SUM1/GEN[0].FF_D_i/Q_reg/C
High Pulse Width  Slow    FDCE/C   n/a            0.350         4.250       3.900      SLICE_X5Y62    PIPE_REG_SUM1/GEN[10].FF_D_i/Q_reg/C
High Pulse Width  Fast    FDCE/C   n/a            0.350         4.250       3.900      SLICE_X5Y62    PIPE_REG_SUM1/GEN[10].FF_D_i/Q_reg/C



--------------------------------------------------------------------------------------
Path Group:  (none)
From Clock:  sys_clk
  To Clock:  

Max Delay            32 Endpoints
Min Delay            32 Endpoints
--------------------------------------------------------------------------------------


Max Delay Paths
--------------------------------------------------------------------------------------
Slack:                    inf
  Source:                 REG_Y_1/GEN[31].FF_D_i/Q_reg_lopt_replica/C
                            (rising edge-triggered cell FDCE clocked by sys_clk  {rise@0.000ns fall@4.250ns period=8.500ns})
  Destination:            Y[31]
                            (output port)
  Path Group:             (none)
  Path Type:              Max at Slow Process Corner
  Data Path Delay:        4.417ns  (logic 2.820ns (63.860%)  route 1.596ns (36.140%))
  Logic Levels:           1  (OBUF=1)
  Clock Uncertainty:      0.025ns  ((TSJ^2 + TIJ^2)^1/2 + DJ) / 2 + PE
    Total System Jitter     (TSJ):    0.050ns
    Total Input Jitter      (TIJ):    0.000ns
    Discrete Jitter          (DJ):    0.000ns
    Phase Error              (PE):    0.000ns

    Location             Delay type                Incr(ns)  Path(ns)    Netlist Resource(s)
  -------------------------------------------------------------------    -------------------
                         (clock sys_clk rise edge)    0.000     0.000 r  
    P23                                               0.000     0.000 r  CLK (IN)
                         net (fo=0)                   0.000     0.000    CLK
    P23                  IBUF (Prop_ibuf_I_O)         0.845     0.845 r  CLK_IBUF_inst/O
                         net (fo=1, routed)           2.140     2.985    CLK_IBUF
    BUFGCTRL_X0Y0        BUFG (Prop_bufg_I_O)         0.120     3.105 r  CLK_IBUF_BUFG_inst/O
                         net (fo=230, routed)         1.447     4.552    REG_Y_1/GEN[31].FF_D_i/CLK_IBUF_BUFG
    SLICE_X6Y69          FDCE                                         r  REG_Y_1/GEN[31].FF_D_i/Q_reg_lopt_replica/C
  -------------------------------------------------------------------    -------------------
    SLICE_X6Y69          FDCE (Prop_fdce_C_Q)         0.308     4.860 r  REG_Y_1/GEN[31].FF_D_i/Q_reg_lopt_replica/Q
                         net (fo=1, routed)           1.596     6.456    lopt_24
    E22                  OBUF (Prop_obuf_I_O)         2.512     8.969 r  Y_OBUF[31]_inst/O
                         net (fo=0)                   0.000     8.969    Y[31]
    E22                                                               r  Y[31] (OUT)
  -------------------------------------------------------------------    -------------------

Slack:                    inf
  Source:                 REG_Y_1/GEN[30].FF_D_i/Q_reg_lopt_replica/C
                            (rising edge-triggered cell FDCE clocked by sys_clk  {rise@0.000ns fall@4.250ns period=8.500ns})
  Destination:            Y[30]
                            (output port)
  Path Group:             (none)
  Path Type:              Max at Slow Process Corner
  Data Path Delay:        4.403ns  (logic 2.825ns (64.163%)  route 1.578ns (35.837%))
  Logic Levels:           1  (OBUF=1)
  Clock Uncertainty:      0.025ns  ((TSJ^2 + TIJ^2)^1/2 + DJ) / 2 + PE
    Total System Jitter     (TSJ):    0.050ns
    Total Input Jitter      (TIJ):    0.000ns
    Discrete Jitter          (DJ):    0.000ns
    Phase Error              (PE):    0.000ns

    Location             Delay type                Incr(ns)  Path(ns)    Netlist Resource(s)
  -------------------------------------------------------------------    -------------------
                         (clock sys_clk rise edge)    0.000     0.000 r  
    P23                                               0.000     0.000 r  CLK (IN)
                         net (fo=0)                   0.000     0.000    CLK
    P23                  IBUF (Prop_ibuf_I_O)         0.845     0.845 r  CLK_IBUF_inst/O
                         net (fo=1, routed)           2.140     2.985    CLK_IBUF
    BUFGCTRL_X0Y0        BUFG (Prop_bufg_I_O)         0.120     3.105 r  CLK_IBUF_BUFG_inst/O
                         net (fo=230, routed)         1.447     4.552    REG_Y_1/GEN[30].FF_D_i/CLK_IBUF_BUFG
    SLICE_X6Y69          FDCE                                         r  REG_Y_1/GEN[30].FF_D_i/Q_reg_lopt_replica/C
  -------------------------------------------------------------------    -------------------
    SLICE_X6Y69          FDCE (Prop_fdce_C_Q)         0.308     4.860 r  REG_Y_1/GEN[30].FF_D_i/Q_reg_lopt_replica/Q
                         net (fo=1, routed)           1.578     6.438    lopt_23
    C21                  OBUF (Prop_obuf_I_O)         2.517     8.955 r  Y_OBUF[30]_inst/O
                         net (fo=0)                   0.000     8.955    Y[30]
    C21                                                               r  Y[30] (OUT)
  -------------------------------------------------------------------    -------------------

Slack:                    inf
  Source:                 REG_Y_1/GEN[29].FF_D_i/Q_reg_lopt_replica/C
                            (rising edge-triggered cell FDCE clocked by sys_clk  {rise@0.000ns fall@4.250ns period=8.500ns})
  Destination:            Y[29]
                            (output port)
  Path Group:             (none)
  Path Type:              Max at Slow Process Corner
  Data Path Delay:        4.367ns  (logic 2.798ns (64.089%)  route 1.568ns (35.911%))
  Logic Levels:           1  (OBUF=1)
  Clock Uncertainty:      0.025ns  ((TSJ^2 + TIJ^2)^1/2 + DJ) / 2 + PE
    Total System Jitter     (TSJ):    0.050ns
    Total Input Jitter      (TIJ):    0.000ns
    Discrete Jitter          (DJ):    0.000ns
    Phase Error              (PE):    0.000ns

    Location             Delay type                Incr(ns)  Path(ns)    Netlist Resource(s)
  -------------------------------------------------------------------    -------------------
                         (clock sys_clk rise edge)    0.000     0.000 r  
    P23                                               0.000     0.000 r  CLK (IN)
                         net (fo=0)                   0.000     0.000    CLK
    P23                  IBUF (Prop_ibuf_I_O)         0.845     0.845 r  CLK_IBUF_inst/O
                         net (fo=1, routed)           2.140     2.985    CLK_IBUF
    BUFGCTRL_X0Y0        BUFG (Prop_bufg_I_O)         0.120     3.105 r  CLK_IBUF_BUFG_inst/O
                         net (fo=230, routed)         1.447     4.552    REG_Y_1/GEN[29].FF_D_i/CLK_IBUF_BUFG
    SLICE_X7Y69          FDCE                                         r  REG_Y_1/GEN[29].FF_D_i/Q_reg_lopt_replica/C
  -------------------------------------------------------------------    -------------------
    SLICE_X7Y69          FDCE (Prop_fdce_C_Q)         0.269     4.821 r  REG_Y_1/GEN[29].FF_D_i/Q_reg_lopt_replica/Q
                         net (fo=1, routed)           1.568     6.389    lopt_21
    B21                  OBUF (Prop_obuf_I_O)         2.529     8.919 r  Y_OBUF[29]_inst/O
                         net (fo=0)                   0.000     8.919    Y[29]
    B21                                                               r  Y[29] (OUT)
  -------------------------------------------------------------------    -------------------

Slack:                    inf
  Source:                 REG_Y_1/GEN[28].FF_D_i/Q_reg_lopt_replica/C
                            (rising edge-triggered cell FDCE clocked by sys_clk  {rise@0.000ns fall@4.250ns period=8.500ns})
  Destination:            Y[28]
                            (output port)
  Path Group:             (none)
  Path Type:              Max at Slow Process Corner
  Data Path Delay:        4.359ns  (logic 2.793ns (64.075%)  route 1.566ns (35.925%))
  Logic Levels:           1  (OBUF=1)
  Clock Uncertainty:      0.025ns  ((TSJ^2 + TIJ^2)^1/2 + DJ) / 2 + PE
    Total System Jitter     (TSJ):    0.050ns
    Total Input Jitter      (TIJ):    0.000ns
    Discrete Jitter          (DJ):    0.000ns
    Phase Error              (PE):    0.000ns

    Location             Delay type                Incr(ns)  Path(ns)    Netlist Resource(s)
  -------------------------------------------------------------------    -------------------
                         (clock sys_clk rise edge)    0.000     0.000 r  
    P23                                               0.000     0.000 r  CLK (IN)
                         net (fo=0)                   0.000     0.000    CLK
    P23                  IBUF (Prop_ibuf_I_O)         0.845     0.845 r  CLK_IBUF_inst/O
                         net (fo=1, routed)           2.140     2.985    CLK_IBUF
    BUFGCTRL_X0Y0        BUFG (Prop_bufg_I_O)         0.120     3.105 r  CLK_IBUF_BUFG_inst/O
                         net (fo=230, routed)         1.448     4.553    REG_Y_1/GEN[28].FF_D_i/CLK_IBUF_BUFG
    SLICE_X4Y68          FDCE                                         r  REG_Y_1/GEN[28].FF_D_i/Q_reg_lopt_replica/C
  -------------------------------------------------------------------    -------------------
    SLICE_X4Y68          FDCE (Prop_fdce_C_Q)         0.269     4.822 r  REG_Y_1/GEN[28].FF_D_i/Q_reg_lopt_replica/Q
                         net (fo=1, routed)           1.566     6.388    lopt_20
    D23                  OBUF (Prop_obuf_I_O)         2.524     8.912 r  Y_OBUF[28]_inst/O
                         net (fo=0)                   0.000     8.912    Y[28]
    D23                                                               r  Y[28] (OUT)
  -------------------------------------------------------------------    -------------------

Slack:                    inf
  Source:                 REG_Y_1/GEN[0].FF_D_i/Q_reg_lopt_replica/C
                            (rising edge-triggered cell FDCE clocked by sys_clk  {rise@0.000ns fall@4.250ns period=8.500ns})
  Destination:            Y[0]
                            (output port)
  Path Group:             (none)
  Path Type:              Max at Slow Process Corner
  Data Path Delay:        4.321ns  (logic 2.814ns (65.112%)  route 1.508ns (34.888%))
  Logic Levels:           1  (OBUF=1)
  Clock Uncertainty:      0.025ns  ((TSJ^2 + TIJ^2)^1/2 + DJ) / 2 + PE
    Total System Jitter     (TSJ):    0.050ns
    Total Input Jitter      (TIJ):    0.000ns
    Discrete Jitter          (DJ):    0.000ns
    Phase Error              (PE):    0.000ns

    Location             Delay type                Incr(ns)  Path(ns)    Netlist Resource(s)
  -------------------------------------------------------------------    -------------------
                         (clock sys_clk rise edge)    0.000     0.000 r  
    P23                                               0.000     0.000 r  CLK (IN)
                         net (fo=0)                   0.000     0.000    CLK
    P23                  IBUF (Prop_ibuf_I_O)         0.845     0.845 r  CLK_IBUF_inst/O
                         net (fo=1, routed)           2.140     2.985    CLK_IBUF
    BUFGCTRL_X0Y0        BUFG (Prop_bufg_I_O)         0.120     3.105 r  CLK_IBUF_BUFG_inst/O
                         net (fo=230, routed)         1.458     4.563    REG_Y_1/GEN[0].FF_D_i/CLK_IBUF_BUFG
    SLICE_X2Y59          FDCE                                         r  REG_Y_1/GEN[0].FF_D_i/Q_reg_lopt_replica/C
  -------------------------------------------------------------------    -------------------
    SLICE_X2Y59          FDCE (Prop_fdce_C_Q)         0.308     4.871 r  REG_Y_1/GEN[0].FF_D_i/Q_reg_lopt_replica/Q
                         net (fo=1, routed)           1.508     6.379    lopt
    L23                  OBUF (Prop_obuf_I_O)         2.506     8.884 r  Y_OBUF[0]_inst/O
                         net (fo=0)                   0.000     8.884    Y[0]
    L23                                                               r  Y[0] (OUT)
  -------------------------------------------------------------------    -------------------

Slack:                    inf
  Source:                 REG_Y_1/GEN[25].FF_D_i/Q_reg_lopt_replica/C
                            (rising edge-triggered cell FDCE clocked by sys_clk  {rise@0.000ns fall@4.250ns period=8.500ns})
  Destination:            Y[25]
                            (output port)
  Path Group:             (none)
  Path Type:              Max at Slow Process Corner
  Data Path Delay:        4.319ns  (logic 2.778ns (64.332%)  route 1.540ns (35.668%))
  Logic Levels:           1  (OBUF=1)
  Clock Uncertainty:      0.025ns  ((TSJ^2 + TIJ^2)^1/2 + DJ) / 2 + PE
    Total System Jitter     (TSJ):    0.050ns
    Total Input Jitter      (TIJ):    0.000ns
    Discrete Jitter          (DJ):    0.000ns
    Phase Error              (PE):    0.000ns

    Location             Delay type                Incr(ns)  Path(ns)    Netlist Resource(s)
  -------------------------------------------------------------------    -------------------
                         (clock sys_clk rise edge)    0.000     0.000 r  
    P23                                               0.000     0.000 r  CLK (IN)
                         net (fo=0)                   0.000     0.000    CLK
    P23                  IBUF (Prop_ibuf_I_O)         0.845     0.845 r  CLK_IBUF_inst/O
                         net (fo=1, routed)           2.140     2.985    CLK_IBUF
    BUFGCTRL_X0Y0        BUFG (Prop_bufg_I_O)         0.120     3.105 r  CLK_IBUF_BUFG_inst/O
                         net (fo=230, routed)         1.450     4.555    REG_Y_1/GEN[25].FF_D_i/CLK_IBUF_BUFG
    SLICE_X5Y67          FDCE                                         r  REG_Y_1/GEN[25].FF_D_i/Q_reg_lopt_replica/C
  -------------------------------------------------------------------    -------------------
    SLICE_X5Y67          FDCE (Prop_fdce_C_Q)         0.269     4.824 r  REG_Y_1/GEN[25].FF_D_i/Q_reg_lopt_replica/Q
                         net (fo=1, routed)           1.540     6.364    lopt_17
    E23                  OBUF (Prop_obuf_I_O)         2.509     8.874 r  Y_OBUF[25]_inst/O
                         net (fo=0)                   0.000     8.874    Y[25]
    E23                                                               r  Y[25] (OUT)
  -------------------------------------------------------------------    -------------------

Slack:                    inf
  Source:                 REG_Y_1/GEN[24].FF_D_i/Q_reg_lopt_replica/C
                            (rising edge-triggered cell FDCE clocked by sys_clk  {rise@0.000ns fall@4.250ns period=8.500ns})
  Destination:            Y[24]
                            (output port)
  Path Group:             (none)
  Path Type:              Max at Slow Process Corner
  Data Path Delay:        4.279ns  (logic 2.770ns (64.730%)  route 1.509ns (35.270%))
  Logic Levels:           1  (OBUF=1)
  Clock Uncertainty:      0.025ns  ((TSJ^2 + TIJ^2)^1/2 + DJ) / 2 + PE
    Total System Jitter     (TSJ):    0.050ns
    Total Input Jitter      (TIJ):    0.000ns
    Discrete Jitter          (DJ):    0.000ns
    Phase Error              (PE):    0.000ns

    Location             Delay type                Incr(ns)  Path(ns)    Netlist Resource(s)
  -------------------------------------------------------------------    -------------------
                         (clock sys_clk rise edge)    0.000     0.000 r  
    P23                                               0.000     0.000 r  CLK (IN)
                         net (fo=0)                   0.000     0.000    CLK
    P23                  IBUF (Prop_ibuf_I_O)         0.845     0.845 r  CLK_IBUF_inst/O
                         net (fo=1, routed)           2.140     2.985    CLK_IBUF
    BUFGCTRL_X0Y0        BUFG (Prop_bufg_I_O)         0.120     3.105 r  CLK_IBUF_BUFG_inst/O
                         net (fo=230, routed)         1.448     4.553    REG_Y_1/GEN[24].FF_D_i/CLK_IBUF_BUFG
    SLICE_X5Y68          FDCE                                         r  REG_Y_1/GEN[24].FF_D_i/Q_reg_lopt_replica/C
  -------------------------------------------------------------------    -------------------
    SLICE_X5Y68          FDCE (Prop_fdce_C_Q)         0.269     4.822 r  REG_Y_1/GEN[24].FF_D_i/Q_reg_lopt_replica/Q
                         net (fo=1, routed)           1.509     6.331    lopt_16
    G22                  OBUF (Prop_obuf_I_O)         2.501     8.832 r  Y_OBUF[24]_inst/O
                         net (fo=0)                   0.000     8.832    Y[24]
    G22                                                               r  Y[24] (OUT)
  -------------------------------------------------------------------    -------------------

Slack:                    inf
  Source:                 REG_Y_1/GEN[10].FF_D_i/Q_reg_lopt_replica/C
                            (rising edge-triggered cell FDCE clocked by sys_clk  {rise@0.000ns fall@4.250ns period=8.500ns})
  Destination:            Y[10]
                            (output port)
  Path Group:             (none)
  Path Type:              Max at Slow Process Corner
  Data Path Delay:        4.262ns  (logic 2.884ns (67.665%)  route 1.378ns (32.335%))
  Logic Levels:           1  (OBUF=1)
  Clock Uncertainty:      0.025ns  ((TSJ^2 + TIJ^2)^1/2 + DJ) / 2 + PE
    Total System Jitter     (TSJ):    0.050ns
    Total Input Jitter      (TIJ):    0.000ns
    Discrete Jitter          (DJ):    0.000ns
    Phase Error              (PE):    0.000ns

    Location             Delay type                Incr(ns)  Path(ns)    Netlist Resource(s)
  -------------------------------------------------------------------    -------------------
                         (clock sys_clk rise edge)    0.000     0.000 r  
    P23                                               0.000     0.000 r  CLK (IN)
                         net (fo=0)                   0.000     0.000    CLK
    P23                  IBUF (Prop_ibuf_I_O)         0.845     0.845 r  CLK_IBUF_inst/O
                         net (fo=1, routed)           2.140     2.985    CLK_IBUF
    BUFGCTRL_X0Y0        BUFG (Prop_bufg_I_O)         0.120     3.105 r  CLK_IBUF_BUFG_inst/O
                         net (fo=230, routed)         1.456     4.561    REG_Y_1/GEN[10].FF_D_i/CLK_IBUF_BUFG
    SLICE_X2Y62          FDCE                                         r  REG_Y_1/GEN[10].FF_D_i/Q_reg_lopt_replica/C
  -------------------------------------------------------------------    -------------------
    SLICE_X2Y62          FDCE (Prop_fdce_C_Q)         0.282     4.843 r  REG_Y_1/GEN[10].FF_D_i/Q_reg_lopt_replica/Q
                         net (fo=1, routed)           1.378     6.221    lopt_1
    H23                  OBUF (Prop_obuf_I_O)         2.602     8.823 r  Y_OBUF[10]_inst/O
                         net (fo=0)                   0.000     8.823    Y[10]
    H23                                                               r  Y[10] (OUT)
  -------------------------------------------------------------------    -------------------

Slack:                    inf
  Source:                 REG_Y_1/GEN[27].FF_D_i/Q_reg_lopt_replica/C
                            (rising edge-triggered cell FDCE clocked by sys_clk  {rise@0.000ns fall@4.250ns period=8.500ns})
  Destination:            Y[27]
                            (output port)
  Path Group:             (none)
  Path Type:              Max at Slow Process Corner
  Data Path Delay:        4.258ns  (logic 2.795ns (65.647%)  route 1.463ns (34.353%))
  Logic Levels:           1  (OBUF=1)
  Clock Uncertainty:      0.025ns  ((TSJ^2 + TIJ^2)^1/2 + DJ) / 2 + PE
    Total System Jitter     (TSJ):    0.050ns
    Total Input Jitter      (TIJ):    0.000ns
    Discrete Jitter          (DJ):    0.000ns
    Phase Error              (PE):    0.000ns

    Location             Delay type                Incr(ns)  Path(ns)    Netlist Resource(s)
  -------------------------------------------------------------------    -------------------
                         (clock sys_clk rise edge)    0.000     0.000 r  
    P23                                               0.000     0.000 r  CLK (IN)
                         net (fo=0)                   0.000     0.000    CLK
    P23                  IBUF (Prop_ibuf_I_O)         0.845     0.845 r  CLK_IBUF_inst/O
                         net (fo=1, routed)           2.140     2.985    CLK_IBUF
    BUFGCTRL_X0Y0        BUFG (Prop_bufg_I_O)         0.120     3.105 r  CLK_IBUF_BUFG_inst/O
                         net (fo=230, routed)         1.448     4.553    REG_Y_1/GEN[27].FF_D_i/CLK_IBUF_BUFG
    SLICE_X4Y68          FDCE                                         r  REG_Y_1/GEN[27].FF_D_i/Q_reg_lopt_replica/C
  -------------------------------------------------------------------    -------------------
    SLICE_X4Y68          FDCE (Prop_fdce_C_Q)         0.269     4.822 r  REG_Y_1/GEN[27].FF_D_i/Q_reg_lopt_replica/Q
                         net (fo=1, routed)           1.463     6.285    lopt_19
    D24                  OBUF (Prop_obuf_I_O)         2.526     8.811 r  Y_OBUF[27]_inst/O
                         net (fo=0)                   0.000     8.811    Y[27]
    D24                                                               r  Y[27] (OUT)
  -------------------------------------------------------------------    -------------------

Slack:                    inf
  Source:                 REG_Y_1/GEN[1].FF_D_i/Q_reg_lopt_replica/C
                            (rising edge-triggered cell FDCE clocked by sys_clk  {rise@0.000ns fall@4.250ns period=8.500ns})
  Destination:            Y[1]
                            (output port)
  Path Group:             (none)
  Path Type:              Max at Slow Process Corner
  Data Path Delay:        4.243ns  (logic 2.806ns (66.129%)  route 1.437ns (33.871%))
  Logic Levels:           1  (OBUF=1)
  Clock Uncertainty:      0.025ns  ((TSJ^2 + TIJ^2)^1/2 + DJ) / 2 + PE
    Total System Jitter     (TSJ):    0.050ns
    Total Input Jitter      (TIJ):    0.000ns
    Discrete Jitter          (DJ):    0.000ns
    Phase Error              (PE):    0.000ns

    Location             Delay type                Incr(ns)  Path(ns)    Netlist Resource(s)
  -------------------------------------------------------------------    -------------------
                         (clock sys_clk rise edge)    0.000     0.000 r  
    P23                                               0.000     0.000 r  CLK (IN)
                         net (fo=0)                   0.000     0.000    CLK
    P23                  IBUF (Prop_ibuf_I_O)         0.845     0.845 r  CLK_IBUF_inst/O
                         net (fo=1, routed)           2.140     2.985    CLK_IBUF
    BUFGCTRL_X0Y0        BUFG (Prop_bufg_I_O)         0.120     3.105 r  CLK_IBUF_BUFG_inst/O
                         net (fo=230, routed)         1.458     4.563    REG_Y_1/GEN[1].FF_D_i/CLK_IBUF_BUFG
    SLICE_X2Y59          FDCE                                         r  REG_Y_1/GEN[1].FF_D_i/Q_reg_lopt_replica/C
  -------------------------------------------------------------------    -------------------
    SLICE_X2Y59          FDCE (Prop_fdce_C_Q)         0.308     4.871 r  REG_Y_1/GEN[1].FF_D_i/Q_reg_lopt_replica/Q
                         net (fo=1, routed)           1.437     6.308    lopt_11
    J23                  OBUF (Prop_obuf_I_O)         2.498     8.806 r  Y_OBUF[1]_inst/O
                         net (fo=0)                   0.000     8.806    Y[1]
    J23                                                               r  Y[1] (OUT)
  -------------------------------------------------------------------    -------------------





Min Delay Paths
--------------------------------------------------------------------------------------
Slack:                    inf
  Source:                 REG_Y_1/GEN[6].FF_D_i/Q_reg_lopt_replica/C
                            (rising edge-triggered cell FDCE clocked by sys_clk  {rise@0.000ns fall@4.250ns period=8.500ns})
  Destination:            Y[6]
                            (output port)
  Path Group:             (none)
  Path Type:              Min at Fast Process Corner
  Data Path Delay:        1.737ns  (logic 1.429ns (82.267%)  route 0.308ns (17.733%))
  Logic Levels:           1  (OBUF=1)
  Clock Uncertainty:      0.025ns  ((TSJ^2 + TIJ^2)^1/2 + DJ) / 2 + PE
    Total System Jitter     (TSJ):    0.050ns
    Total Input Jitter      (TIJ):    0.000ns
    Discrete Jitter          (DJ):    0.000ns
    Phase Error              (PE):    0.000ns

    Location             Delay type                Incr(ns)  Path(ns)    Netlist Resource(s)
  -------------------------------------------------------------------    -------------------
                         (clock sys_clk rise edge)    0.000     0.000 r  
    P23                                               0.000     0.000 r  CLK (IN)
                         net (fo=0)                   0.000     0.000    CLK
    P23                  IBUF (Prop_ibuf_I_O)         0.109     0.109 r  CLK_IBUF_inst/O
                         net (fo=1, routed)           0.863     0.972    CLK_IBUF
    BUFGCTRL_X0Y0        BUFG (Prop_bufg_I_O)         0.026     0.998 r  CLK_IBUF_BUFG_inst/O
                         net (fo=230, routed)         0.581     1.579    REG_Y_1/GEN[6].FF_D_i/CLK_IBUF_BUFG
    SLICE_X1Y55          FDCE                                         r  REG_Y_1/GEN[6].FF_D_i/Q_reg_lopt_replica/C
  -------------------------------------------------------------------    -------------------
    SLICE_X1Y55          FDCE (Prop_fdce_C_Q)         0.100     1.679 r  REG_Y_1/GEN[6].FF_D_i/Q_reg_lopt_replica/Q
                         net (fo=1, routed)           0.308     1.987    lopt_28
    J24                  OBUF (Prop_obuf_I_O)         1.329     3.316 r  Y_OBUF[6]_inst/O
                         net (fo=0)                   0.000     3.316    Y[6]
    J24                                                               r  Y[6] (OUT)
  -------------------------------------------------------------------    -------------------

Slack:                    inf
  Source:                 REG_Y_1/GEN[4].FF_D_i/Q_reg_lopt_replica/C
                            (rising edge-triggered cell FDCE clocked by sys_clk  {rise@0.000ns fall@4.250ns period=8.500ns})
  Destination:            Y[4]
                            (output port)
  Path Group:             (none)
  Path Type:              Min at Fast Process Corner
  Data Path Delay:        1.741ns  (logic 1.435ns (82.417%)  route 0.306ns (17.583%))
  Logic Levels:           1  (OBUF=1)
  Clock Uncertainty:      0.025ns  ((TSJ^2 + TIJ^2)^1/2 + DJ) / 2 + PE
    Total System Jitter     (TSJ):    0.050ns
    Total Input Jitter      (TIJ):    0.000ns
    Discrete Jitter          (DJ):    0.000ns
    Phase Error              (PE):    0.000ns

    Location             Delay type                Incr(ns)  Path(ns)    Netlist Resource(s)
  -------------------------------------------------------------------    -------------------
                         (clock sys_clk rise edge)    0.000     0.000 r  
    P23                                               0.000     0.000 r  CLK (IN)
                         net (fo=0)                   0.000     0.000    CLK
    P23                  IBUF (Prop_ibuf_I_O)         0.109     0.109 r  CLK_IBUF_inst/O
                         net (fo=1, routed)           0.863     0.972    CLK_IBUF
    BUFGCTRL_X0Y0        BUFG (Prop_bufg_I_O)         0.026     0.998 r  CLK_IBUF_BUFG_inst/O
                         net (fo=230, routed)         0.581     1.579    REG_Y_1/GEN[4].FF_D_i/CLK_IBUF_BUFG
    SLICE_X1Y55          FDCE                                         r  REG_Y_1/GEN[4].FF_D_i/Q_reg_lopt_replica/C
  -------------------------------------------------------------------    -------------------
    SLICE_X1Y55          FDCE (Prop_fdce_C_Q)         0.100     1.679 r  REG_Y_1/GEN[4].FF_D_i/Q_reg_lopt_replica/Q
                         net (fo=1, routed)           0.306     1.985    lopt_26
    L22                  OBUF (Prop_obuf_I_O)         1.335     3.320 r  Y_OBUF[4]_inst/O
                         net (fo=0)                   0.000     3.320    Y[4]
    L22                                                               r  Y[4] (OUT)
  -------------------------------------------------------------------    -------------------

Slack:                    inf
  Source:                 REG_Y_1/GEN[3].FF_D_i/Q_reg_lopt_replica/C
                            (rising edge-triggered cell FDCE clocked by sys_clk  {rise@0.000ns fall@4.250ns period=8.500ns})
  Destination:            Y[3]
                            (output port)
  Path Group:             (none)
  Path Type:              Min at Fast Process Corner
  Data Path Delay:        1.745ns  (logic 1.436ns (82.277%)  route 0.309ns (17.723%))
  Logic Levels:           1  (OBUF=1)
  Clock Uncertainty:      0.025ns  ((TSJ^2 + TIJ^2)^1/2 + DJ) / 2 + PE
    Total System Jitter     (TSJ):    0.050ns
    Total Input Jitter      (TIJ):    0.000ns
    Discrete Jitter          (DJ):    0.000ns
    Phase Error              (PE):    0.000ns

    Location             Delay type                Incr(ns)  Path(ns)    Netlist Resource(s)
  -------------------------------------------------------------------    -------------------
                         (clock sys_clk rise edge)    0.000     0.000 r  
    P23                                               0.000     0.000 r  CLK (IN)
                         net (fo=0)                   0.000     0.000    CLK
    P23                  IBUF (Prop_ibuf_I_O)         0.109     0.109 r  CLK_IBUF_inst/O
                         net (fo=1, routed)           0.863     0.972    CLK_IBUF
    BUFGCTRL_X0Y0        BUFG (Prop_bufg_I_O)         0.026     0.998 r  CLK_IBUF_BUFG_inst/O
                         net (fo=230, routed)         0.581     1.579    REG_Y_1/GEN[3].FF_D_i/CLK_IBUF_BUFG
    SLICE_X1Y55          FDCE                                         r  REG_Y_1/GEN[3].FF_D_i/Q_reg_lopt_replica/C
  -------------------------------------------------------------------    -------------------
    SLICE_X1Y55          FDCE (Prop_fdce_C_Q)         0.100     1.679 r  REG_Y_1/GEN[3].FF_D_i/Q_reg_lopt_replica/Q
                         net (fo=1, routed)           0.309     1.988    lopt_25
    K22                  OBUF (Prop_obuf_I_O)         1.336     3.324 r  Y_OBUF[3]_inst/O
                         net (fo=0)                   0.000     3.324    Y[3]
    K22                                                               r  Y[3] (OUT)
  -------------------------------------------------------------------    -------------------

Slack:                    inf
  Source:                 REG_Y_1/GEN[11].FF_D_i/Q_reg_lopt_replica/C
                            (rising edge-triggered cell FDCE clocked by sys_clk  {rise@0.000ns fall@4.250ns period=8.500ns})
  Destination:            Y[11]
                            (output port)
  Path Group:             (none)
  Path Type:              Min at Fast Process Corner
  Data Path Delay:        1.757ns  (logic 1.430ns (81.429%)  route 0.326ns (18.571%))
  Logic Levels:           1  (OBUF=1)
  Clock Uncertainty:      0.025ns  ((TSJ^2 + TIJ^2)^1/2 + DJ) / 2 + PE
    Total System Jitter     (TSJ):    0.050ns
    Total Input Jitter      (TIJ):    0.000ns
    Discrete Jitter          (DJ):    0.000ns
    Phase Error              (PE):    0.000ns

    Location             Delay type                Incr(ns)  Path(ns)    Netlist Resource(s)
  -------------------------------------------------------------------    -------------------
                         (clock sys_clk rise edge)    0.000     0.000 r  
    P23                                               0.000     0.000 r  CLK (IN)
                         net (fo=0)                   0.000     0.000    CLK
    P23                  IBUF (Prop_ibuf_I_O)         0.109     0.109 r  CLK_IBUF_inst/O
                         net (fo=1, routed)           0.863     0.972    CLK_IBUF
    BUFGCTRL_X0Y0        BUFG (Prop_bufg_I_O)         0.026     0.998 r  CLK_IBUF_BUFG_inst/O
                         net (fo=230, routed)         0.576     1.574    REG_Y_1/GEN[11].FF_D_i/CLK_IBUF_BUFG
    SLICE_X5Y63          FDCE                                         r  REG_Y_1/GEN[11].FF_D_i/Q_reg_lopt_replica/C
  -------------------------------------------------------------------    -------------------
    SLICE_X5Y63          FDCE (Prop_fdce_C_Q)         0.100     1.674 r  REG_Y_1/GEN[11].FF_D_i/Q_reg_lopt_replica/Q
                         net (fo=1, routed)           0.326     2.000    lopt_2
    G21                  OBUF (Prop_obuf_I_O)         1.330     3.331 r  Y_OBUF[11]_inst/O
                         net (fo=0)                   0.000     3.331    Y[11]
    G21                                                               r  Y[11] (OUT)
  -------------------------------------------------------------------    -------------------

Slack:                    inf
  Source:                 REG_Y_1/GEN[17].FF_D_i/Q_reg_lopt_replica/C
                            (rising edge-triggered cell FDCE clocked by sys_clk  {rise@0.000ns fall@4.250ns period=8.500ns})
  Destination:            Y[17]
                            (output port)
  Path Group:             (none)
  Path Type:              Min at Fast Process Corner
  Data Path Delay:        1.766ns  (logic 1.439ns (81.474%)  route 0.327ns (18.526%))
  Logic Levels:           1  (OBUF=1)
  Clock Uncertainty:      0.025ns  ((TSJ^2 + TIJ^2)^1/2 + DJ) / 2 + PE
    Total System Jitter     (TSJ):    0.050ns
    Total Input Jitter      (TIJ):    0.000ns
    Discrete Jitter          (DJ):    0.000ns
    Phase Error              (PE):    0.000ns

    Location             Delay type                Incr(ns)  Path(ns)    Netlist Resource(s)
  -------------------------------------------------------------------    -------------------
                         (clock sys_clk rise edge)    0.000     0.000 r  
    P23                                               0.000     0.000 r  CLK (IN)
                         net (fo=0)                   0.000     0.000    CLK
    P23                  IBUF (Prop_ibuf_I_O)         0.109     0.109 r  CLK_IBUF_inst/O
                         net (fo=1, routed)           0.863     0.972    CLK_IBUF
    BUFGCTRL_X0Y0        BUFG (Prop_bufg_I_O)         0.026     0.998 r  CLK_IBUF_BUFG_inst/O
                         net (fo=230, routed)         0.576     1.574    REG_Y_1/GEN[17].FF_D_i/CLK_IBUF_BUFG
    SLICE_X5Y65          FDCE                                         r  REG_Y_1/GEN[17].FF_D_i/Q_reg_lopt_replica/C
  -------------------------------------------------------------------    -------------------
    SLICE_X5Y65          FDCE (Prop_fdce_C_Q)         0.100     1.674 r  REG_Y_1/GEN[17].FF_D_i/Q_reg_lopt_replica/Q
                         net (fo=1, routed)           0.327     2.001    lopt_8
    G26                  OBUF (Prop_obuf_I_O)         1.339     3.340 r  Y_OBUF[17]_inst/O
                         net (fo=0)                   0.000     3.340    Y[17]
    G26                                                               r  Y[17] (OUT)
  -------------------------------------------------------------------    -------------------

Slack:                    inf
  Source:                 REG_Y_1/GEN[9].FF_D_i/Q_reg_lopt_replica/C
                            (rising edge-triggered cell FDCE clocked by sys_clk  {rise@0.000ns fall@4.250ns period=8.500ns})
  Destination:            Y[9]
                            (output port)
  Path Group:             (none)
  Path Type:              Min at Fast Process Corner
  Data Path Delay:        1.766ns  (logic 1.425ns (80.700%)  route 0.341ns (19.300%))
  Logic Levels:           1  (OBUF=1)
  Clock Uncertainty:      0.025ns  ((TSJ^2 + TIJ^2)^1/2 + DJ) / 2 + PE
    Total System Jitter     (TSJ):    0.050ns
    Total Input Jitter      (TIJ):    0.000ns
    Discrete Jitter          (DJ):    0.000ns
    Phase Error              (PE):    0.000ns

    Location             Delay type                Incr(ns)  Path(ns)    Netlist Resource(s)
  -------------------------------------------------------------------    -------------------
                         (clock sys_clk rise edge)    0.000     0.000 r  
    P23                                               0.000     0.000 r  CLK (IN)
                         net (fo=0)                   0.000     0.000    CLK
    P23                  IBUF (Prop_ibuf_I_O)         0.109     0.109 r  CLK_IBUF_inst/O
                         net (fo=1, routed)           0.863     0.972    CLK_IBUF
    BUFGCTRL_X0Y0        BUFG (Prop_bufg_I_O)         0.026     0.998 r  CLK_IBUF_BUFG_inst/O
                         net (fo=230, routed)         0.578     1.576    REG_Y_1/GEN[9].FF_D_i/CLK_IBUF_BUFG
    SLICE_X3Y62          FDCE                                         r  REG_Y_1/GEN[9].FF_D_i/Q_reg_lopt_replica/C
  -------------------------------------------------------------------    -------------------
    SLICE_X3Y62          FDCE (Prop_fdce_C_Q)         0.100     1.676 r  REG_Y_1/GEN[9].FF_D_i/Q_reg_lopt_replica/Q
                         net (fo=1, routed)           0.341     2.017    lopt_31
    H24                  OBUF (Prop_obuf_I_O)         1.325     3.342 r  Y_OBUF[9]_inst/O
                         net (fo=0)                   0.000     3.342    Y[9]
    H24                                                               r  Y[9] (OUT)
  -------------------------------------------------------------------    -------------------

Slack:                    inf
  Source:                 REG_Y_1/GEN[5].FF_D_i/Q_reg_lopt_replica/C
                            (rising edge-triggered cell FDCE clocked by sys_clk  {rise@0.000ns fall@4.250ns period=8.500ns})
  Destination:            Y[5]
                            (output port)
  Path Group:             (none)
  Path Type:              Min at Fast Process Corner
  Data Path Delay:        1.766ns  (logic 1.454ns (82.346%)  route 0.312ns (17.654%))
  Logic Levels:           1  (OBUF=1)
  Clock Uncertainty:      0.025ns  ((TSJ^2 + TIJ^2)^1/2 + DJ) / 2 + PE
    Total System Jitter     (TSJ):    0.050ns
    Total Input Jitter      (TIJ):    0.000ns
    Discrete Jitter          (DJ):    0.000ns
    Phase Error              (PE):    0.000ns

    Location             Delay type                Incr(ns)  Path(ns)    Netlist Resource(s)
  -------------------------------------------------------------------    -------------------
                         (clock sys_clk rise edge)    0.000     0.000 r  
    P23                                               0.000     0.000 r  CLK (IN)
                         net (fo=0)                   0.000     0.000    CLK
    P23                  IBUF (Prop_ibuf_I_O)         0.109     0.109 r  CLK_IBUF_inst/O
                         net (fo=1, routed)           0.863     0.972    CLK_IBUF
    BUFGCTRL_X0Y0        BUFG (Prop_bufg_I_O)         0.026     0.998 r  CLK_IBUF_BUFG_inst/O
                         net (fo=230, routed)         0.581     1.579    REG_Y_1/GEN[5].FF_D_i/CLK_IBUF_BUFG
    SLICE_X0Y55          FDCE                                         r  REG_Y_1/GEN[5].FF_D_i/Q_reg_lopt_replica/C
  -------------------------------------------------------------------    -------------------
    SLICE_X0Y55          FDCE (Prop_fdce_C_Q)         0.091     1.670 r  REG_Y_1/GEN[5].FF_D_i/Q_reg_lopt_replica/Q
                         net (fo=1, routed)           0.312     1.982    lopt_27
    J25                  OBUF (Prop_obuf_I_O)         1.363     3.345 r  Y_OBUF[5]_inst/O
                         net (fo=0)                   0.000     3.345    Y[5]
    J25                                                               r  Y[5] (OUT)
  -------------------------------------------------------------------    -------------------

Slack:                    inf
  Source:                 REG_Y_1/GEN[2].FF_D_i/Q_reg_lopt_replica/C
                            (rising edge-triggered cell FDCE clocked by sys_clk  {rise@0.000ns fall@4.250ns period=8.500ns})
  Destination:            Y[2]
                            (output port)
  Path Group:             (none)
  Path Type:              Min at Fast Process Corner
  Data Path Delay:        1.771ns  (logic 1.427ns (80.576%)  route 0.344ns (19.424%))
  Logic Levels:           1  (OBUF=1)
  Clock Uncertainty:      0.025ns  ((TSJ^2 + TIJ^2)^1/2 + DJ) / 2 + PE
    Total System Jitter     (TSJ):    0.050ns
    Total Input Jitter      (TIJ):    0.000ns
    Discrete Jitter          (DJ):    0.000ns
    Phase Error              (PE):    0.000ns

    Location             Delay type                Incr(ns)  Path(ns)    Netlist Resource(s)
  -------------------------------------------------------------------    -------------------
                         (clock sys_clk rise edge)    0.000     0.000 r  
    P23                                               0.000     0.000 r  CLK (IN)
                         net (fo=0)                   0.000     0.000    CLK
    P23                  IBUF (Prop_ibuf_I_O)         0.109     0.109 r  CLK_IBUF_inst/O
                         net (fo=1, routed)           0.863     0.972    CLK_IBUF
    BUFGCTRL_X0Y0        BUFG (Prop_bufg_I_O)         0.026     0.998 r  CLK_IBUF_BUFG_inst/O
                         net (fo=230, routed)         0.581     1.579    REG_Y_1/GEN[2].FF_D_i/CLK_IBUF_BUFG
    SLICE_X1Y55          FDCE                                         r  REG_Y_1/GEN[2].FF_D_i/Q_reg_lopt_replica/C
  -------------------------------------------------------------------    -------------------
    SLICE_X1Y55          FDCE (Prop_fdce_C_Q)         0.100     1.679 r  REG_Y_1/GEN[2].FF_D_i/Q_reg_lopt_replica/Q
                         net (fo=1, routed)           0.344     2.023    lopt_22
    K23                  OBUF (Prop_obuf_I_O)         1.327     3.350 r  Y_OBUF[2]_inst/O
                         net (fo=0)                   0.000     3.350    Y[2]
    K23                                                               r  Y[2] (OUT)
  -------------------------------------------------------------------    -------------------

Slack:                    inf
  Source:                 REG_Y_1/GEN[14].FF_D_i/Q_reg_lopt_replica/C
                            (rising edge-triggered cell FDCE clocked by sys_clk  {rise@0.000ns fall@4.250ns period=8.500ns})
  Destination:            Y[14]
                            (output port)
  Path Group:             (none)
  Path Type:              Min at Fast Process Corner
  Data Path Delay:        1.778ns  (logic 1.459ns (82.065%)  route 0.319ns (17.935%))
  Logic Levels:           1  (OBUF=1)
  Clock Uncertainty:      0.025ns  ((TSJ^2 + TIJ^2)^1/2 + DJ) / 2 + PE
    Total System Jitter     (TSJ):    0.050ns
    Total Input Jitter      (TIJ):    0.000ns
    Discrete Jitter          (DJ):    0.000ns
    Phase Error              (PE):    0.000ns

    Location             Delay type                Incr(ns)  Path(ns)    Netlist Resource(s)
  -------------------------------------------------------------------    -------------------
                         (clock sys_clk rise edge)    0.000     0.000 r  
    P23                                               0.000     0.000 r  CLK (IN)
                         net (fo=0)                   0.000     0.000    CLK
    P23                  IBUF (Prop_ibuf_I_O)         0.109     0.109 r  CLK_IBUF_inst/O
                         net (fo=1, routed)           0.863     0.972    CLK_IBUF
    BUFGCTRL_X0Y0        BUFG (Prop_bufg_I_O)         0.026     0.998 r  CLK_IBUF_BUFG_inst/O
                         net (fo=230, routed)         0.576     1.574    REG_Y_1/GEN[14].FF_D_i/CLK_IBUF_BUFG
    SLICE_X6Y64          FDCE                                         r  REG_Y_1/GEN[14].FF_D_i/Q_reg_lopt_replica/C
  -------------------------------------------------------------------    -------------------
    SLICE_X6Y64          FDCE (Prop_fdce_C_Q)         0.118     1.692 r  REG_Y_1/GEN[14].FF_D_i/Q_reg_lopt_replica/Q
                         net (fo=1, routed)           0.319     2.011    lopt_5
    J26                  OBUF (Prop_obuf_I_O)         1.341     3.352 r  Y_OBUF[14]_inst/O
                         net (fo=0)                   0.000     3.352    Y[14]
    J26                                                               r  Y[14] (OUT)
  -------------------------------------------------------------------    -------------------

Slack:                    inf
  Source:                 REG_Y_1/GEN[13].FF_D_i/Q_reg_lopt_replica/C
                            (rising edge-triggered cell FDCE clocked by sys_clk  {rise@0.000ns fall@4.250ns period=8.500ns})
  Destination:            Y[13]
                            (output port)
  Path Group:             (none)
  Path Type:              Min at Fast Process Corner
  Data Path Delay:        1.782ns  (logic 1.455ns (81.653%)  route 0.327ns (18.347%))
  Logic Levels:           1  (OBUF=1)
  Clock Uncertainty:      0.025ns  ((TSJ^2 + TIJ^2)^1/2 + DJ) / 2 + PE
    Total System Jitter     (TSJ):    0.050ns
    Total Input Jitter      (TIJ):    0.000ns
    Discrete Jitter          (DJ):    0.000ns
    Phase Error              (PE):    0.000ns

    Location             Delay type                Incr(ns)  Path(ns)    Netlist Resource(s)
  -------------------------------------------------------------------    -------------------
                         (clock sys_clk rise edge)    0.000     0.000 r  
    P23                                               0.000     0.000 r  CLK (IN)
                         net (fo=0)                   0.000     0.000    CLK
    P23                  IBUF (Prop_ibuf_I_O)         0.109     0.109 r  CLK_IBUF_inst/O
                         net (fo=1, routed)           0.863     0.972    CLK_IBUF
    BUFGCTRL_X0Y0        BUFG (Prop_bufg_I_O)         0.026     0.998 r  CLK_IBUF_BUFG_inst/O
                         net (fo=230, routed)         0.577     1.575    REG_Y_1/GEN[13].FF_D_i/CLK_IBUF_BUFG
    SLICE_X2Y63          FDCE                                         r  REG_Y_1/GEN[13].FF_D_i/Q_reg_lopt_replica/C
  -------------------------------------------------------------------    -------------------
    SLICE_X2Y63          FDCE (Prop_fdce_C_Q)         0.118     1.693 r  REG_Y_1/GEN[13].FF_D_i/Q_reg_lopt_replica/Q
                         net (fo=1, routed)           0.327     2.020    lopt_4
    H26                  OBUF (Prop_obuf_I_O)         1.337     3.357 r  Y_OBUF[13]_inst/O
                         net (fo=0)                   0.000     3.357    Y[13]
    H26                                                               r  Y[13] (OUT)
  -------------------------------------------------------------------    -------------------





--------------------------------------------------------------------------------------
Path Group:  (none)
From Clock:  
  To Clock:  sys_clk

Max Delay           265 Endpoints
Min Delay           265 Endpoints
--------------------------------------------------------------------------------------


Max Delay Paths
--------------------------------------------------------------------------------------
Slack:                    inf
  Source:                 INIT
                            (input port)
  Destination:            PIPE_REG_SUM1/GEN[23].FF_D_i/Q_reg/CLR
                            (recovery check against rising-edge clock sys_clk  {rise@0.000ns fall@4.250ns period=8.500ns})
  Path Group:             (none)
  Path Type:              Recovery (Max at Slow Process Corner)
  Data Path Delay:        5.368ns  (logic 0.879ns (16.377%)  route 4.489ns (83.623%))
  Logic Levels:           2  (IBUF=1 LUT2=1)
  Clock Path Skew:        4.204ns (DCD - SCD + CPR)
    Destination Clock Delay (DCD):    4.204ns
    Source Clock Delay      (SCD):    0.000ns
    Clock Pessimism Removal (CPR):    0.000ns
  Clock Uncertainty:      0.025ns  ((TSJ^2 + TIJ^2)^1/2 + DJ) / 2 + PE
    Total System Jitter     (TSJ):    0.050ns
    Total Input Jitter      (TIJ):    0.000ns
    Discrete Jitter          (DJ):    0.000ns
    Phase Error              (PE):    0.000ns

    Location             Delay type                Incr(ns)  Path(ns)    Netlist Resource(s)
  -------------------------------------------------------------------    -------------------
    N19                                               0.000     0.000 f  INIT (IN)
                         net (fo=0)                   0.000     0.000    INIT
    N19                  IBUF (Prop_ibuf_I_O)         0.826     0.826 f  INIT_IBUF_inst/O
                         net (fo=1, routed)           0.937     1.763    REG_Y_1/GEN[31].FF_D_i/INIT_IBUF
    SLICE_X0Y37          LUT2 (Prop_lut2_I1_O)        0.053     1.816 f  REG_Y_1/GEN[31].FF_D_i/Q_i_2__83/O
                         net (fo=230, routed)         3.552     5.368    PIPE_REG_SUM1/GEN[23].FF_D_i/Q_reg_4
    SLICE_X13Y67         FDCE                                         f  PIPE_REG_SUM1/GEN[23].FF_D_i/Q_reg/CLR
  -------------------------------------------------------------------    -------------------

                         (clock sys_clk rise edge)    0.000     0.000 r  
    P23                                               0.000     0.000 r  CLK (IN)
                         net (fo=0)                   0.000     0.000    CLK
    P23                  IBUF (Prop_ibuf_I_O)         0.769     0.769 r  CLK_IBUF_inst/O
                         net (fo=1, routed)           2.040     2.809    CLK_IBUF
    BUFGCTRL_X0Y0        BUFG (Prop_bufg_I_O)         0.113     2.922 r  CLK_IBUF_BUFG_inst/O
                         net (fo=230, routed)         1.282     4.204    PIPE_REG_SUM1/GEN[23].FF_D_i/CLK_IBUF_BUFG
    SLICE_X13Y67         FDCE                                         r  PIPE_REG_SUM1/GEN[23].FF_D_i/Q_reg/C

Slack:                    inf
  Source:                 INIT
                            (input port)
  Destination:            PIPE_REG_Y_1/GEN[20].FF_D_i/Q_reg/CLR
                            (recovery check against rising-edge clock sys_clk  {rise@0.000ns fall@4.250ns period=8.500ns})
  Path Group:             (none)
  Path Type:              Recovery (Max at Slow Process Corner)
  Data Path Delay:        5.368ns  (logic 0.879ns (16.377%)  route 4.489ns (83.623%))
  Logic Levels:           2  (IBUF=1 LUT2=1)
  Clock Path Skew:        4.204ns (DCD - SCD + CPR)
    Destination Clock Delay (DCD):    4.204ns
    Source Clock Delay      (SCD):    0.000ns
    Clock Pessimism Removal (CPR):    0.000ns
  Clock Uncertainty:      0.025ns  ((TSJ^2 + TIJ^2)^1/2 + DJ) / 2 + PE
    Total System Jitter     (TSJ):    0.050ns
    Total Input Jitter      (TIJ):    0.000ns
    Discrete Jitter          (DJ):    0.000ns
    Phase Error              (PE):    0.000ns

    Location             Delay type                Incr(ns)  Path(ns)    Netlist Resource(s)
  -------------------------------------------------------------------    -------------------
    N19                                               0.000     0.000 f  INIT (IN)
                         net (fo=0)                   0.000     0.000    INIT
    N19                  IBUF (Prop_ibuf_I_O)         0.826     0.826 f  INIT_IBUF_inst/O
                         net (fo=1, routed)           0.937     1.763    REG_Y_1/GEN[31].FF_D_i/INIT_IBUF
    SLICE_X0Y37          LUT2 (Prop_lut2_I1_O)        0.053     1.816 f  REG_Y_1/GEN[31].FF_D_i/Q_i_2__83/O
                         net (fo=230, routed)         3.552     5.368    PIPE_REG_Y_1/GEN[20].FF_D_i/Q_reg_1
    SLICE_X12Y67         FDCE                                         f  PIPE_REG_Y_1/GEN[20].FF_D_i/Q_reg/CLR
  -------------------------------------------------------------------    -------------------

                         (clock sys_clk rise edge)    0.000     0.000 r  
    P23                                               0.000     0.000 r  CLK (IN)
                         net (fo=0)                   0.000     0.000    CLK
    P23                  IBUF (Prop_ibuf_I_O)         0.769     0.769 r  CLK_IBUF_inst/O
                         net (fo=1, routed)           2.040     2.809    CLK_IBUF
    BUFGCTRL_X0Y0        BUFG (Prop_bufg_I_O)         0.113     2.922 r  CLK_IBUF_BUFG_inst/O
                         net (fo=230, routed)         1.282     4.204    PIPE_REG_Y_1/GEN[20].FF_D_i/CLK_IBUF_BUFG
    SLICE_X12Y67         FDCE                                         r  PIPE_REG_Y_1/GEN[20].FF_D_i/Q_reg/C

Slack:                    inf
  Source:                 INIT
                            (input port)
  Destination:            REG_Y_2/GEN[20].FF_D_i/Q_reg/CLR
                            (recovery check against rising-edge clock sys_clk  {rise@0.000ns fall@4.250ns period=8.500ns})
  Path Group:             (none)
  Path Type:              Recovery (Max at Slow Process Corner)
  Data Path Delay:        5.368ns  (logic 0.879ns (16.377%)  route 4.489ns (83.623%))
  Logic Levels:           2  (IBUF=1 LUT2=1)
  Clock Path Skew:        4.204ns (DCD - SCD + CPR)
    Destination Clock Delay (DCD):    4.204ns
    Source Clock Delay      (SCD):    0.000ns
    Clock Pessimism Removal (CPR):    0.000ns
  Clock Uncertainty:      0.025ns  ((TSJ^2 + TIJ^2)^1/2 + DJ) / 2 + PE
    Total System Jitter     (TSJ):    0.050ns
    Total Input Jitter      (TIJ):    0.000ns
    Discrete Jitter          (DJ):    0.000ns
    Phase Error              (PE):    0.000ns

    Location             Delay type                Incr(ns)  Path(ns)    Netlist Resource(s)
  -------------------------------------------------------------------    -------------------
    N19                                               0.000     0.000 f  INIT (IN)
                         net (fo=0)                   0.000     0.000    INIT
    N19                  IBUF (Prop_ibuf_I_O)         0.826     0.826 f  INIT_IBUF_inst/O
                         net (fo=1, routed)           0.937     1.763    REG_Y_1/GEN[31].FF_D_i/INIT_IBUF
    SLICE_X0Y37          LUT2 (Prop_lut2_I1_O)        0.053     1.816 f  REG_Y_1/GEN[31].FF_D_i/Q_i_2__83/O
                         net (fo=230, routed)         3.552     5.368    REG_Y_2/GEN[20].FF_D_i/Q_reg_5
    SLICE_X12Y67         FDCE                                         f  REG_Y_2/GEN[20].FF_D_i/Q_reg/CLR
  -------------------------------------------------------------------    -------------------

                         (clock sys_clk rise edge)    0.000     0.000 r  
    P23                                               0.000     0.000 r  CLK (IN)
                         net (fo=0)                   0.000     0.000    CLK
    P23                  IBUF (Prop_ibuf_I_O)         0.769     0.769 r  CLK_IBUF_inst/O
                         net (fo=1, routed)           2.040     2.809    CLK_IBUF
    BUFGCTRL_X0Y0        BUFG (Prop_bufg_I_O)         0.113     2.922 r  CLK_IBUF_BUFG_inst/O
                         net (fo=230, routed)         1.282     4.204    REG_Y_2/GEN[20].FF_D_i/CLK_IBUF_BUFG
    SLICE_X12Y67         FDCE                                         r  REG_Y_2/GEN[20].FF_D_i/Q_reg/C

Slack:                    inf
  Source:                 INIT
                            (input port)
  Destination:            REG_Y_2/GEN[21].FF_D_i/Q_reg/CLR
                            (recovery check against rising-edge clock sys_clk  {rise@0.000ns fall@4.250ns period=8.500ns})
  Path Group:             (none)
  Path Type:              Recovery (Max at Slow Process Corner)
  Data Path Delay:        5.368ns  (logic 0.879ns (16.377%)  route 4.489ns (83.623%))
  Logic Levels:           2  (IBUF=1 LUT2=1)
  Clock Path Skew:        4.204ns (DCD - SCD + CPR)
    Destination Clock Delay (DCD):    4.204ns
    Source Clock Delay      (SCD):    0.000ns
    Clock Pessimism Removal (CPR):    0.000ns
  Clock Uncertainty:      0.025ns  ((TSJ^2 + TIJ^2)^1/2 + DJ) / 2 + PE
    Total System Jitter     (TSJ):    0.050ns
    Total Input Jitter      (TIJ):    0.000ns
    Discrete Jitter          (DJ):    0.000ns
    Phase Error              (PE):    0.000ns

    Location             Delay type                Incr(ns)  Path(ns)    Netlist Resource(s)
  -------------------------------------------------------------------    -------------------
    N19                                               0.000     0.000 f  INIT (IN)
                         net (fo=0)                   0.000     0.000    INIT
    N19                  IBUF (Prop_ibuf_I_O)         0.826     0.826 f  INIT_IBUF_inst/O
                         net (fo=1, routed)           0.937     1.763    REG_Y_1/GEN[31].FF_D_i/INIT_IBUF
    SLICE_X0Y37          LUT2 (Prop_lut2_I1_O)        0.053     1.816 f  REG_Y_1/GEN[31].FF_D_i/Q_i_2__83/O
                         net (fo=230, routed)         3.552     5.368    REG_Y_2/GEN[21].FF_D_i/Q_reg_6
    SLICE_X12Y67         FDCE                                         f  REG_Y_2/GEN[21].FF_D_i/Q_reg/CLR
  -------------------------------------------------------------------    -------------------

                         (clock sys_clk rise edge)    0.000     0.000 r  
    P23                                               0.000     0.000 r  CLK (IN)
                         net (fo=0)                   0.000     0.000    CLK
    P23                  IBUF (Prop_ibuf_I_O)         0.769     0.769 r  CLK_IBUF_inst/O
                         net (fo=1, routed)           2.040     2.809    CLK_IBUF
    BUFGCTRL_X0Y0        BUFG (Prop_bufg_I_O)         0.113     2.922 r  CLK_IBUF_BUFG_inst/O
                         net (fo=230, routed)         1.282     4.204    REG_Y_2/GEN[21].FF_D_i/CLK_IBUF_BUFG
    SLICE_X12Y67         FDCE                                         r  REG_Y_2/GEN[21].FF_D_i/Q_reg/C

Slack:                    inf
  Source:                 INIT
                            (input port)
  Destination:            REG_Y_2/GEN[22].FF_D_i/Q_reg/CLR
                            (recovery check against rising-edge clock sys_clk  {rise@0.000ns fall@4.250ns period=8.500ns})
  Path Group:             (none)
  Path Type:              Recovery (Max at Slow Process Corner)
  Data Path Delay:        5.368ns  (logic 0.879ns (16.377%)  route 4.489ns (83.623%))
  Logic Levels:           2  (IBUF=1 LUT2=1)
  Clock Path Skew:        4.204ns (DCD - SCD + CPR)
    Destination Clock Delay (DCD):    4.204ns
    Source Clock Delay      (SCD):    0.000ns
    Clock Pessimism Removal (CPR):    0.000ns
  Clock Uncertainty:      0.025ns  ((TSJ^2 + TIJ^2)^1/2 + DJ) / 2 + PE
    Total System Jitter     (TSJ):    0.050ns
    Total Input Jitter      (TIJ):    0.000ns
    Discrete Jitter          (DJ):    0.000ns
    Phase Error              (PE):    0.000ns

    Location             Delay type                Incr(ns)  Path(ns)    Netlist Resource(s)
  -------------------------------------------------------------------    -------------------
    N19                                               0.000     0.000 f  INIT (IN)
                         net (fo=0)                   0.000     0.000    INIT
    N19                  IBUF (Prop_ibuf_I_O)         0.826     0.826 f  INIT_IBUF_inst/O
                         net (fo=1, routed)           0.937     1.763    REG_Y_1/GEN[31].FF_D_i/INIT_IBUF
    SLICE_X0Y37          LUT2 (Prop_lut2_I1_O)        0.053     1.816 f  REG_Y_1/GEN[31].FF_D_i/Q_i_2__83/O
                         net (fo=230, routed)         3.552     5.368    REG_Y_2/GEN[22].FF_D_i/Q_reg_6
    SLICE_X12Y67         FDCE                                         f  REG_Y_2/GEN[22].FF_D_i/Q_reg/CLR
  -------------------------------------------------------------------    -------------------

                         (clock sys_clk rise edge)    0.000     0.000 r  
    P23                                               0.000     0.000 r  CLK (IN)
                         net (fo=0)                   0.000     0.000    CLK
    P23                  IBUF (Prop_ibuf_I_O)         0.769     0.769 r  CLK_IBUF_inst/O
                         net (fo=1, routed)           2.040     2.809    CLK_IBUF
    BUFGCTRL_X0Y0        BUFG (Prop_bufg_I_O)         0.113     2.922 r  CLK_IBUF_BUFG_inst/O
                         net (fo=230, routed)         1.282     4.204    REG_Y_2/GEN[22].FF_D_i/CLK_IBUF_BUFG
    SLICE_X12Y67         FDCE                                         r  REG_Y_2/GEN[22].FF_D_i/Q_reg/C

Slack:                    inf
  Source:                 INIT
                            (input port)
  Destination:            PIPE_REG_SUM1/GEN[24].FF_D_i/Q_reg/CLR
                            (recovery check against rising-edge clock sys_clk  {rise@0.000ns fall@4.250ns period=8.500ns})
  Path Group:             (none)
  Path Type:              Recovery (Max at Slow Process Corner)
  Data Path Delay:        5.268ns  (logic 0.879ns (16.688%)  route 4.389ns (83.312%))
  Logic Levels:           2  (IBUF=1 LUT2=1)
  Clock Path Skew:        4.202ns (DCD - SCD + CPR)
    Destination Clock Delay (DCD):    4.202ns
    Source Clock Delay      (SCD):    0.000ns
    Clock Pessimism Removal (CPR):    0.000ns
  Clock Uncertainty:      0.025ns  ((TSJ^2 + TIJ^2)^1/2 + DJ) / 2 + PE
    Total System Jitter     (TSJ):    0.050ns
    Total Input Jitter      (TIJ):    0.000ns
    Discrete Jitter          (DJ):    0.000ns
    Phase Error              (PE):    0.000ns

    Location             Delay type                Incr(ns)  Path(ns)    Netlist Resource(s)
  -------------------------------------------------------------------    -------------------
    N19                                               0.000     0.000 f  INIT (IN)
                         net (fo=0)                   0.000     0.000    INIT
    N19                  IBUF (Prop_ibuf_I_O)         0.826     0.826 f  INIT_IBUF_inst/O
                         net (fo=1, routed)           0.937     1.763    REG_Y_1/GEN[31].FF_D_i/INIT_IBUF
    SLICE_X0Y37          LUT2 (Prop_lut2_I1_O)        0.053     1.816 f  REG_Y_1/GEN[31].FF_D_i/Q_i_2__83/O
                         net (fo=230, routed)         3.452     5.268    PIPE_REG_SUM1/GEN[24].FF_D_i/Q_reg_5
    SLICE_X12Y68         FDCE                                         f  PIPE_REG_SUM1/GEN[24].FF_D_i/Q_reg/CLR
  -------------------------------------------------------------------    -------------------

                         (clock sys_clk rise edge)    0.000     0.000 r  
    P23                                               0.000     0.000 r  CLK (IN)
                         net (fo=0)                   0.000     0.000    CLK
    P23                  IBUF (Prop_ibuf_I_O)         0.769     0.769 r  CLK_IBUF_inst/O
                         net (fo=1, routed)           2.040     2.809    CLK_IBUF
    BUFGCTRL_X0Y0        BUFG (Prop_bufg_I_O)         0.113     2.922 r  CLK_IBUF_BUFG_inst/O
                         net (fo=230, routed)         1.280     4.202    PIPE_REG_SUM1/GEN[24].FF_D_i/CLK_IBUF_BUFG
    SLICE_X12Y68         FDCE                                         r  PIPE_REG_SUM1/GEN[24].FF_D_i/Q_reg/C

Slack:                    inf
  Source:                 INIT
                            (input port)
  Destination:            PIPE_REG_SUM1/GEN[25].FF_D_i/Q_reg/CLR
                            (recovery check against rising-edge clock sys_clk  {rise@0.000ns fall@4.250ns period=8.500ns})
  Path Group:             (none)
  Path Type:              Recovery (Max at Slow Process Corner)
  Data Path Delay:        5.268ns  (logic 0.879ns (16.688%)  route 4.389ns (83.312%))
  Logic Levels:           2  (IBUF=1 LUT2=1)
  Clock Path Skew:        4.202ns (DCD - SCD + CPR)
    Destination Clock Delay (DCD):    4.202ns
    Source Clock Delay      (SCD):    0.000ns
    Clock Pessimism Removal (CPR):    0.000ns
  Clock Uncertainty:      0.025ns  ((TSJ^2 + TIJ^2)^1/2 + DJ) / 2 + PE
    Total System Jitter     (TSJ):    0.050ns
    Total Input Jitter      (TIJ):    0.000ns
    Discrete Jitter          (DJ):    0.000ns
    Phase Error              (PE):    0.000ns

    Location             Delay type                Incr(ns)  Path(ns)    Netlist Resource(s)
  -------------------------------------------------------------------    -------------------
    N19                                               0.000     0.000 f  INIT (IN)
                         net (fo=0)                   0.000     0.000    INIT
    N19                  IBUF (Prop_ibuf_I_O)         0.826     0.826 f  INIT_IBUF_inst/O
                         net (fo=1, routed)           0.937     1.763    REG_Y_1/GEN[31].FF_D_i/INIT_IBUF
    SLICE_X0Y37          LUT2 (Prop_lut2_I1_O)        0.053     1.816 f  REG_Y_1/GEN[31].FF_D_i/Q_i_2__83/O
                         net (fo=230, routed)         3.452     5.268    PIPE_REG_SUM1/GEN[25].FF_D_i/Q_reg_4
    SLICE_X12Y68         FDCE                                         f  PIPE_REG_SUM1/GEN[25].FF_D_i/Q_reg/CLR
  -------------------------------------------------------------------    -------------------

                         (clock sys_clk rise edge)    0.000     0.000 r  
    P23                                               0.000     0.000 r  CLK (IN)
                         net (fo=0)                   0.000     0.000    CLK
    P23                  IBUF (Prop_ibuf_I_O)         0.769     0.769 r  CLK_IBUF_inst/O
                         net (fo=1, routed)           2.040     2.809    CLK_IBUF
    BUFGCTRL_X0Y0        BUFG (Prop_bufg_I_O)         0.113     2.922 r  CLK_IBUF_BUFG_inst/O
                         net (fo=230, routed)         1.280     4.202    PIPE_REG_SUM1/GEN[25].FF_D_i/CLK_IBUF_BUFG
    SLICE_X12Y68         FDCE                                         r  PIPE_REG_SUM1/GEN[25].FF_D_i/Q_reg/C

Slack:                    inf
  Source:                 INIT
                            (input port)
  Destination:            PIPE_REG_Y_1/GEN[23].FF_D_i/Q_reg/CLR
                            (recovery check against rising-edge clock sys_clk  {rise@0.000ns fall@4.250ns period=8.500ns})
  Path Group:             (none)
  Path Type:              Recovery (Max at Slow Process Corner)
  Data Path Delay:        5.268ns  (logic 0.879ns (16.688%)  route 4.389ns (83.312%))
  Logic Levels:           2  (IBUF=1 LUT2=1)
  Clock Path Skew:        4.202ns (DCD - SCD + CPR)
    Destination Clock Delay (DCD):    4.202ns
    Source Clock Delay      (SCD):    0.000ns
    Clock Pessimism Removal (CPR):    0.000ns
  Clock Uncertainty:      0.025ns  ((TSJ^2 + TIJ^2)^1/2 + DJ) / 2 + PE
    Total System Jitter     (TSJ):    0.050ns
    Total Input Jitter      (TIJ):    0.000ns
    Discrete Jitter          (DJ):    0.000ns
    Phase Error              (PE):    0.000ns

    Location             Delay type                Incr(ns)  Path(ns)    Netlist Resource(s)
  -------------------------------------------------------------------    -------------------
    N19                                               0.000     0.000 f  INIT (IN)
                         net (fo=0)                   0.000     0.000    INIT
    N19                  IBUF (Prop_ibuf_I_O)         0.826     0.826 f  INIT_IBUF_inst/O
                         net (fo=1, routed)           0.937     1.763    REG_Y_1/GEN[31].FF_D_i/INIT_IBUF
    SLICE_X0Y37          LUT2 (Prop_lut2_I1_O)        0.053     1.816 f  REG_Y_1/GEN[31].FF_D_i/Q_i_2__83/O
                         net (fo=230, routed)         3.452     5.268    PIPE_REG_Y_1/GEN[23].FF_D_i/Q_reg_1
    SLICE_X13Y68         FDCE                                         f  PIPE_REG_Y_1/GEN[23].FF_D_i/Q_reg/CLR
  -------------------------------------------------------------------    -------------------

                         (clock sys_clk rise edge)    0.000     0.000 r  
    P23                                               0.000     0.000 r  CLK (IN)
                         net (fo=0)                   0.000     0.000    CLK
    P23                  IBUF (Prop_ibuf_I_O)         0.769     0.769 r  CLK_IBUF_inst/O
                         net (fo=1, routed)           2.040     2.809    CLK_IBUF
    BUFGCTRL_X0Y0        BUFG (Prop_bufg_I_O)         0.113     2.922 r  CLK_IBUF_BUFG_inst/O
                         net (fo=230, routed)         1.280     4.202    PIPE_REG_Y_1/GEN[23].FF_D_i/CLK_IBUF_BUFG
    SLICE_X13Y68         FDCE                                         r  PIPE_REG_Y_1/GEN[23].FF_D_i/Q_reg/C

Slack:                    inf
  Source:                 INIT
                            (input port)
  Destination:            PIPE_REG_Y_1/GEN[24].FF_D_i/Q_reg/CLR
                            (recovery check against rising-edge clock sys_clk  {rise@0.000ns fall@4.250ns period=8.500ns})
  Path Group:             (none)
  Path Type:              Recovery (Max at Slow Process Corner)
  Data Path Delay:        5.268ns  (logic 0.879ns (16.688%)  route 4.389ns (83.312%))
  Logic Levels:           2  (IBUF=1 LUT2=1)
  Clock Path Skew:        4.202ns (DCD - SCD + CPR)
    Destination Clock Delay (DCD):    4.202ns
    Source Clock Delay      (SCD):    0.000ns
    Clock Pessimism Removal (CPR):    0.000ns
  Clock Uncertainty:      0.025ns  ((TSJ^2 + TIJ^2)^1/2 + DJ) / 2 + PE
    Total System Jitter     (TSJ):    0.050ns
    Total Input Jitter      (TIJ):    0.000ns
    Discrete Jitter          (DJ):    0.000ns
    Phase Error              (PE):    0.000ns

    Location             Delay type                Incr(ns)  Path(ns)    Netlist Resource(s)
  -------------------------------------------------------------------    -------------------
    N19                                               0.000     0.000 f  INIT (IN)
                         net (fo=0)                   0.000     0.000    INIT
    N19                  IBUF (Prop_ibuf_I_O)         0.826     0.826 f  INIT_IBUF_inst/O
                         net (fo=1, routed)           0.937     1.763    REG_Y_1/GEN[31].FF_D_i/INIT_IBUF
    SLICE_X0Y37          LUT2 (Prop_lut2_I1_O)        0.053     1.816 f  REG_Y_1/GEN[31].FF_D_i/Q_i_2__83/O
                         net (fo=230, routed)         3.452     5.268    PIPE_REG_Y_1/GEN[24].FF_D_i/Q_reg_1
    SLICE_X13Y68         FDCE                                         f  PIPE_REG_Y_1/GEN[24].FF_D_i/Q_reg/CLR
  -------------------------------------------------------------------    -------------------

                         (clock sys_clk rise edge)    0.000     0.000 r  
    P23                                               0.000     0.000 r  CLK (IN)
                         net (fo=0)                   0.000     0.000    CLK
    P23                  IBUF (Prop_ibuf_I_O)         0.769     0.769 r  CLK_IBUF_inst/O
                         net (fo=1, routed)           2.040     2.809    CLK_IBUF
    BUFGCTRL_X0Y0        BUFG (Prop_bufg_I_O)         0.113     2.922 r  CLK_IBUF_BUFG_inst/O
                         net (fo=230, routed)         1.280     4.202    PIPE_REG_Y_1/GEN[24].FF_D_i/CLK_IBUF_BUFG
    SLICE_X13Y68         FDCE                                         r  PIPE_REG_Y_1/GEN[24].FF_D_i/Q_reg/C

Slack:                    inf
  Source:                 INIT
                            (input port)
  Destination:            PIPE_REG_Y_1/GEN[25].FF_D_i/Q_reg/CLR
                            (recovery check against rising-edge clock sys_clk  {rise@0.000ns fall@4.250ns period=8.500ns})
  Path Group:             (none)
  Path Type:              Recovery (Max at Slow Process Corner)
  Data Path Delay:        5.268ns  (logic 0.879ns (16.688%)  route 4.389ns (83.312%))
  Logic Levels:           2  (IBUF=1 LUT2=1)
  Clock Path Skew:        4.202ns (DCD - SCD + CPR)
    Destination Clock Delay (DCD):    4.202ns
    Source Clock Delay      (SCD):    0.000ns
    Clock Pessimism Removal (CPR):    0.000ns
  Clock Uncertainty:      0.025ns  ((TSJ^2 + TIJ^2)^1/2 + DJ) / 2 + PE
    Total System Jitter     (TSJ):    0.050ns
    Total Input Jitter      (TIJ):    0.000ns
    Discrete Jitter          (DJ):    0.000ns
    Phase Error              (PE):    0.000ns

    Location             Delay type                Incr(ns)  Path(ns)    Netlist Resource(s)
  -------------------------------------------------------------------    -------------------
    N19                                               0.000     0.000 f  INIT (IN)
                         net (fo=0)                   0.000     0.000    INIT
    N19                  IBUF (Prop_ibuf_I_O)         0.826     0.826 f  INIT_IBUF_inst/O
                         net (fo=1, routed)           0.937     1.763    REG_Y_1/GEN[31].FF_D_i/INIT_IBUF
    SLICE_X0Y37          LUT2 (Prop_lut2_I1_O)        0.053     1.816 f  REG_Y_1/GEN[31].FF_D_i/Q_i_2__83/O
                         net (fo=230, routed)         3.452     5.268    PIPE_REG_Y_1/GEN[25].FF_D_i/Q_reg_1
    SLICE_X13Y68         FDCE                                         f  PIPE_REG_Y_1/GEN[25].FF_D_i/Q_reg/CLR
  -------------------------------------------------------------------    -------------------

                         (clock sys_clk rise edge)    0.000     0.000 r  
    P23                                               0.000     0.000 r  CLK (IN)
                         net (fo=0)                   0.000     0.000    CLK
    P23                  IBUF (Prop_ibuf_I_O)         0.769     0.769 r  CLK_IBUF_inst/O
                         net (fo=1, routed)           2.040     2.809    CLK_IBUF
    BUFGCTRL_X0Y0        BUFG (Prop_bufg_I_O)         0.113     2.922 r  CLK_IBUF_BUFG_inst/O
                         net (fo=230, routed)         1.280     4.202    PIPE_REG_Y_1/GEN[25].FF_D_i/CLK_IBUF_BUFG
    SLICE_X13Y68         FDCE                                         r  PIPE_REG_Y_1/GEN[25].FF_D_i/Q_reg/C





Min Delay Paths
--------------------------------------------------------------------------------------
Slack:                    inf
  Source:                 X[13]
                            (input port)
  Destination:            REG_X/GEN[13].FF_D_i/Q_reg/D
                            (rising edge-triggered cell FDCE clocked by sys_clk  {rise@0.000ns fall@4.250ns period=8.500ns})
  Path Group:             (none)
  Path Type:              Hold (Min at Fast Process Corner)
  Data Path Delay:        0.767ns  (logic 0.068ns (8.885%)  route 0.699ns (91.115%))
  Logic Levels:           1  (IBUF=1)
  Clock Path Skew:        2.096ns (DCD - SCD - CPR)
    Destination Clock Delay (DCD):    2.096ns
    Source Clock Delay      (SCD):    0.000ns
    Clock Pessimism Removal (CPR):    -0.000ns

    Location             Delay type                Incr(ns)  Path(ns)    Netlist Resource(s)
  -------------------------------------------------------------------    -------------------
    U20                                               0.000     0.000 r  X[13] (IN)
                         net (fo=0)                   0.000     0.000    X[13]
    U20                  IBUF (Prop_ibuf_I_O)         0.068     0.068 r  X_IBUF[13]_inst/O
                         net (fo=1, routed)           0.699     0.767    REG_X/GEN[13].FF_D_i/X_IBUF[0]
    SLICE_X0Y60          FDCE                                         r  REG_X/GEN[13].FF_D_i/Q_reg/D
  -------------------------------------------------------------------    -------------------

                         (clock sys_clk rise edge)    0.000     0.000 r  
    P23                                               0.000     0.000 r  CLK (IN)
                         net (fo=0)                   0.000     0.000    CLK
    P23                  IBUF (Prop_ibuf_I_O)         0.357     0.357 r  CLK_IBUF_inst/O
                         net (fo=1, routed)           0.928     1.285    CLK_IBUF
    BUFGCTRL_X0Y0        BUFG (Prop_bufg_I_O)         0.030     1.315 r  CLK_IBUF_BUFG_inst/O
                         net (fo=230, routed)         0.781     2.096    REG_X/GEN[13].FF_D_i/CLK_IBUF_BUFG
    SLICE_X0Y60          FDCE                                         r  REG_X/GEN[13].FF_D_i/Q_reg/C

Slack:                    inf
  Source:                 X[9]
                            (input port)
  Destination:            REG_X/GEN[9].FF_D_i/Q_reg/D
                            (rising edge-triggered cell FDCE clocked by sys_clk  {rise@0.000ns fall@4.250ns period=8.500ns})
  Path Group:             (none)
  Path Type:              Hold (Min at Fast Process Corner)
  Data Path Delay:        0.769ns  (logic 0.077ns (9.979%)  route 0.692ns (90.021%))
  Logic Levels:           1  (IBUF=1)
  Clock Path Skew:        2.097ns (DCD - SCD - CPR)
    Destination Clock Delay (DCD):    2.097ns
    Source Clock Delay      (SCD):    0.000ns
    Clock Pessimism Removal (CPR):    -0.000ns

    Location             Delay type                Incr(ns)  Path(ns)    Netlist Resource(s)
  -------------------------------------------------------------------    -------------------
    N17                                               0.000     0.000 r  X[9] (IN)
                         net (fo=0)                   0.000     0.000    X[9]
    N17                  IBUF (Prop_ibuf_I_O)         0.077     0.077 r  X_IBUF[9]_inst/O
                         net (fo=1, routed)           0.692     0.769    REG_X/GEN[9].FF_D_i/X_IBUF[0]
    SLICE_X0Y57          FDCE                                         r  REG_X/GEN[9].FF_D_i/Q_reg/D
  -------------------------------------------------------------------    -------------------

                         (clock sys_clk rise edge)    0.000     0.000 r  
    P23                                               0.000     0.000 r  CLK (IN)
                         net (fo=0)                   0.000     0.000    CLK
    P23                  IBUF (Prop_ibuf_I_O)         0.357     0.357 r  CLK_IBUF_inst/O
                         net (fo=1, routed)           0.928     1.285    CLK_IBUF
    BUFGCTRL_X0Y0        BUFG (Prop_bufg_I_O)         0.030     1.315 r  CLK_IBUF_BUFG_inst/O
                         net (fo=230, routed)         0.782     2.097    REG_X/GEN[9].FF_D_i/CLK_IBUF_BUFG
    SLICE_X0Y57          FDCE                                         r  REG_X/GEN[9].FF_D_i/Q_reg/C

Slack:                    inf
  Source:                 X[8]
                            (input port)
  Destination:            REG_X/GEN[8].FF_D_i/Q_reg/D
                            (rising edge-triggered cell FDCE clocked by sys_clk  {rise@0.000ns fall@4.250ns period=8.500ns})
  Path Group:             (none)
  Path Type:              Hold (Min at Fast Process Corner)
  Data Path Delay:        0.771ns  (logic 0.076ns (9.881%)  route 0.695ns (90.119%))
  Logic Levels:           1  (IBUF=1)
  Clock Path Skew:        2.098ns (DCD - SCD - CPR)
    Destination Clock Delay (DCD):    2.098ns
    Source Clock Delay      (SCD):    0.000ns
    Clock Pessimism Removal (CPR):    -0.000ns

    Location             Delay type                Incr(ns)  Path(ns)    Netlist Resource(s)
  -------------------------------------------------------------------    -------------------
    R16                                               0.000     0.000 r  X[8] (IN)
                         net (fo=0)                   0.000     0.000    X[8]
    R16                  IBUF (Prop_ibuf_I_O)         0.076     0.076 r  X_IBUF[8]_inst/O
                         net (fo=1, routed)           0.695     0.771    REG_X/GEN[8].FF_D_i/X_IBUF[0]
    SLICE_X0Y55          FDCE                                         r  REG_X/GEN[8].FF_D_i/Q_reg/D
  -------------------------------------------------------------------    -------------------

                         (clock sys_clk rise edge)    0.000     0.000 r  
    P23                                               0.000     0.000 r  CLK (IN)
                         net (fo=0)                   0.000     0.000    CLK
    P23                  IBUF (Prop_ibuf_I_O)         0.357     0.357 r  CLK_IBUF_inst/O
                         net (fo=1, routed)           0.928     1.285    CLK_IBUF
    BUFGCTRL_X0Y0        BUFG (Prop_bufg_I_O)         0.030     1.315 r  CLK_IBUF_BUFG_inst/O
                         net (fo=230, routed)         0.783     2.098    REG_X/GEN[8].FF_D_i/CLK_IBUF_BUFG
    SLICE_X0Y55          FDCE                                         r  REG_X/GEN[8].FF_D_i/Q_reg/C

Slack:                    inf
  Source:                 X[28]
                            (input port)
  Destination:            REG_X/GEN[28].FF_D_i/Q_reg/D
                            (rising edge-triggered cell FDCE clocked by sys_clk  {rise@0.000ns fall@4.250ns period=8.500ns})
  Path Group:             (none)
  Path Type:              Hold (Min at Fast Process Corner)
  Data Path Delay:        0.772ns  (logic 0.115ns (14.941%)  route 0.657ns (85.059%))
  Logic Levels:           1  (IBUF=1)
  Clock Path Skew:        2.091ns (DCD - SCD - CPR)
    Destination Clock Delay (DCD):    2.091ns
    Source Clock Delay      (SCD):    0.000ns
    Clock Pessimism Removal (CPR):    -0.000ns

    Location             Delay type                Incr(ns)  Path(ns)    Netlist Resource(s)
  -------------------------------------------------------------------    -------------------
    M22                                               0.000     0.000 r  X[28] (IN)
                         net (fo=0)                   0.000     0.000    X[28]
    M22                  IBUF (Prop_ibuf_I_O)         0.115     0.115 r  X_IBUF[28]_inst/O
                         net (fo=1, routed)           0.657     0.772    REG_X/GEN[28].FF_D_i/X_IBUF[0]
    SLICE_X0Y66          FDCE                                         r  REG_X/GEN[28].FF_D_i/Q_reg/D
  -------------------------------------------------------------------    -------------------

                         (clock sys_clk rise edge)    0.000     0.000 r  
    P23                                               0.000     0.000 r  CLK (IN)
                         net (fo=0)                   0.000     0.000    CLK
    P23                  IBUF (Prop_ibuf_I_O)         0.357     0.357 r  CLK_IBUF_inst/O
                         net (fo=1, routed)           0.928     1.285    CLK_IBUF
    BUFGCTRL_X0Y0        BUFG (Prop_bufg_I_O)         0.030     1.315 r  CLK_IBUF_BUFG_inst/O
                         net (fo=230, routed)         0.776     2.091    REG_X/GEN[28].FF_D_i/CLK_IBUF_BUFG
    SLICE_X0Y66          FDCE                                         r  REG_X/GEN[28].FF_D_i/Q_reg/C

Slack:                    inf
  Source:                 X[6]
                            (input port)
  Destination:            REG_X/GEN[6].FF_D_i/Q_reg/D
                            (rising edge-triggered cell FDCE clocked by sys_clk  {rise@0.000ns fall@4.250ns period=8.500ns})
  Path Group:             (none)
  Path Type:              Hold (Min at Fast Process Corner)
  Data Path Delay:        0.781ns  (logic 0.092ns (11.805%)  route 0.689ns (88.195%))
  Logic Levels:           1  (IBUF=1)
  Clock Path Skew:        2.098ns (DCD - SCD - CPR)
    Destination Clock Delay (DCD):    2.098ns
    Source Clock Delay      (SCD):    0.000ns
    Clock Pessimism Removal (CPR):    -0.000ns

    Location             Delay type                Incr(ns)  Path(ns)    Netlist Resource(s)
  -------------------------------------------------------------------    -------------------
    N18                                               0.000     0.000 r  X[6] (IN)
                         net (fo=0)                   0.000     0.000    X[6]
    N18                  IBUF (Prop_ibuf_I_O)         0.092     0.092 r  X_IBUF[6]_inst/O
                         net (fo=1, routed)           0.689     0.781    REG_X/GEN[6].FF_D_i/X_IBUF[0]
    SLICE_X0Y55          FDCE                                         r  REG_X/GEN[6].FF_D_i/Q_reg/D
  -------------------------------------------------------------------    -------------------

                         (clock sys_clk rise edge)    0.000     0.000 r  
    P23                                               0.000     0.000 r  CLK (IN)
                         net (fo=0)                   0.000     0.000    CLK
    P23                  IBUF (Prop_ibuf_I_O)         0.357     0.357 r  CLK_IBUF_inst/O
                         net (fo=1, routed)           0.928     1.285    CLK_IBUF
    BUFGCTRL_X0Y0        BUFG (Prop_bufg_I_O)         0.030     1.315 r  CLK_IBUF_BUFG_inst/O
                         net (fo=230, routed)         0.783     2.098    REG_X/GEN[6].FF_D_i/CLK_IBUF_BUFG
    SLICE_X0Y55          FDCE                                         r  REG_X/GEN[6].FF_D_i/Q_reg/C

Slack:                    inf
  Source:                 K[2]
                            (input port)
  Destination:            REG_K/GEN[2].FF_D_i/Q_reg/D
                            (rising edge-triggered cell FDCE clocked by sys_clk  {rise@0.000ns fall@4.250ns period=8.500ns})
  Path Group:             (none)
  Path Type:              Hold (Min at Fast Process Corner)
  Data Path Delay:        0.784ns  (logic 0.096ns (12.297%)  route 0.688ns (87.703%))
  Logic Levels:           1  (IBUF=1)
  Clock Path Skew:        2.095ns (DCD - SCD - CPR)
    Destination Clock Delay (DCD):    2.095ns
    Source Clock Delay      (SCD):    0.000ns
    Clock Pessimism Removal (CPR):    -0.000ns

    Location             Delay type                Incr(ns)  Path(ns)    Netlist Resource(s)
  -------------------------------------------------------------------    -------------------
    M20                                               0.000     0.000 r  K[2] (IN)
                         net (fo=0)                   0.000     0.000    K[2]
    M20                  IBUF (Prop_ibuf_I_O)         0.096     0.096 r  K_IBUF[2]_inst/O
                         net (fo=1, routed)           0.688     0.784    REG_K/GEN[2].FF_D_i/K_IBUF[0]
    SLICE_X7Y60          FDCE                                         r  REG_K/GEN[2].FF_D_i/Q_reg/D
  -------------------------------------------------------------------    -------------------

                         (clock sys_clk rise edge)    0.000     0.000 r  
    P23                                               0.000     0.000 r  CLK (IN)
                         net (fo=0)                   0.000     0.000    CLK
    P23                  IBUF (Prop_ibuf_I_O)         0.357     0.357 r  CLK_IBUF_inst/O
                         net (fo=1, routed)           0.928     1.285    CLK_IBUF
    BUFGCTRL_X0Y0        BUFG (Prop_bufg_I_O)         0.030     1.315 r  CLK_IBUF_BUFG_inst/O
                         net (fo=230, routed)         0.780     2.095    REG_K/GEN[2].FF_D_i/CLK_IBUF_BUFG
    SLICE_X7Y60          FDCE                                         r  REG_K/GEN[2].FF_D_i/Q_reg/C

Slack:                    inf
  Source:                 K[1]
                            (input port)
  Destination:            REG_K/GEN[1].FF_D_i/Q_reg/D
                            (rising edge-triggered cell FDCE clocked by sys_clk  {rise@0.000ns fall@4.250ns period=8.500ns})
  Path Group:             (none)
  Path Type:              Hold (Min at Fast Process Corner)
  Data Path Delay:        0.802ns  (logic 0.120ns (14.915%)  route 0.682ns (85.085%))
  Logic Levels:           1  (IBUF=1)
  Clock Path Skew:        2.095ns (DCD - SCD - CPR)
    Destination Clock Delay (DCD):    2.095ns
    Source Clock Delay      (SCD):    0.000ns
    Clock Pessimism Removal (CPR):    -0.000ns

    Location             Delay type                Incr(ns)  Path(ns)    Netlist Resource(s)
  -------------------------------------------------------------------    -------------------
    M24                                               0.000     0.000 r  K[1] (IN)
                         net (fo=0)                   0.000     0.000    K[1]
    M24                  IBUF (Prop_ibuf_I_O)         0.120     0.120 r  K_IBUF[1]_inst/O
                         net (fo=1, routed)           0.682     0.802    REG_K/GEN[1].FF_D_i/K_IBUF[0]
    SLICE_X7Y60          FDCE                                         r  REG_K/GEN[1].FF_D_i/Q_reg/D
  -------------------------------------------------------------------    -------------------

                         (clock sys_clk rise edge)    0.000     0.000 r  
    P23                                               0.000     0.000 r  CLK (IN)
                         net (fo=0)                   0.000     0.000    CLK
    P23                  IBUF (Prop_ibuf_I_O)         0.357     0.357 r  CLK_IBUF_inst/O
                         net (fo=1, routed)           0.928     1.285    CLK_IBUF
    BUFGCTRL_X0Y0        BUFG (Prop_bufg_I_O)         0.030     1.315 r  CLK_IBUF_BUFG_inst/O
                         net (fo=230, routed)         0.780     2.095    REG_K/GEN[1].FF_D_i/CLK_IBUF_BUFG
    SLICE_X7Y60          FDCE                                         r  REG_K/GEN[1].FF_D_i/Q_reg/C

Slack:                    inf
  Source:                 X[21]
                            (input port)
  Destination:            REG_X/GEN[21].FF_D_i/Q_reg/D
                            (rising edge-triggered cell FDCE clocked by sys_clk  {rise@0.000ns fall@4.250ns period=8.500ns})
  Path Group:             (none)
  Path Type:              Hold (Min at Fast Process Corner)
  Data Path Delay:        0.815ns  (logic 0.101ns (12.428%)  route 0.714ns (87.572%))
  Logic Levels:           1  (IBUF=1)
  Clock Path Skew:        2.097ns (DCD - SCD - CPR)
    Destination Clock Delay (DCD):    2.097ns
    Source Clock Delay      (SCD):    0.000ns
    Clock Pessimism Removal (CPR):    -0.000ns

    Location             Delay type                Incr(ns)  Path(ns)    Netlist Resource(s)
  -------------------------------------------------------------------    -------------------
    R23                                               0.000     0.000 r  X[21] (IN)
                         net (fo=0)                   0.000     0.000    X[21]
    R23                  IBUF (Prop_ibuf_I_O)         0.101     0.101 r  X_IBUF[21]_inst/O
                         net (fo=1, routed)           0.714     0.815    REG_X/GEN[21].FF_D_i/X_IBUF[0]
    SLICE_X0Y59          FDCE                                         r  REG_X/GEN[21].FF_D_i/Q_reg/D
  -------------------------------------------------------------------    -------------------

                         (clock sys_clk rise edge)    0.000     0.000 r  
    P23                                               0.000     0.000 r  CLK (IN)
                         net (fo=0)                   0.000     0.000    CLK
    P23                  IBUF (Prop_ibuf_I_O)         0.357     0.357 r  CLK_IBUF_inst/O
                         net (fo=1, routed)           0.928     1.285    CLK_IBUF
    BUFGCTRL_X0Y0        BUFG (Prop_bufg_I_O)         0.030     1.315 r  CLK_IBUF_BUFG_inst/O
                         net (fo=230, routed)         0.782     2.097    REG_X/GEN[21].FF_D_i/CLK_IBUF_BUFG
    SLICE_X0Y59          FDCE                                         r  REG_X/GEN[21].FF_D_i/Q_reg/C

Slack:                    inf
  Source:                 X[5]
                            (input port)
  Destination:            REG_X/GEN[5].FF_D_i/Q_reg/D
                            (rising edge-triggered cell FDCE clocked by sys_clk  {rise@0.000ns fall@4.250ns period=8.500ns})
  Path Group:             (none)
  Path Type:              Hold (Min at Fast Process Corner)
  Data Path Delay:        0.821ns  (logic 0.093ns (11.306%)  route 0.729ns (88.694%))
  Logic Levels:           1  (IBUF=1)
  Clock Path Skew:        2.098ns (DCD - SCD - CPR)
    Destination Clock Delay (DCD):    2.098ns
    Source Clock Delay      (SCD):    0.000ns
    Clock Pessimism Removal (CPR):    -0.000ns

    Location             Delay type                Incr(ns)  Path(ns)    Netlist Resource(s)
  -------------------------------------------------------------------    -------------------
    M19                                               0.000     0.000 r  X[5] (IN)
                         net (fo=0)                   0.000     0.000    X[5]
    M19                  IBUF (Prop_ibuf_I_O)         0.093     0.093 r  X_IBUF[5]_inst/O
                         net (fo=1, routed)           0.729     0.821    REG_X/GEN[5].FF_D_i/X_IBUF[0]
    SLICE_X0Y55          FDCE                                         r  REG_X/GEN[5].FF_D_i/Q_reg/D
  -------------------------------------------------------------------    -------------------

                         (clock sys_clk rise edge)    0.000     0.000 r  
    P23                                               0.000     0.000 r  CLK (IN)
                         net (fo=0)                   0.000     0.000    CLK
    P23                  IBUF (Prop_ibuf_I_O)         0.357     0.357 r  CLK_IBUF_inst/O
                         net (fo=1, routed)           0.928     1.285    CLK_IBUF
    BUFGCTRL_X0Y0        BUFG (Prop_bufg_I_O)         0.030     1.315 r  CLK_IBUF_BUFG_inst/O
                         net (fo=230, routed)         0.783     2.098    REG_X/GEN[5].FF_D_i/CLK_IBUF_BUFG
    SLICE_X0Y55          FDCE                                         r  REG_X/GEN[5].FF_D_i/Q_reg/C

Slack:                    inf
  Source:                 X[19]
                            (input port)
  Destination:            REG_X/GEN[19].FF_D_i/Q_reg/D
                            (rising edge-triggered cell FDCE clocked by sys_clk  {rise@0.000ns fall@4.250ns period=8.500ns})
  Path Group:             (none)
  Path Type:              Hold (Min at Fast Process Corner)
  Data Path Delay:        0.823ns  (logic 0.104ns (12.637%)  route 0.719ns (87.363%))
  Logic Levels:           1  (IBUF=1)
  Clock Path Skew:        2.096ns (DCD - SCD - CPR)
    Destination Clock Delay (DCD):    2.096ns
    Source Clock Delay      (SCD):    0.000ns
    Clock Pessimism Removal (CPR):    -0.000ns

    Location             Delay type                Incr(ns)  Path(ns)    Netlist Resource(s)
  -------------------------------------------------------------------    -------------------
    T25                                               0.000     0.000 r  X[19] (IN)
                         net (fo=0)                   0.000     0.000    X[19]
    T25                  IBUF (Prop_ibuf_I_O)         0.104     0.104 r  X_IBUF[19]_inst/O
                         net (fo=1, routed)           0.719     0.823    REG_X/GEN[19].FF_D_i/X_IBUF[0]
    SLICE_X0Y60          FDCE                                         r  REG_X/GEN[19].FF_D_i/Q_reg/D
  -------------------------------------------------------------------    -------------------

                         (clock sys_clk rise edge)    0.000     0.000 r  
    P23                                               0.000     0.000 r  CLK (IN)
                         net (fo=0)                   0.000     0.000    CLK
    P23                  IBUF (Prop_ibuf_I_O)         0.357     0.357 r  CLK_IBUF_inst/O
                         net (fo=1, routed)           0.928     1.285    CLK_IBUF
    BUFGCTRL_X0Y0        BUFG (Prop_bufg_I_O)         0.030     1.315 r  CLK_IBUF_BUFG_inst/O
                         net (fo=230, routed)         0.781     2.096    REG_X/GEN[19].FF_D_i/CLK_IBUF_BUFG
    SLICE_X0Y60          FDCE                                         r  REG_X/GEN[19].FF_D_i/Q_reg/C





