Copyright 1986-2022 Xilinx, Inc. All Rights Reserved. Copyright 2022-2024 Advanced Micro Devices, Inc. All Rights Reserved.
-----------------------------------------------------------------------------------------------------------------------------------------------------------------------------------------------------------------------------------
| Tool Version : Vivado v.2024.2 (win64) Build 5239630 Fri Nov 08 22:35:27 MST 2024
| Date         : Tue Aug 26 18:54:06 2025
| Host         : LAPTOP-S8I20B5B running 64-bit major release  (build 9200)
| Command      : report_timing_summary -max_paths 10 -report_unconstrained -file FILTRO_ESPONENZIALE_timing_summary_routed.rpt -pb FILTRO_ESPONENZIALE_timing_summary_routed.pb -rpx FILTRO_ESPONENZIALE_timing_summary_routed.rpx
| Design       : FILTRO_ESPONENZIALE
| Device       : 7k70t-fbv676
| Speed File   : -1  PRODUCTION 1.12 2017-02-17
| Design State : Routed
-----------------------------------------------------------------------------------------------------------------------------------------------------------------------------------------------------------------------------------

Timing Summary Report

------------------------------------------------------------------------------------------------
| Timer Settings
| --------------
------------------------------------------------------------------------------------------------

  Enable Multi Corner Analysis               :  Yes
  Enable Pessimism Removal                   :  Yes
  Pessimism Removal Resolution               :  Nearest Common Node
  Enable Input Delay Default Clock           :  No
  Enable Preset / Clear Arcs                 :  No
  Disable Flight Delays                      :  No
  Ignore I/O Paths                           :  No
  Timing Early Launch at Borrowing Latches   :  No
  Borrow Time for Max Delay Exceptions       :  Yes
  Merge Timing Exceptions                    :  Yes
  Inter-SLR Compensation                     :  Conservative

  Corner  Analyze    Analyze    
  Name    Max Paths  Min Paths  
  ------  ---------  ---------  
  Slow    Yes        Yes        
  Fast    Yes        Yes        


------------------------------------------------------------------------------------------------
| Report Methodology
| ------------------
------------------------------------------------------------------------------------------------

Rule       Severity  Description                    Violations  
---------  --------  -----------------------------  ----------  
LUTAR-1    Warning   LUT drives async reset alert   1           
TIMING-18  Warning   Missing input or output delay  69          

Note: This report is based on the most recent report_methodology run and may not be up-to-date. Run report_methodology on the current design for the latest report.



check_timing report

Table of Contents
-----------------
1. checking no_clock (0)
2. checking constant_clock (0)
3. checking pulse_width_clock (0)
4. checking unconstrained_internal_endpoints (0)
5. checking no_input_delay (37)
6. checking no_output_delay (32)
7. checking multiple_clock (0)
8. checking generated_clocks (0)
9. checking loops (0)
10. checking partial_input_delay (0)
11. checking partial_output_delay (0)
12. checking latch_loops (0)

1. checking no_clock (0)
------------------------
 There are 0 register/latch pins with no clock.


2. checking constant_clock (0)
------------------------------
 There are 0 register/latch pins with constant_clock.


3. checking pulse_width_clock (0)
---------------------------------
 There are 0 register/latch pins which need pulse_width check


4. checking unconstrained_internal_endpoints (0)
------------------------------------------------
 There are 0 pins that are not constrained for maximum delay.

 There are 0 pins that are not constrained for maximum delay due to constant clock.


5. checking no_input_delay (37)
-------------------------------
 There are 37 input ports with no input delay specified. (HIGH)

 There are 0 input ports with no input delay but user has a false path constraint.


6. checking no_output_delay (32)
--------------------------------
 There are 32 ports with no output delay specified. (HIGH)

 There are 0 ports with no output delay but user has a false path constraint

 There are 0 ports with no output delay but with a timing clock defined on it or propagating through it


7. checking multiple_clock (0)
------------------------------
 There are 0 register/latch pins with multiple clocks.


8. checking generated_clocks (0)
--------------------------------
 There are 0 generated clocks that are not connected to a clock source.


9. checking loops (0)
---------------------
 There are 0 combinational loops in the design.


10. checking partial_input_delay (0)
------------------------------------
 There are 0 input ports with partial input delay specified.


11. checking partial_output_delay (0)
-------------------------------------
 There are 0 ports with partial output delay specified.


12. checking latch_loops (0)
----------------------------
 There are 0 combinational latch loops in the design through latch input



------------------------------------------------------------------------------------------------
| Design Timing Summary
| ---------------------
------------------------------------------------------------------------------------------------

    WNS(ns)      TNS(ns)  TNS Failing Endpoints  TNS Total Endpoints      WHS(ns)      THS(ns)  THS Failing Endpoints  THS Total Endpoints     WPWS(ns)     TPWS(ns)  TPWS Failing Endpoints  TPWS Total Endpoints  
    -------      -------  ---------------------  -------------------      -------      -------  ---------------------  -------------------     --------     --------  ----------------------  --------------------  
      1.290        0.000                      0                  195        0.157        0.000                      0                  195        3.850        0.000                       0                   231  


All user specified timing constraints are met.


------------------------------------------------------------------------------------------------
| Clock Summary
| -------------
------------------------------------------------------------------------------------------------

Clock    Waveform(ns)         Period(ns)      Frequency(MHz)
-----    ------------         ----------      --------------
sys_clk  {0.000 4.250}        8.500           117.647         


------------------------------------------------------------------------------------------------
| Intra Clock Table
| -----------------
------------------------------------------------------------------------------------------------

Clock             WNS(ns)      TNS(ns)  TNS Failing Endpoints  TNS Total Endpoints      WHS(ns)      THS(ns)  THS Failing Endpoints  THS Total Endpoints     WPWS(ns)     TPWS(ns)  TPWS Failing Endpoints  TPWS Total Endpoints  
-----             -------      -------  ---------------------  -------------------      -------      -------  ---------------------  -------------------     --------     --------  ----------------------  --------------------  
sys_clk             1.290        0.000                      0                  195        0.157        0.000                      0                  195        3.850        0.000                       0                   231  


------------------------------------------------------------------------------------------------
| Inter Clock Table
| -----------------
------------------------------------------------------------------------------------------------

From Clock    To Clock          WNS(ns)      TNS(ns)  TNS Failing Endpoints  TNS Total Endpoints      WHS(ns)      THS(ns)  THS Failing Endpoints  THS Total Endpoints  
----------    --------          -------      -------  ---------------------  -------------------      -------      -------  ---------------------  -------------------  


------------------------------------------------------------------------------------------------
| Other Path Groups Table
| -----------------------
------------------------------------------------------------------------------------------------

Path Group    From Clock    To Clock          WNS(ns)      TNS(ns)  TNS Failing Endpoints  TNS Total Endpoints      WHS(ns)      THS(ns)  THS Failing Endpoints  THS Total Endpoints  
----------    ----------    --------          -------      -------  ---------------------  -------------------      -------      -------  ---------------------  -------------------  


------------------------------------------------------------------------------------------------
| User Ignored Path Table
| -----------------------
------------------------------------------------------------------------------------------------

Path Group    From Clock    To Clock    
----------    ----------    --------    


------------------------------------------------------------------------------------------------
| Unconstrained Path Table
| ------------------------
------------------------------------------------------------------------------------------------

Path Group    From Clock    To Clock    
----------    ----------    --------    
(none)        sys_clk                     
(none)                      sys_clk       


------------------------------------------------------------------------------------------------
| Timing Details
| --------------
------------------------------------------------------------------------------------------------


---------------------------------------------------------------------------------------------------
From Clock:  sys_clk
  To Clock:  sys_clk

Setup :            0  Failing Endpoints,  Worst Slack        1.290ns,  Total Violation        0.000ns
Hold  :            0  Failing Endpoints,  Worst Slack        0.157ns,  Total Violation        0.000ns
PW    :            0  Failing Endpoints,  Worst Slack        3.850ns,  Total Violation        0.000ns
---------------------------------------------------------------------------------------------------


Max Delay Paths
--------------------------------------------------------------------------------------
Slack (MET) :             1.290ns  (required time - arrival time)
  Source:                 PIPE_REG_SUM1/GEN[6].FF_D_i/Q_reg/C
                            (rising edge-triggered cell FDCE clocked by sys_clk  {rise@0.000ns fall@4.250ns period=8.500ns})
  Destination:            REG_Y_1/GEN[28].FF_D_i/Q_reg_lopt_replica/D
                            (rising edge-triggered cell FDCE clocked by sys_clk  {rise@0.000ns fall@4.250ns period=8.500ns})
  Path Group:             sys_clk
  Path Type:              Setup (Max at Slow Process Corner)
  Requirement:            8.500ns  (sys_clk rise@8.500ns - sys_clk rise@0.000ns)
  Data Path Delay:        7.053ns  (logic 1.302ns (18.460%)  route 5.751ns (81.540%))
  Logic Levels:           15  (LUT3=2 LUT5=1 LUT6=12)
  Clock Path Skew:        0.027ns (DCD - SCD + CPR)
    Destination Clock Delay (DCD):    4.267ns = ( 12.767 - 8.500 ) 
    Source Clock Delay      (SCD):    4.505ns
    Clock Pessimism Removal (CPR):    0.265ns
  Clock Uncertainty:      0.035ns  ((TSJ^2 + TIJ^2)^1/2 + DJ) / 2 + PE
    Total System Jitter     (TSJ):    0.071ns
    Total Input Jitter      (TIJ):    0.000ns
    Discrete Jitter          (DJ):    0.000ns
    Phase Error              (PE):    0.000ns

    Location             Delay type                Incr(ns)  Path(ns)    Netlist Resource(s)
  -------------------------------------------------------------------    -------------------
                         (clock sys_clk rise edge)    0.000     0.000 r  
    P23                                               0.000     0.000 r  CLK (IN)
                         net (fo=0)                   0.000     0.000    CLK
    P23                  IBUF (Prop_ibuf_I_O)         0.845     0.845 r  CLK_IBUF_inst/O
                         net (fo=1, routed)           2.140     2.985    CLK_IBUF
    BUFGCTRL_X0Y0        BUFG (Prop_bufg_I_O)         0.120     3.105 r  CLK_IBUF_BUFG_inst/O
                         net (fo=230, routed)         1.400     4.505    PIPE_REG_SUM1/GEN[6].FF_D_i/CLK_IBUF_BUFG
    SLICE_X8Y57          FDCE                                         r  PIPE_REG_SUM1/GEN[6].FF_D_i/Q_reg/C
  -------------------------------------------------------------------    -------------------
    SLICE_X8Y57          FDCE (Prop_fdce_C_Q)         0.282     4.787 f  PIPE_REG_SUM1/GEN[6].FF_D_i/Q_reg/Q
                         net (fo=7, routed)           0.746     5.533    PIPE_REG_SUM1/GEN[6].FF_D_i/Q_reg_0[0]
    SLICE_X7Y57          LUT6 (Prop_lut6_I0_O)        0.157     5.690 f  PIPE_REG_SUM1/GEN[6].FF_D_i/Q_i_6__25/O
                         net (fo=1, routed)           0.310     5.999    PIPE_REG_SUM1/GEN[10].FF_D_i/Q_i_4__36_0
    SLICE_X6Y57          LUT3 (Prop_lut3_I2_O)        0.053     6.052 f  PIPE_REG_SUM1/GEN[10].FF_D_i/Q_i_5__28/O
                         net (fo=3, routed)           0.537     6.590    PIPE_REG_SUM1/GEN[3].FF_D_i/Q_reg_4
    SLICE_X6Y56          LUT3 (Prop_lut3_I2_O)        0.056     6.646 r  PIPE_REG_SUM1/GEN[3].FF_D_i/Q_i_4__36/O
                         net (fo=2, routed)           0.596     7.242    PIPE_REG_SUM1/GEN[5].FF_D_i/Q_i_12__5_0
    SLICE_X6Y56          LUT6 (Prop_lut6_I1_O)        0.168     7.410 f  PIPE_REG_SUM1/GEN[5].FF_D_i/Q_i_16__2/O
                         net (fo=1, routed)           0.231     7.640    PIPE_REG_SUM1/GEN[5].FF_D_i/Q_i_16__2_n_0
    SLICE_X5Y56          LUT6 (Prop_lut6_I1_O)        0.053     7.693 r  PIPE_REG_SUM1/GEN[5].FF_D_i/Q_i_12__5/O
                         net (fo=2, routed)           0.318     8.012    PIPE_REG_SUM1/GEN[17].FF_D_i/Q_i_12__4_3
    SLICE_X3Y57          LUT6 (Prop_lut6_I5_O)        0.053     8.065 f  PIPE_REG_SUM1/GEN[17].FF_D_i/Q_i_16__1/O
                         net (fo=1, routed)           0.232     8.296    PIPE_REG_SUM1/GEN[9].FF_D_i/Q_i_16__0
    SLICE_X3Y58          LUT6 (Prop_lut6_I1_O)        0.053     8.349 r  PIPE_REG_SUM1/GEN[9].FF_D_i/Q_i_12__4/O
                         net (fo=2, routed)           0.244     8.594    PIPE_REG_SUM1/GEN[15].FF_D_i/Q_i_12__3_4
    SLICE_X3Y59          LUT6 (Prop_lut6_I5_O)        0.053     8.647 f  PIPE_REG_SUM1/GEN[15].FF_D_i/Q_i_16__0/O
                         net (fo=1, routed)           0.352     8.998    PIPE_REG_SUM1/GEN[15].FF_D_i/Q_i_16__0_n_0
    SLICE_X4Y60          LUT6 (Prop_lut6_I1_O)        0.053     9.051 r  PIPE_REG_SUM1/GEN[15].FF_D_i/Q_i_12__3/O
                         net (fo=2, routed)           0.237     9.288    PIPE_REG_SUM1/GEN[15].FF_D_i/Q_reg_2
    SLICE_X5Y60          LUT6 (Prop_lut6_I0_O)        0.053     9.341 r  PIPE_REG_SUM1/GEN[15].FF_D_i/Q_i_6__22/O
                         net (fo=1, routed)           0.302     9.643    PIPE_REG_SUM1/GEN[15].FF_D_i/Q_i_6__22_n_0
    SLICE_X4Y61          LUT6 (Prop_lut6_I0_O)        0.053     9.696 r  PIPE_REG_SUM1/GEN[15].FF_D_i/Q_i_3__39/O
                         net (fo=2, routed)           0.410    10.107    PIPE_REG_SUM1/GEN[15].FF_D_i/Q_reg_1
    SLICE_X4Y63          LUT6 (Prop_lut6_I0_O)        0.053    10.160 r  PIPE_REG_SUM1/GEN[15].FF_D_i/Q_i_2__61/O
                         net (fo=3, routed)           0.255    10.414    PIPE_REG_SUM1/GEN[31].FF_D_i/Q_reg_11
    SLICE_X3Y63          LUT6 (Prop_lut6_I0_O)        0.053    10.467 r  PIPE_REG_SUM1/GEN[31].FF_D_i/Q_i_2__56/O
                         net (fo=3, routed)           0.246    10.713    PIPE_REG_SUM1/GEN[31].FF_D_i/Q_i_2__56_n_0
    SLICE_X0Y63          LUT6 (Prop_lut6_I0_O)        0.053    10.766 r  PIPE_REG_SUM1/GEN[31].FF_D_i/Q_i_3__34/O
                         net (fo=1, routed)           0.304    11.070    PIPE_REG_SUM1/GEN[31].FF_D_i/Q_i_3__34_n_0
    SLICE_X0Y63          LUT5 (Prop_lut5_I3_O)        0.056    11.126 r  PIPE_REG_SUM1/GEN[31].FF_D_i/Q_i_1__92/O
                         net (fo=2, routed)           0.432    11.558    REG_Y_1/GEN[28].FF_D_i/Y_to_reg[0]
    SLICE_X0Y63          FDCE                                         r  REG_Y_1/GEN[28].FF_D_i/Q_reg_lopt_replica/D
  -------------------------------------------------------------------    -------------------

                         (clock sys_clk rise edge)    8.500     8.500 r  
    P23                                               0.000     8.500 r  CLK (IN)
                         net (fo=0)                   0.000     8.500    CLK
    P23                  IBUF (Prop_ibuf_I_O)         0.769     9.269 r  CLK_IBUF_inst/O
                         net (fo=1, routed)           2.040    11.309    CLK_IBUF
    BUFGCTRL_X0Y0        BUFG (Prop_bufg_I_O)         0.113    11.422 r  CLK_IBUF_BUFG_inst/O
                         net (fo=230, routed)         1.345    12.767    REG_Y_1/GEN[28].FF_D_i/CLK_IBUF_BUFG
    SLICE_X0Y63          FDCE                                         r  REG_Y_1/GEN[28].FF_D_i/Q_reg_lopt_replica/C
                         clock pessimism              0.265    13.032    
                         clock uncertainty           -0.035    12.997    
    SLICE_X0Y63          FDCE (Setup_fdce_C_D)       -0.149    12.848    REG_Y_1/GEN[28].FF_D_i/Q_reg_lopt_replica
  -------------------------------------------------------------------
                         required time                         12.848    
                         arrival time                         -11.558    
  -------------------------------------------------------------------
                         slack                                  1.290    

Slack (MET) :             1.316ns  (required time - arrival time)
  Source:                 PIPE_REG_SUM1/GEN[6].FF_D_i/Q_reg/C
                            (rising edge-triggered cell FDCE clocked by sys_clk  {rise@0.000ns fall@4.250ns period=8.500ns})
  Destination:            REG_Y_1/GEN[29].FF_D_i/Q_reg/D
                            (rising edge-triggered cell FDCE clocked by sys_clk  {rise@0.000ns fall@4.250ns period=8.500ns})
  Path Group:             sys_clk
  Path Type:              Setup (Max at Slow Process Corner)
  Requirement:            8.500ns  (sys_clk rise@8.500ns - sys_clk rise@0.000ns)
  Data Path Delay:        7.141ns  (logic 1.299ns (18.189%)  route 5.842ns (81.810%))
  Logic Levels:           15  (LUT3=3 LUT6=12)
  Clock Path Skew:        0.027ns (DCD - SCD + CPR)
    Destination Clock Delay (DCD):    4.267ns = ( 12.767 - 8.500 ) 
    Source Clock Delay      (SCD):    4.505ns
    Clock Pessimism Removal (CPR):    0.265ns
  Clock Uncertainty:      0.035ns  ((TSJ^2 + TIJ^2)^1/2 + DJ) / 2 + PE
    Total System Jitter     (TSJ):    0.071ns
    Total Input Jitter      (TIJ):    0.000ns
    Discrete Jitter          (DJ):    0.000ns
    Phase Error              (PE):    0.000ns

    Location             Delay type                Incr(ns)  Path(ns)    Netlist Resource(s)
  -------------------------------------------------------------------    -------------------
                         (clock sys_clk rise edge)    0.000     0.000 r  
    P23                                               0.000     0.000 r  CLK (IN)
                         net (fo=0)                   0.000     0.000    CLK
    P23                  IBUF (Prop_ibuf_I_O)         0.845     0.845 r  CLK_IBUF_inst/O
                         net (fo=1, routed)           2.140     2.985    CLK_IBUF
    BUFGCTRL_X0Y0        BUFG (Prop_bufg_I_O)         0.120     3.105 r  CLK_IBUF_BUFG_inst/O
                         net (fo=230, routed)         1.400     4.505    PIPE_REG_SUM1/GEN[6].FF_D_i/CLK_IBUF_BUFG
    SLICE_X8Y57          FDCE                                         r  PIPE_REG_SUM1/GEN[6].FF_D_i/Q_reg/C
  -------------------------------------------------------------------    -------------------
    SLICE_X8Y57          FDCE (Prop_fdce_C_Q)         0.282     4.787 f  PIPE_REG_SUM1/GEN[6].FF_D_i/Q_reg/Q
                         net (fo=7, routed)           0.746     5.533    PIPE_REG_SUM1/GEN[6].FF_D_i/Q_reg_0[0]
    SLICE_X7Y57          LUT6 (Prop_lut6_I0_O)        0.157     5.690 f  PIPE_REG_SUM1/GEN[6].FF_D_i/Q_i_6__25/O
                         net (fo=1, routed)           0.310     5.999    PIPE_REG_SUM1/GEN[10].FF_D_i/Q_i_4__36_0
    SLICE_X6Y57          LUT3 (Prop_lut3_I2_O)        0.053     6.052 f  PIPE_REG_SUM1/GEN[10].FF_D_i/Q_i_5__28/O
                         net (fo=3, routed)           0.537     6.590    PIPE_REG_SUM1/GEN[3].FF_D_i/Q_reg_4
    SLICE_X6Y56          LUT3 (Prop_lut3_I2_O)        0.056     6.646 r  PIPE_REG_SUM1/GEN[3].FF_D_i/Q_i_4__36/O
                         net (fo=2, routed)           0.596     7.242    PIPE_REG_SUM1/GEN[5].FF_D_i/Q_i_12__5_0
    SLICE_X6Y56          LUT6 (Prop_lut6_I1_O)        0.168     7.410 f  PIPE_REG_SUM1/GEN[5].FF_D_i/Q_i_16__2/O
                         net (fo=1, routed)           0.231     7.640    PIPE_REG_SUM1/GEN[5].FF_D_i/Q_i_16__2_n_0
    SLICE_X5Y56          LUT6 (Prop_lut6_I1_O)        0.053     7.693 r  PIPE_REG_SUM1/GEN[5].FF_D_i/Q_i_12__5/O
                         net (fo=2, routed)           0.318     8.012    PIPE_REG_SUM1/GEN[17].FF_D_i/Q_i_12__4_3
    SLICE_X3Y57          LUT6 (Prop_lut6_I5_O)        0.053     8.065 f  PIPE_REG_SUM1/GEN[17].FF_D_i/Q_i_16__1/O
                         net (fo=1, routed)           0.232     8.296    PIPE_REG_SUM1/GEN[9].FF_D_i/Q_i_16__0
    SLICE_X3Y58          LUT6 (Prop_lut6_I1_O)        0.053     8.349 r  PIPE_REG_SUM1/GEN[9].FF_D_i/Q_i_12__4/O
                         net (fo=2, routed)           0.244     8.594    PIPE_REG_SUM1/GEN[15].FF_D_i/Q_i_12__3_4
    SLICE_X3Y59          LUT6 (Prop_lut6_I5_O)        0.053     8.647 f  PIPE_REG_SUM1/GEN[15].FF_D_i/Q_i_16__0/O
                         net (fo=1, routed)           0.352     8.998    PIPE_REG_SUM1/GEN[15].FF_D_i/Q_i_16__0_n_0
    SLICE_X4Y60          LUT6 (Prop_lut6_I1_O)        0.053     9.051 r  PIPE_REG_SUM1/GEN[15].FF_D_i/Q_i_12__3/O
                         net (fo=2, routed)           0.300     9.351    PIPE_REG_SUM1/GEN[20].FF_D_i/Q_i_10__10_4
    SLICE_X5Y60          LUT6 (Prop_lut6_I5_O)        0.053     9.404 f  PIPE_REG_SUM1/GEN[20].FF_D_i/Q_i_14__1/O
                         net (fo=1, routed)           0.254     9.658    PIPE_REG_SUM1/GEN[20].FF_D_i/Q_i_14__1_n_0
    SLICE_X3Y61          LUT6 (Prop_lut6_I1_O)        0.053     9.711 r  PIPE_REG_SUM1/GEN[20].FF_D_i/Q_i_10__10/O
                         net (fo=1, routed)           0.315    10.027    PIPE_REG_SUM1/GEN[20].FF_D_i/Q_i_10__10_n_0
    SLICE_X2Y62          LUT6 (Prop_lut6_I0_O)        0.053    10.080 r  PIPE_REG_SUM1/GEN[20].FF_D_i/Q_i_7__15/O
                         net (fo=1, routed)           0.240    10.319    PIPE_REG_SUM1/GEN[20].FF_D_i/Q_i_7__15_n_0
    SLICE_X2Y63          LUT6 (Prop_lut6_I0_O)        0.053    10.372 r  PIPE_REG_SUM1/GEN[20].FF_D_i/Q_i_5__22/O
                         net (fo=1, routed)           0.296    10.668    PIPE_REG_SUM1/GEN[20].FF_D_i/Q_i_5__22_n_0
    SLICE_X1Y63          LUT6 (Prop_lut6_I0_O)        0.053    10.721 r  PIPE_REG_SUM1/GEN[20].FF_D_i/Q_i_3__33/O
                         net (fo=3, routed)           0.430    11.151    PIPE_REG_SUM1/GEN[28].FF_D_i/Q_reg_5
    SLICE_X0Y64          LUT3 (Prop_lut3_I1_O)        0.053    11.204 r  PIPE_REG_SUM1/GEN[28].FF_D_i/Q_i_1__60/O
                         net (fo=2, routed)           0.443    11.647    REG_Y_1/GEN[29].FF_D_i/Y_to_reg[0]
    SLICE_X0Y64          FDCE                                         r  REG_Y_1/GEN[29].FF_D_i/Q_reg/D
  -------------------------------------------------------------------    -------------------

                         (clock sys_clk rise edge)    8.500     8.500 r  
    P23                                               0.000     8.500 r  CLK (IN)
                         net (fo=0)                   0.000     8.500    CLK
    P23                  IBUF (Prop_ibuf_I_O)         0.769     9.269 r  CLK_IBUF_inst/O
                         net (fo=1, routed)           2.040    11.309    CLK_IBUF
    BUFGCTRL_X0Y0        BUFG (Prop_bufg_I_O)         0.113    11.422 r  CLK_IBUF_BUFG_inst/O
                         net (fo=230, routed)         1.345    12.767    REG_Y_1/GEN[29].FF_D_i/CLK_IBUF_BUFG
    SLICE_X0Y64          FDCE                                         r  REG_Y_1/GEN[29].FF_D_i/Q_reg/C
                         clock pessimism              0.265    13.032    
                         clock uncertainty           -0.035    12.997    
    SLICE_X0Y64          FDCE (Setup_fdce_C_D)       -0.034    12.963    REG_Y_1/GEN[29].FF_D_i/Q_reg
  -------------------------------------------------------------------
                         required time                         12.963    
                         arrival time                         -11.647    
  -------------------------------------------------------------------
                         slack                                  1.316    

Slack (MET) :             1.418ns  (required time - arrival time)
  Source:                 REG_K/GEN[1].FF_D_i/Q_reg/C
                            (rising edge-triggered cell FDCE clocked by sys_clk  {rise@0.000ns fall@4.250ns period=8.500ns})
  Destination:            PIPE_REG_SUM1/GEN[29].FF_D_i/Q_reg/D
                            (rising edge-triggered cell FDCE clocked by sys_clk  {rise@0.000ns fall@4.250ns period=8.500ns})
  Path Group:             sys_clk
  Path Type:              Setup (Max at Slow Process Corner)
  Requirement:            8.500ns  (sys_clk rise@8.500ns - sys_clk rise@0.000ns)
  Data Path Delay:        7.107ns  (logic 1.231ns (17.322%)  route 5.876ns (82.678%))
  Logic Levels:           15  (LUT3=2 LUT6=13)
  Clock Path Skew:        0.025ns (DCD - SCD + CPR)
    Destination Clock Delay (DCD):    4.266ns = ( 12.766 - 8.500 ) 
    Source Clock Delay      (SCD):    4.506ns
    Clock Pessimism Removal (CPR):    0.265ns
  Clock Uncertainty:      0.035ns  ((TSJ^2 + TIJ^2)^1/2 + DJ) / 2 + PE
    Total System Jitter     (TSJ):    0.071ns
    Total Input Jitter      (TIJ):    0.000ns
    Discrete Jitter          (DJ):    0.000ns
    Phase Error              (PE):    0.000ns

    Location             Delay type                Incr(ns)  Path(ns)    Netlist Resource(s)
  -------------------------------------------------------------------    -------------------
                         (clock sys_clk rise edge)    0.000     0.000 r  
    P23                                               0.000     0.000 r  CLK (IN)
                         net (fo=0)                   0.000     0.000    CLK
    P23                  IBUF (Prop_ibuf_I_O)         0.845     0.845 r  CLK_IBUF_inst/O
                         net (fo=1, routed)           2.140     2.985    CLK_IBUF
    BUFGCTRL_X0Y0        BUFG (Prop_bufg_I_O)         0.120     3.105 r  CLK_IBUF_BUFG_inst/O
                         net (fo=230, routed)         1.401     4.506    REG_K/GEN[1].FF_D_i/CLK_IBUF_BUFG
    SLICE_X8Y54          FDCE                                         r  REG_K/GEN[1].FF_D_i/Q_reg/C
  -------------------------------------------------------------------    -------------------
    SLICE_X8Y54          FDCE (Prop_fdce_C_Q)         0.308     4.814 r  REG_K/GEN[1].FF_D_i/Q_reg/Q
                         net (fo=106, routed)         0.916     5.730    REG_Y_2/GEN[7].FF_D_i/S[1]
    SLICE_X12Y56         LUT6 (Prop_lut6_I2_O)        0.053     5.783 f  REG_Y_2/GEN[7].FF_D_i/Q_i_4__8/O
                         net (fo=3, routed)           0.690     6.473    REG_Y_2/GEN[7].FF_D_i/Q_reg_4
    SLICE_X11Y55         LUT3 (Prop_lut3_I0_O)        0.064     6.537 f  REG_Y_2/GEN[7].FF_D_i/Q_i_2__10/O
                         net (fo=4, routed)           0.465     7.002    REG_Y_2/GEN[7].FF_D_i/Q_i_2__10_n_0
    SLICE_X10Y55         LUT6 (Prop_lut6_I0_O)        0.170     7.172 r  REG_Y_2/GEN[7].FF_D_i/Q_i_2__9/O
                         net (fo=4, routed)           0.442     7.614    REG_Y_2/GEN[10].FF_D_i/Q_reg_11
    SLICE_X11Y57         LUT6 (Prop_lut6_I5_O)        0.053     7.667 f  REG_Y_2/GEN[10].FF_D_i/Q_i_10__2/O
                         net (fo=1, routed)           0.127     7.794    REG_Y_2/GEN[13].FF_D_i/Q_i_10__1_0
    SLICE_X11Y57         LUT6 (Prop_lut6_I1_O)        0.053     7.847 r  REG_Y_2/GEN[13].FF_D_i/Q_i_7__4/O
                         net (fo=2, routed)           0.238     8.086    REG_Y_2/GEN[17].FF_D_i/Q_i_7__3_3
    SLICE_X11Y58         LUT6 (Prop_lut6_I5_O)        0.053     8.139 f  REG_Y_2/GEN[17].FF_D_i/Q_i_10__1/O
                         net (fo=1, routed)           0.232     8.370    REG_Y_2/GEN[18].FF_D_i/Q_i_18_0
    SLICE_X11Y59         LUT6 (Prop_lut6_I1_O)        0.053     8.423 r  REG_Y_2/GEN[18].FF_D_i/Q_i_7__3/O
                         net (fo=2, routed)           0.358     8.781    REG_Y_2/GEN[22].FF_D_i/Q_i_15_3
    SLICE_X13Y60         LUT6 (Prop_lut6_I5_O)        0.053     8.834 f  REG_Y_2/GEN[22].FF_D_i/Q_i_18/O
                         net (fo=1, routed)           0.297     9.131    REG_Y_2/GEN[23].FF_D_i/Q_i_14_0
    SLICE_X13Y61         LUT6 (Prop_lut6_I1_O)        0.053     9.184 r  REG_Y_2/GEN[23].FF_D_i/Q_i_15/O
                         net (fo=2, routed)           0.286     9.470    REG_Y_2/GEN[27].FF_D_i/Q_i_11__1_3
    SLICE_X13Y62         LUT6 (Prop_lut6_I5_O)        0.053     9.523 f  REG_Y_2/GEN[27].FF_D_i/Q_i_14/O
                         net (fo=1, routed)           0.454     9.977    REG_Y_2/GEN[19].FF_D_i/Q_i_10
    SLICE_X11Y64         LUT6 (Prop_lut6_I1_O)        0.053    10.030 r  REG_Y_2/GEN[19].FF_D_i/Q_i_11__1/O
                         net (fo=2, routed)           0.401    10.432    REG_Y_2/GEN[19].FF_D_i/Q_reg_3
    SLICE_X10Y65         LUT6 (Prop_lut6_I0_O)        0.053    10.485 r  REG_Y_2/GEN[19].FF_D_i/Q_i_7__0/O
                         net (fo=1, routed)           0.384    10.868    REG_Y_2/GEN[19].FF_D_i/Q_i_7__0_n_0
    SLICE_X9Y65          LUT6 (Prop_lut6_I0_O)        0.053    10.921 r  REG_Y_2/GEN[19].FF_D_i/Q_i_3__0/O
                         net (fo=2, routed)           0.204    11.126    REG_Y_2/GEN[19].FF_D_i/Q_reg_2
    SLICE_X9Y65          LUT6 (Prop_lut6_I0_O)        0.053    11.179 r  REG_Y_2/GEN[19].FF_D_i/Q_i_2/O
                         net (fo=2, routed)           0.381    11.560    REG_Y_2/GEN[19].FF_D_i/Q_reg_1
    SLICE_X7Y64          LUT3 (Prop_lut3_I0_O)        0.053    11.613 r  REG_Y_2/GEN[19].FF_D_i/Q_i_1__1/O
                         net (fo=1, routed)           0.000    11.613    PIPE_REG_SUM1/GEN[29].FF_D_i/SUM_1[0]
    SLICE_X7Y64          FDCE                                         r  PIPE_REG_SUM1/GEN[29].FF_D_i/Q_reg/D
  -------------------------------------------------------------------    -------------------

                         (clock sys_clk rise edge)    8.500     8.500 r  
    P23                                               0.000     8.500 r  CLK (IN)
                         net (fo=0)                   0.000     8.500    CLK
    P23                  IBUF (Prop_ibuf_I_O)         0.769     9.269 r  CLK_IBUF_inst/O
                         net (fo=1, routed)           2.040    11.309    CLK_IBUF
    BUFGCTRL_X0Y0        BUFG (Prop_bufg_I_O)         0.113    11.422 r  CLK_IBUF_BUFG_inst/O
                         net (fo=230, routed)         1.344    12.766    PIPE_REG_SUM1/GEN[29].FF_D_i/CLK_IBUF_BUFG
    SLICE_X7Y64          FDCE                                         r  PIPE_REG_SUM1/GEN[29].FF_D_i/Q_reg/C
                         clock pessimism              0.265    13.031    
                         clock uncertainty           -0.035    12.996    
    SLICE_X7Y64          FDCE (Setup_fdce_C_D)        0.035    13.031    PIPE_REG_SUM1/GEN[29].FF_D_i/Q_reg
  -------------------------------------------------------------------
                         required time                         13.031    
                         arrival time                         -11.613    
  -------------------------------------------------------------------
                         slack                                  1.418    

Slack (MET) :             1.420ns  (required time - arrival time)
  Source:                 REG_K/GEN[1].FF_D_i/Q_reg/C
                            (rising edge-triggered cell FDCE clocked by sys_clk  {rise@0.000ns fall@4.250ns period=8.500ns})
  Destination:            PIPE_REG_SUM1/GEN[30].FF_D_i/Q_reg/D
                            (rising edge-triggered cell FDCE clocked by sys_clk  {rise@0.000ns fall@4.250ns period=8.500ns})
  Path Group:             sys_clk
  Path Type:              Setup (Max at Slow Process Corner)
  Requirement:            8.500ns  (sys_clk rise@8.500ns - sys_clk rise@0.000ns)
  Data Path Delay:        7.104ns  (logic 1.231ns (17.329%)  route 5.873ns (82.671%))
  Logic Levels:           15  (LUT3=1 LUT6=14)
  Clock Path Skew:        0.025ns (DCD - SCD + CPR)
    Destination Clock Delay (DCD):    4.266ns = ( 12.766 - 8.500 ) 
    Source Clock Delay      (SCD):    4.506ns
    Clock Pessimism Removal (CPR):    0.265ns
  Clock Uncertainty:      0.035ns  ((TSJ^2 + TIJ^2)^1/2 + DJ) / 2 + PE
    Total System Jitter     (TSJ):    0.071ns
    Total Input Jitter      (TIJ):    0.000ns
    Discrete Jitter          (DJ):    0.000ns
    Phase Error              (PE):    0.000ns

    Location             Delay type                Incr(ns)  Path(ns)    Netlist Resource(s)
  -------------------------------------------------------------------    -------------------
                         (clock sys_clk rise edge)    0.000     0.000 r  
    P23                                               0.000     0.000 r  CLK (IN)
                         net (fo=0)                   0.000     0.000    CLK
    P23                  IBUF (Prop_ibuf_I_O)         0.845     0.845 r  CLK_IBUF_inst/O
                         net (fo=1, routed)           2.140     2.985    CLK_IBUF
    BUFGCTRL_X0Y0        BUFG (Prop_bufg_I_O)         0.120     3.105 r  CLK_IBUF_BUFG_inst/O
                         net (fo=230, routed)         1.401     4.506    REG_K/GEN[1].FF_D_i/CLK_IBUF_BUFG
    SLICE_X8Y54          FDCE                                         r  REG_K/GEN[1].FF_D_i/Q_reg/C
  -------------------------------------------------------------------    -------------------
    SLICE_X8Y54          FDCE (Prop_fdce_C_Q)         0.308     4.814 r  REG_K/GEN[1].FF_D_i/Q_reg/Q
                         net (fo=106, routed)         0.916     5.730    REG_Y_2/GEN[7].FF_D_i/S[1]
    SLICE_X12Y56         LUT6 (Prop_lut6_I2_O)        0.053     5.783 f  REG_Y_2/GEN[7].FF_D_i/Q_i_4__8/O
                         net (fo=3, routed)           0.690     6.473    REG_Y_2/GEN[7].FF_D_i/Q_reg_4
    SLICE_X11Y55         LUT3 (Prop_lut3_I0_O)        0.064     6.537 f  REG_Y_2/GEN[7].FF_D_i/Q_i_2__10/O
                         net (fo=4, routed)           0.465     7.002    REG_Y_2/GEN[7].FF_D_i/Q_i_2__10_n_0
    SLICE_X10Y55         LUT6 (Prop_lut6_I0_O)        0.170     7.172 r  REG_Y_2/GEN[7].FF_D_i/Q_i_2__9/O
                         net (fo=4, routed)           0.442     7.614    REG_Y_2/GEN[10].FF_D_i/Q_reg_11
    SLICE_X11Y57         LUT6 (Prop_lut6_I5_O)        0.053     7.667 f  REG_Y_2/GEN[10].FF_D_i/Q_i_10__2/O
                         net (fo=1, routed)           0.127     7.794    REG_Y_2/GEN[13].FF_D_i/Q_i_10__1_0
    SLICE_X11Y57         LUT6 (Prop_lut6_I1_O)        0.053     7.847 r  REG_Y_2/GEN[13].FF_D_i/Q_i_7__4/O
                         net (fo=2, routed)           0.238     8.086    REG_Y_2/GEN[17].FF_D_i/Q_i_7__3_3
    SLICE_X11Y58         LUT6 (Prop_lut6_I5_O)        0.053     8.139 f  REG_Y_2/GEN[17].FF_D_i/Q_i_10__1/O
                         net (fo=1, routed)           0.232     8.370    REG_Y_2/GEN[18].FF_D_i/Q_i_18_0
    SLICE_X11Y59         LUT6 (Prop_lut6_I1_O)        0.053     8.423 r  REG_Y_2/GEN[18].FF_D_i/Q_i_7__3/O
                         net (fo=2, routed)           0.358     8.781    REG_Y_2/GEN[22].FF_D_i/Q_i_15_3
    SLICE_X13Y60         LUT6 (Prop_lut6_I5_O)        0.053     8.834 f  REG_Y_2/GEN[22].FF_D_i/Q_i_18/O
                         net (fo=1, routed)           0.297     9.131    REG_Y_2/GEN[23].FF_D_i/Q_i_14_0
    SLICE_X13Y61         LUT6 (Prop_lut6_I1_O)        0.053     9.184 r  REG_Y_2/GEN[23].FF_D_i/Q_i_15/O
                         net (fo=2, routed)           0.286     9.470    REG_Y_2/GEN[27].FF_D_i/Q_i_11__1_3
    SLICE_X13Y62         LUT6 (Prop_lut6_I5_O)        0.053     9.523 f  REG_Y_2/GEN[27].FF_D_i/Q_i_14/O
                         net (fo=1, routed)           0.454     9.977    REG_Y_2/GEN[19].FF_D_i/Q_i_10
    SLICE_X11Y64         LUT6 (Prop_lut6_I1_O)        0.053    10.030 r  REG_Y_2/GEN[19].FF_D_i/Q_i_11__1/O
                         net (fo=2, routed)           0.401    10.432    REG_Y_2/GEN[19].FF_D_i/Q_reg_3
    SLICE_X10Y65         LUT6 (Prop_lut6_I0_O)        0.053    10.485 r  REG_Y_2/GEN[19].FF_D_i/Q_i_7__0/O
                         net (fo=1, routed)           0.384    10.868    REG_Y_2/GEN[19].FF_D_i/Q_i_7__0_n_0
    SLICE_X9Y65          LUT6 (Prop_lut6_I0_O)        0.053    10.921 r  REG_Y_2/GEN[19].FF_D_i/Q_i_3__0/O
                         net (fo=2, routed)           0.204    11.126    REG_Y_2/GEN[19].FF_D_i/Q_reg_2
    SLICE_X9Y65          LUT6 (Prop_lut6_I0_O)        0.053    11.179 r  REG_Y_2/GEN[19].FF_D_i/Q_i_2/O
                         net (fo=2, routed)           0.378    11.557    REG_Y_2/GEN[29].FF_D_i/Q_reg_7
    SLICE_X7Y64          LUT6 (Prop_lut6_I1_O)        0.053    11.610 r  REG_Y_2/GEN[29].FF_D_i/Q_i_1/O
                         net (fo=1, routed)           0.000    11.610    PIPE_REG_SUM1/GEN[30].FF_D_i/SUM_1[0]
    SLICE_X7Y64          FDCE                                         r  PIPE_REG_SUM1/GEN[30].FF_D_i/Q_reg/D
  -------------------------------------------------------------------    -------------------

                         (clock sys_clk rise edge)    8.500     8.500 r  
    P23                                               0.000     8.500 r  CLK (IN)
                         net (fo=0)                   0.000     8.500    CLK
    P23                  IBUF (Prop_ibuf_I_O)         0.769     9.269 r  CLK_IBUF_inst/O
                         net (fo=1, routed)           2.040    11.309    CLK_IBUF
    BUFGCTRL_X0Y0        BUFG (Prop_bufg_I_O)         0.113    11.422 r  CLK_IBUF_BUFG_inst/O
                         net (fo=230, routed)         1.344    12.766    PIPE_REG_SUM1/GEN[30].FF_D_i/CLK_IBUF_BUFG
    SLICE_X7Y64          FDCE                                         r  PIPE_REG_SUM1/GEN[30].FF_D_i/Q_reg/C
                         clock pessimism              0.265    13.031    
                         clock uncertainty           -0.035    12.996    
    SLICE_X7Y64          FDCE (Setup_fdce_C_D)        0.034    13.030    PIPE_REG_SUM1/GEN[30].FF_D_i/Q_reg
  -------------------------------------------------------------------
                         required time                         13.030    
                         arrival time                         -11.610    
  -------------------------------------------------------------------
                         slack                                  1.420    

Slack (MET) :             1.435ns  (required time - arrival time)
  Source:                 PIPE_REG_SUM1/GEN[6].FF_D_i/Q_reg/C
                            (rising edge-triggered cell FDCE clocked by sys_clk  {rise@0.000ns fall@4.250ns period=8.500ns})
  Destination:            REG_Y_1/GEN[28].FF_D_i/Q_reg/D
                            (rising edge-triggered cell FDCE clocked by sys_clk  {rise@0.000ns fall@4.250ns period=8.500ns})
  Path Group:             sys_clk
  Path Type:              Setup (Max at Slow Process Corner)
  Requirement:            8.500ns  (sys_clk rise@8.500ns - sys_clk rise@0.000ns)
  Data Path Delay:        6.908ns  (logic 1.302ns (18.848%)  route 5.606ns (81.152%))
  Logic Levels:           15  (LUT3=2 LUT5=1 LUT6=12)
  Clock Path Skew:        0.027ns (DCD - SCD + CPR)
    Destination Clock Delay (DCD):    4.267ns = ( 12.767 - 8.500 ) 
    Source Clock Delay      (SCD):    4.505ns
    Clock Pessimism Removal (CPR):    0.265ns
  Clock Uncertainty:      0.035ns  ((TSJ^2 + TIJ^2)^1/2 + DJ) / 2 + PE
    Total System Jitter     (TSJ):    0.071ns
    Total Input Jitter      (TIJ):    0.000ns
    Discrete Jitter          (DJ):    0.000ns
    Phase Error              (PE):    0.000ns

    Location             Delay type                Incr(ns)  Path(ns)    Netlist Resource(s)
  -------------------------------------------------------------------    -------------------
                         (clock sys_clk rise edge)    0.000     0.000 r  
    P23                                               0.000     0.000 r  CLK (IN)
                         net (fo=0)                   0.000     0.000    CLK
    P23                  IBUF (Prop_ibuf_I_O)         0.845     0.845 r  CLK_IBUF_inst/O
                         net (fo=1, routed)           2.140     2.985    CLK_IBUF
    BUFGCTRL_X0Y0        BUFG (Prop_bufg_I_O)         0.120     3.105 r  CLK_IBUF_BUFG_inst/O
                         net (fo=230, routed)         1.400     4.505    PIPE_REG_SUM1/GEN[6].FF_D_i/CLK_IBUF_BUFG
    SLICE_X8Y57          FDCE                                         r  PIPE_REG_SUM1/GEN[6].FF_D_i/Q_reg/C
  -------------------------------------------------------------------    -------------------
    SLICE_X8Y57          FDCE (Prop_fdce_C_Q)         0.282     4.787 f  PIPE_REG_SUM1/GEN[6].FF_D_i/Q_reg/Q
                         net (fo=7, routed)           0.746     5.533    PIPE_REG_SUM1/GEN[6].FF_D_i/Q_reg_0[0]
    SLICE_X7Y57          LUT6 (Prop_lut6_I0_O)        0.157     5.690 f  PIPE_REG_SUM1/GEN[6].FF_D_i/Q_i_6__25/O
                         net (fo=1, routed)           0.310     5.999    PIPE_REG_SUM1/GEN[10].FF_D_i/Q_i_4__36_0
    SLICE_X6Y57          LUT3 (Prop_lut3_I2_O)        0.053     6.052 f  PIPE_REG_SUM1/GEN[10].FF_D_i/Q_i_5__28/O
                         net (fo=3, routed)           0.537     6.590    PIPE_REG_SUM1/GEN[3].FF_D_i/Q_reg_4
    SLICE_X6Y56          LUT3 (Prop_lut3_I2_O)        0.056     6.646 r  PIPE_REG_SUM1/GEN[3].FF_D_i/Q_i_4__36/O
                         net (fo=2, routed)           0.596     7.242    PIPE_REG_SUM1/GEN[5].FF_D_i/Q_i_12__5_0
    SLICE_X6Y56          LUT6 (Prop_lut6_I1_O)        0.168     7.410 f  PIPE_REG_SUM1/GEN[5].FF_D_i/Q_i_16__2/O
                         net (fo=1, routed)           0.231     7.640    PIPE_REG_SUM1/GEN[5].FF_D_i/Q_i_16__2_n_0
    SLICE_X5Y56          LUT6 (Prop_lut6_I1_O)        0.053     7.693 r  PIPE_REG_SUM1/GEN[5].FF_D_i/Q_i_12__5/O
                         net (fo=2, routed)           0.318     8.012    PIPE_REG_SUM1/GEN[17].FF_D_i/Q_i_12__4_3
    SLICE_X3Y57          LUT6 (Prop_lut6_I5_O)        0.053     8.065 f  PIPE_REG_SUM1/GEN[17].FF_D_i/Q_i_16__1/O
                         net (fo=1, routed)           0.232     8.296    PIPE_REG_SUM1/GEN[9].FF_D_i/Q_i_16__0
    SLICE_X3Y58          LUT6 (Prop_lut6_I1_O)        0.053     8.349 r  PIPE_REG_SUM1/GEN[9].FF_D_i/Q_i_12__4/O
                         net (fo=2, routed)           0.244     8.594    PIPE_REG_SUM1/GEN[15].FF_D_i/Q_i_12__3_4
    SLICE_X3Y59          LUT6 (Prop_lut6_I5_O)        0.053     8.647 f  PIPE_REG_SUM1/GEN[15].FF_D_i/Q_i_16__0/O
                         net (fo=1, routed)           0.352     8.998    PIPE_REG_SUM1/GEN[15].FF_D_i/Q_i_16__0_n_0
    SLICE_X4Y60          LUT6 (Prop_lut6_I1_O)        0.053     9.051 r  PIPE_REG_SUM1/GEN[15].FF_D_i/Q_i_12__3/O
                         net (fo=2, routed)           0.237     9.288    PIPE_REG_SUM1/GEN[15].FF_D_i/Q_reg_2
    SLICE_X5Y60          LUT6 (Prop_lut6_I0_O)        0.053     9.341 r  PIPE_REG_SUM1/GEN[15].FF_D_i/Q_i_6__22/O
                         net (fo=1, routed)           0.302     9.643    PIPE_REG_SUM1/GEN[15].FF_D_i/Q_i_6__22_n_0
    SLICE_X4Y61          LUT6 (Prop_lut6_I0_O)        0.053     9.696 r  PIPE_REG_SUM1/GEN[15].FF_D_i/Q_i_3__39/O
                         net (fo=2, routed)           0.410    10.107    PIPE_REG_SUM1/GEN[15].FF_D_i/Q_reg_1
    SLICE_X4Y63          LUT6 (Prop_lut6_I0_O)        0.053    10.160 r  PIPE_REG_SUM1/GEN[15].FF_D_i/Q_i_2__61/O
                         net (fo=3, routed)           0.255    10.414    PIPE_REG_SUM1/GEN[31].FF_D_i/Q_reg_11
    SLICE_X3Y63          LUT6 (Prop_lut6_I0_O)        0.053    10.467 r  PIPE_REG_SUM1/GEN[31].FF_D_i/Q_i_2__56/O
                         net (fo=3, routed)           0.246    10.713    PIPE_REG_SUM1/GEN[31].FF_D_i/Q_i_2__56_n_0
    SLICE_X0Y63          LUT6 (Prop_lut6_I0_O)        0.053    10.766 r  PIPE_REG_SUM1/GEN[31].FF_D_i/Q_i_3__34/O
                         net (fo=1, routed)           0.304    11.070    PIPE_REG_SUM1/GEN[31].FF_D_i/Q_i_3__34_n_0
    SLICE_X0Y63          LUT5 (Prop_lut5_I3_O)        0.056    11.126 r  PIPE_REG_SUM1/GEN[31].FF_D_i/Q_i_1__92/O
                         net (fo=2, routed)           0.287    11.413    REG_Y_1/GEN[28].FF_D_i/Y_to_reg[0]
    SLICE_X0Y63          FDCE                                         r  REG_Y_1/GEN[28].FF_D_i/Q_reg/D
  -------------------------------------------------------------------    -------------------

                         (clock sys_clk rise edge)    8.500     8.500 r  
    P23                                               0.000     8.500 r  CLK (IN)
                         net (fo=0)                   0.000     8.500    CLK
    P23                  IBUF (Prop_ibuf_I_O)         0.769     9.269 r  CLK_IBUF_inst/O
                         net (fo=1, routed)           2.040    11.309    CLK_IBUF
    BUFGCTRL_X0Y0        BUFG (Prop_bufg_I_O)         0.113    11.422 r  CLK_IBUF_BUFG_inst/O
                         net (fo=230, routed)         1.345    12.767    REG_Y_1/GEN[28].FF_D_i/CLK_IBUF_BUFG
    SLICE_X0Y63          FDCE                                         r  REG_Y_1/GEN[28].FF_D_i/Q_reg/C
                         clock pessimism              0.265    13.032    
                         clock uncertainty           -0.035    12.997    
    SLICE_X0Y63          FDCE (Setup_fdce_C_D)       -0.149    12.848    REG_Y_1/GEN[28].FF_D_i/Q_reg
  -------------------------------------------------------------------
                         required time                         12.848    
                         arrival time                         -11.413    
  -------------------------------------------------------------------
                         slack                                  1.435    

Slack (MET) :             1.452ns  (required time - arrival time)
  Source:                 PIPE_REG_SUM1/GEN[6].FF_D_i/Q_reg/C
                            (rising edge-triggered cell FDCE clocked by sys_clk  {rise@0.000ns fall@4.250ns period=8.500ns})
  Destination:            REG_Y_1/GEN[29].FF_D_i/Q_reg_lopt_replica/D
                            (rising edge-triggered cell FDCE clocked by sys_clk  {rise@0.000ns fall@4.250ns period=8.500ns})
  Path Group:             sys_clk
  Path Type:              Setup (Max at Slow Process Corner)
  Requirement:            8.500ns  (sys_clk rise@8.500ns - sys_clk rise@0.000ns)
  Data Path Delay:        6.994ns  (logic 1.299ns (18.572%)  route 5.695ns (81.428%))
  Logic Levels:           15  (LUT3=3 LUT6=12)
  Clock Path Skew:        0.027ns (DCD - SCD + CPR)
    Destination Clock Delay (DCD):    4.267ns = ( 12.767 - 8.500 ) 
    Source Clock Delay      (SCD):    4.505ns
    Clock Pessimism Removal (CPR):    0.265ns
  Clock Uncertainty:      0.035ns  ((TSJ^2 + TIJ^2)^1/2 + DJ) / 2 + PE
    Total System Jitter     (TSJ):    0.071ns
    Total Input Jitter      (TIJ):    0.000ns
    Discrete Jitter          (DJ):    0.000ns
    Phase Error              (PE):    0.000ns

    Location             Delay type                Incr(ns)  Path(ns)    Netlist Resource(s)
  -------------------------------------------------------------------    -------------------
                         (clock sys_clk rise edge)    0.000     0.000 r  
    P23                                               0.000     0.000 r  CLK (IN)
                         net (fo=0)                   0.000     0.000    CLK
    P23                  IBUF (Prop_ibuf_I_O)         0.845     0.845 r  CLK_IBUF_inst/O
                         net (fo=1, routed)           2.140     2.985    CLK_IBUF
    BUFGCTRL_X0Y0        BUFG (Prop_bufg_I_O)         0.120     3.105 r  CLK_IBUF_BUFG_inst/O
                         net (fo=230, routed)         1.400     4.505    PIPE_REG_SUM1/GEN[6].FF_D_i/CLK_IBUF_BUFG
    SLICE_X8Y57          FDCE                                         r  PIPE_REG_SUM1/GEN[6].FF_D_i/Q_reg/C
  -------------------------------------------------------------------    -------------------
    SLICE_X8Y57          FDCE (Prop_fdce_C_Q)         0.282     4.787 f  PIPE_REG_SUM1/GEN[6].FF_D_i/Q_reg/Q
                         net (fo=7, routed)           0.746     5.533    PIPE_REG_SUM1/GEN[6].FF_D_i/Q_reg_0[0]
    SLICE_X7Y57          LUT6 (Prop_lut6_I0_O)        0.157     5.690 f  PIPE_REG_SUM1/GEN[6].FF_D_i/Q_i_6__25/O
                         net (fo=1, routed)           0.310     5.999    PIPE_REG_SUM1/GEN[10].FF_D_i/Q_i_4__36_0
    SLICE_X6Y57          LUT3 (Prop_lut3_I2_O)        0.053     6.052 f  PIPE_REG_SUM1/GEN[10].FF_D_i/Q_i_5__28/O
                         net (fo=3, routed)           0.537     6.590    PIPE_REG_SUM1/GEN[3].FF_D_i/Q_reg_4
    SLICE_X6Y56          LUT3 (Prop_lut3_I2_O)        0.056     6.646 r  PIPE_REG_SUM1/GEN[3].FF_D_i/Q_i_4__36/O
                         net (fo=2, routed)           0.596     7.242    PIPE_REG_SUM1/GEN[5].FF_D_i/Q_i_12__5_0
    SLICE_X6Y56          LUT6 (Prop_lut6_I1_O)        0.168     7.410 f  PIPE_REG_SUM1/GEN[5].FF_D_i/Q_i_16__2/O
                         net (fo=1, routed)           0.231     7.640    PIPE_REG_SUM1/GEN[5].FF_D_i/Q_i_16__2_n_0
    SLICE_X5Y56          LUT6 (Prop_lut6_I1_O)        0.053     7.693 r  PIPE_REG_SUM1/GEN[5].FF_D_i/Q_i_12__5/O
                         net (fo=2, routed)           0.318     8.012    PIPE_REG_SUM1/GEN[17].FF_D_i/Q_i_12__4_3
    SLICE_X3Y57          LUT6 (Prop_lut6_I5_O)        0.053     8.065 f  PIPE_REG_SUM1/GEN[17].FF_D_i/Q_i_16__1/O
                         net (fo=1, routed)           0.232     8.296    PIPE_REG_SUM1/GEN[9].FF_D_i/Q_i_16__0
    SLICE_X3Y58          LUT6 (Prop_lut6_I1_O)        0.053     8.349 r  PIPE_REG_SUM1/GEN[9].FF_D_i/Q_i_12__4/O
                         net (fo=2, routed)           0.244     8.594    PIPE_REG_SUM1/GEN[15].FF_D_i/Q_i_12__3_4
    SLICE_X3Y59          LUT6 (Prop_lut6_I5_O)        0.053     8.647 f  PIPE_REG_SUM1/GEN[15].FF_D_i/Q_i_16__0/O
                         net (fo=1, routed)           0.352     8.998    PIPE_REG_SUM1/GEN[15].FF_D_i/Q_i_16__0_n_0
    SLICE_X4Y60          LUT6 (Prop_lut6_I1_O)        0.053     9.051 r  PIPE_REG_SUM1/GEN[15].FF_D_i/Q_i_12__3/O
                         net (fo=2, routed)           0.300     9.351    PIPE_REG_SUM1/GEN[20].FF_D_i/Q_i_10__10_4
    SLICE_X5Y60          LUT6 (Prop_lut6_I5_O)        0.053     9.404 f  PIPE_REG_SUM1/GEN[20].FF_D_i/Q_i_14__1/O
                         net (fo=1, routed)           0.254     9.658    PIPE_REG_SUM1/GEN[20].FF_D_i/Q_i_14__1_n_0
    SLICE_X3Y61          LUT6 (Prop_lut6_I1_O)        0.053     9.711 r  PIPE_REG_SUM1/GEN[20].FF_D_i/Q_i_10__10/O
                         net (fo=1, routed)           0.315    10.027    PIPE_REG_SUM1/GEN[20].FF_D_i/Q_i_10__10_n_0
    SLICE_X2Y62          LUT6 (Prop_lut6_I0_O)        0.053    10.080 r  PIPE_REG_SUM1/GEN[20].FF_D_i/Q_i_7__15/O
                         net (fo=1, routed)           0.240    10.319    PIPE_REG_SUM1/GEN[20].FF_D_i/Q_i_7__15_n_0
    SLICE_X2Y63          LUT6 (Prop_lut6_I0_O)        0.053    10.372 r  PIPE_REG_SUM1/GEN[20].FF_D_i/Q_i_5__22/O
                         net (fo=1, routed)           0.296    10.668    PIPE_REG_SUM1/GEN[20].FF_D_i/Q_i_5__22_n_0
    SLICE_X1Y63          LUT6 (Prop_lut6_I0_O)        0.053    10.721 r  PIPE_REG_SUM1/GEN[20].FF_D_i/Q_i_3__33/O
                         net (fo=3, routed)           0.430    11.151    PIPE_REG_SUM1/GEN[28].FF_D_i/Q_reg_5
    SLICE_X0Y64          LUT3 (Prop_lut3_I1_O)        0.053    11.204 r  PIPE_REG_SUM1/GEN[28].FF_D_i/Q_i_1__60/O
                         net (fo=2, routed)           0.296    11.499    REG_Y_1/GEN[29].FF_D_i/Y_to_reg[0]
    SLICE_X0Y64          FDCE                                         r  REG_Y_1/GEN[29].FF_D_i/Q_reg_lopt_replica/D
  -------------------------------------------------------------------    -------------------

                         (clock sys_clk rise edge)    8.500     8.500 r  
    P23                                               0.000     8.500 r  CLK (IN)
                         net (fo=0)                   0.000     8.500    CLK
    P23                  IBUF (Prop_ibuf_I_O)         0.769     9.269 r  CLK_IBUF_inst/O
                         net (fo=1, routed)           2.040    11.309    CLK_IBUF
    BUFGCTRL_X0Y0        BUFG (Prop_bufg_I_O)         0.113    11.422 r  CLK_IBUF_BUFG_inst/O
                         net (fo=230, routed)         1.345    12.767    REG_Y_1/GEN[29].FF_D_i/CLK_IBUF_BUFG
    SLICE_X0Y64          FDCE                                         r  REG_Y_1/GEN[29].FF_D_i/Q_reg_lopt_replica/C
                         clock pessimism              0.265    13.032    
                         clock uncertainty           -0.035    12.997    
    SLICE_X0Y64          FDCE (Setup_fdce_C_D)       -0.045    12.952    REG_Y_1/GEN[29].FF_D_i/Q_reg_lopt_replica
  -------------------------------------------------------------------
                         required time                         12.952    
                         arrival time                         -11.499    
  -------------------------------------------------------------------
                         slack                                  1.452    

Slack (MET) :             1.465ns  (required time - arrival time)
  Source:                 PIPE_REG_SUM1/GEN[6].FF_D_i/Q_reg/C
                            (rising edge-triggered cell FDCE clocked by sys_clk  {rise@0.000ns fall@4.250ns period=8.500ns})
  Destination:            REG_Y_1/GEN[30].FF_D_i/Q_reg_lopt_replica/D
                            (rising edge-triggered cell FDCE clocked by sys_clk  {rise@0.000ns fall@4.250ns period=8.500ns})
  Path Group:             sys_clk
  Path Type:              Setup (Max at Slow Process Corner)
  Requirement:            8.500ns  (sys_clk rise@8.500ns - sys_clk rise@0.000ns)
  Data Path Delay:        6.994ns  (logic 1.299ns (18.572%)  route 5.695ns (81.428%))
  Logic Levels:           15  (LUT3=2 LUT6=13)
  Clock Path Skew:        0.027ns (DCD - SCD + CPR)
    Destination Clock Delay (DCD):    4.267ns = ( 12.767 - 8.500 ) 
    Source Clock Delay      (SCD):    4.505ns
    Clock Pessimism Removal (CPR):    0.265ns
  Clock Uncertainty:      0.035ns  ((TSJ^2 + TIJ^2)^1/2 + DJ) / 2 + PE
    Total System Jitter     (TSJ):    0.071ns
    Total Input Jitter      (TIJ):    0.000ns
    Discrete Jitter          (DJ):    0.000ns
    Phase Error              (PE):    0.000ns

    Location             Delay type                Incr(ns)  Path(ns)    Netlist Resource(s)
  -------------------------------------------------------------------    -------------------
                         (clock sys_clk rise edge)    0.000     0.000 r  
    P23                                               0.000     0.000 r  CLK (IN)
                         net (fo=0)                   0.000     0.000    CLK
    P23                  IBUF (Prop_ibuf_I_O)         0.845     0.845 r  CLK_IBUF_inst/O
                         net (fo=1, routed)           2.140     2.985    CLK_IBUF
    BUFGCTRL_X0Y0        BUFG (Prop_bufg_I_O)         0.120     3.105 r  CLK_IBUF_BUFG_inst/O
                         net (fo=230, routed)         1.400     4.505    PIPE_REG_SUM1/GEN[6].FF_D_i/CLK_IBUF_BUFG
    SLICE_X8Y57          FDCE                                         r  PIPE_REG_SUM1/GEN[6].FF_D_i/Q_reg/C
  -------------------------------------------------------------------    -------------------
    SLICE_X8Y57          FDCE (Prop_fdce_C_Q)         0.282     4.787 f  PIPE_REG_SUM1/GEN[6].FF_D_i/Q_reg/Q
                         net (fo=7, routed)           0.746     5.533    PIPE_REG_SUM1/GEN[6].FF_D_i/Q_reg_0[0]
    SLICE_X7Y57          LUT6 (Prop_lut6_I0_O)        0.157     5.690 f  PIPE_REG_SUM1/GEN[6].FF_D_i/Q_i_6__25/O
                         net (fo=1, routed)           0.310     5.999    PIPE_REG_SUM1/GEN[10].FF_D_i/Q_i_4__36_0
    SLICE_X6Y57          LUT3 (Prop_lut3_I2_O)        0.053     6.052 f  PIPE_REG_SUM1/GEN[10].FF_D_i/Q_i_5__28/O
                         net (fo=3, routed)           0.537     6.590    PIPE_REG_SUM1/GEN[3].FF_D_i/Q_reg_4
    SLICE_X6Y56          LUT3 (Prop_lut3_I2_O)        0.056     6.646 r  PIPE_REG_SUM1/GEN[3].FF_D_i/Q_i_4__36/O
                         net (fo=2, routed)           0.596     7.242    PIPE_REG_SUM1/GEN[5].FF_D_i/Q_i_12__5_0
    SLICE_X6Y56          LUT6 (Prop_lut6_I1_O)        0.168     7.410 f  PIPE_REG_SUM1/GEN[5].FF_D_i/Q_i_16__2/O
                         net (fo=1, routed)           0.231     7.640    PIPE_REG_SUM1/GEN[5].FF_D_i/Q_i_16__2_n_0
    SLICE_X5Y56          LUT6 (Prop_lut6_I1_O)        0.053     7.693 r  PIPE_REG_SUM1/GEN[5].FF_D_i/Q_i_12__5/O
                         net (fo=2, routed)           0.318     8.012    PIPE_REG_SUM1/GEN[17].FF_D_i/Q_i_12__4_3
    SLICE_X3Y57          LUT6 (Prop_lut6_I5_O)        0.053     8.065 f  PIPE_REG_SUM1/GEN[17].FF_D_i/Q_i_16__1/O
                         net (fo=1, routed)           0.232     8.296    PIPE_REG_SUM1/GEN[9].FF_D_i/Q_i_16__0
    SLICE_X3Y58          LUT6 (Prop_lut6_I1_O)        0.053     8.349 r  PIPE_REG_SUM1/GEN[9].FF_D_i/Q_i_12__4/O
                         net (fo=2, routed)           0.244     8.594    PIPE_REG_SUM1/GEN[15].FF_D_i/Q_i_12__3_4
    SLICE_X3Y59          LUT6 (Prop_lut6_I5_O)        0.053     8.647 f  PIPE_REG_SUM1/GEN[15].FF_D_i/Q_i_16__0/O
                         net (fo=1, routed)           0.352     8.998    PIPE_REG_SUM1/GEN[15].FF_D_i/Q_i_16__0_n_0
    SLICE_X4Y60          LUT6 (Prop_lut6_I1_O)        0.053     9.051 r  PIPE_REG_SUM1/GEN[15].FF_D_i/Q_i_12__3/O
                         net (fo=2, routed)           0.300     9.351    PIPE_REG_SUM1/GEN[20].FF_D_i/Q_i_10__10_4
    SLICE_X5Y60          LUT6 (Prop_lut6_I5_O)        0.053     9.404 f  PIPE_REG_SUM1/GEN[20].FF_D_i/Q_i_14__1/O
                         net (fo=1, routed)           0.254     9.658    PIPE_REG_SUM1/GEN[20].FF_D_i/Q_i_14__1_n_0
    SLICE_X3Y61          LUT6 (Prop_lut6_I1_O)        0.053     9.711 r  PIPE_REG_SUM1/GEN[20].FF_D_i/Q_i_10__10/O
                         net (fo=1, routed)           0.315    10.027    PIPE_REG_SUM1/GEN[20].FF_D_i/Q_i_10__10_n_0
    SLICE_X2Y62          LUT6 (Prop_lut6_I0_O)        0.053    10.080 r  PIPE_REG_SUM1/GEN[20].FF_D_i/Q_i_7__15/O
                         net (fo=1, routed)           0.240    10.319    PIPE_REG_SUM1/GEN[20].FF_D_i/Q_i_7__15_n_0
    SLICE_X2Y63          LUT6 (Prop_lut6_I0_O)        0.053    10.372 r  PIPE_REG_SUM1/GEN[20].FF_D_i/Q_i_5__22/O
                         net (fo=1, routed)           0.296    10.668    PIPE_REG_SUM1/GEN[20].FF_D_i/Q_i_5__22_n_0
    SLICE_X1Y63          LUT6 (Prop_lut6_I0_O)        0.053    10.721 r  PIPE_REG_SUM1/GEN[20].FF_D_i/Q_i_3__33/O
                         net (fo=3, routed)           0.255    10.976    PIPE_REG_SUM1/GEN[29].FF_D_i/Q_reg_7
    SLICE_X0Y64          LUT6 (Prop_lut6_I1_O)        0.053    11.029 r  PIPE_REG_SUM1/GEN[29].FF_D_i/Q_i_1__59/O
                         net (fo=2, routed)           0.471    11.499    REG_Y_1/GEN[30].FF_D_i/Y_to_reg[0]
    SLICE_X0Y64          FDCE                                         r  REG_Y_1/GEN[30].FF_D_i/Q_reg_lopt_replica/D
  -------------------------------------------------------------------    -------------------

                         (clock sys_clk rise edge)    8.500     8.500 r  
    P23                                               0.000     8.500 r  CLK (IN)
                         net (fo=0)                   0.000     8.500    CLK
    P23                  IBUF (Prop_ibuf_I_O)         0.769     9.269 r  CLK_IBUF_inst/O
                         net (fo=1, routed)           2.040    11.309    CLK_IBUF
    BUFGCTRL_X0Y0        BUFG (Prop_bufg_I_O)         0.113    11.422 r  CLK_IBUF_BUFG_inst/O
                         net (fo=230, routed)         1.345    12.767    REG_Y_1/GEN[30].FF_D_i/CLK_IBUF_BUFG
    SLICE_X0Y64          FDCE                                         r  REG_Y_1/GEN[30].FF_D_i/Q_reg_lopt_replica/C
                         clock pessimism              0.265    13.032    
                         clock uncertainty           -0.035    12.997    
    SLICE_X0Y64          FDCE (Setup_fdce_C_D)       -0.032    12.965    REG_Y_1/GEN[30].FF_D_i/Q_reg_lopt_replica
  -------------------------------------------------------------------
                         required time                         12.965    
                         arrival time                         -11.499    
  -------------------------------------------------------------------
                         slack                                  1.465    

Slack (MET) :             1.467ns  (required time - arrival time)
  Source:                 PIPE_REG_SUM1/GEN[6].FF_D_i/Q_reg/C
                            (rising edge-triggered cell FDCE clocked by sys_clk  {rise@0.000ns fall@4.250ns period=8.500ns})
  Destination:            REG_Y_1/GEN[30].FF_D_i/Q_reg/D
                            (rising edge-triggered cell FDCE clocked by sys_clk  {rise@0.000ns fall@4.250ns period=8.500ns})
  Path Group:             sys_clk
  Path Type:              Setup (Max at Slow Process Corner)
  Requirement:            8.500ns  (sys_clk rise@8.500ns - sys_clk rise@0.000ns)
  Data Path Delay:        6.993ns  (logic 1.299ns (18.577%)  route 5.694ns (81.423%))
  Logic Levels:           15  (LUT3=2 LUT6=13)
  Clock Path Skew:        0.027ns (DCD - SCD + CPR)
    Destination Clock Delay (DCD):    4.267ns = ( 12.767 - 8.500 ) 
    Source Clock Delay      (SCD):    4.505ns
    Clock Pessimism Removal (CPR):    0.265ns
  Clock Uncertainty:      0.035ns  ((TSJ^2 + TIJ^2)^1/2 + DJ) / 2 + PE
    Total System Jitter     (TSJ):    0.071ns
    Total Input Jitter      (TIJ):    0.000ns
    Discrete Jitter          (DJ):    0.000ns
    Phase Error              (PE):    0.000ns

    Location             Delay type                Incr(ns)  Path(ns)    Netlist Resource(s)
  -------------------------------------------------------------------    -------------------
                         (clock sys_clk rise edge)    0.000     0.000 r  
    P23                                               0.000     0.000 r  CLK (IN)
                         net (fo=0)                   0.000     0.000    CLK
    P23                  IBUF (Prop_ibuf_I_O)         0.845     0.845 r  CLK_IBUF_inst/O
                         net (fo=1, routed)           2.140     2.985    CLK_IBUF
    BUFGCTRL_X0Y0        BUFG (Prop_bufg_I_O)         0.120     3.105 r  CLK_IBUF_BUFG_inst/O
                         net (fo=230, routed)         1.400     4.505    PIPE_REG_SUM1/GEN[6].FF_D_i/CLK_IBUF_BUFG
    SLICE_X8Y57          FDCE                                         r  PIPE_REG_SUM1/GEN[6].FF_D_i/Q_reg/C
  -------------------------------------------------------------------    -------------------
    SLICE_X8Y57          FDCE (Prop_fdce_C_Q)         0.282     4.787 f  PIPE_REG_SUM1/GEN[6].FF_D_i/Q_reg/Q
                         net (fo=7, routed)           0.746     5.533    PIPE_REG_SUM1/GEN[6].FF_D_i/Q_reg_0[0]
    SLICE_X7Y57          LUT6 (Prop_lut6_I0_O)        0.157     5.690 f  PIPE_REG_SUM1/GEN[6].FF_D_i/Q_i_6__25/O
                         net (fo=1, routed)           0.310     5.999    PIPE_REG_SUM1/GEN[10].FF_D_i/Q_i_4__36_0
    SLICE_X6Y57          LUT3 (Prop_lut3_I2_O)        0.053     6.052 f  PIPE_REG_SUM1/GEN[10].FF_D_i/Q_i_5__28/O
                         net (fo=3, routed)           0.537     6.590    PIPE_REG_SUM1/GEN[3].FF_D_i/Q_reg_4
    SLICE_X6Y56          LUT3 (Prop_lut3_I2_O)        0.056     6.646 r  PIPE_REG_SUM1/GEN[3].FF_D_i/Q_i_4__36/O
                         net (fo=2, routed)           0.596     7.242    PIPE_REG_SUM1/GEN[5].FF_D_i/Q_i_12__5_0
    SLICE_X6Y56          LUT6 (Prop_lut6_I1_O)        0.168     7.410 f  PIPE_REG_SUM1/GEN[5].FF_D_i/Q_i_16__2/O
                         net (fo=1, routed)           0.231     7.640    PIPE_REG_SUM1/GEN[5].FF_D_i/Q_i_16__2_n_0
    SLICE_X5Y56          LUT6 (Prop_lut6_I1_O)        0.053     7.693 r  PIPE_REG_SUM1/GEN[5].FF_D_i/Q_i_12__5/O
                         net (fo=2, routed)           0.318     8.012    PIPE_REG_SUM1/GEN[17].FF_D_i/Q_i_12__4_3
    SLICE_X3Y57          LUT6 (Prop_lut6_I5_O)        0.053     8.065 f  PIPE_REG_SUM1/GEN[17].FF_D_i/Q_i_16__1/O
                         net (fo=1, routed)           0.232     8.296    PIPE_REG_SUM1/GEN[9].FF_D_i/Q_i_16__0
    SLICE_X3Y58          LUT6 (Prop_lut6_I1_O)        0.053     8.349 r  PIPE_REG_SUM1/GEN[9].FF_D_i/Q_i_12__4/O
                         net (fo=2, routed)           0.244     8.594    PIPE_REG_SUM1/GEN[15].FF_D_i/Q_i_12__3_4
    SLICE_X3Y59          LUT6 (Prop_lut6_I5_O)        0.053     8.647 f  PIPE_REG_SUM1/GEN[15].FF_D_i/Q_i_16__0/O
                         net (fo=1, routed)           0.352     8.998    PIPE_REG_SUM1/GEN[15].FF_D_i/Q_i_16__0_n_0
    SLICE_X4Y60          LUT6 (Prop_lut6_I1_O)        0.053     9.051 r  PIPE_REG_SUM1/GEN[15].FF_D_i/Q_i_12__3/O
                         net (fo=2, routed)           0.300     9.351    PIPE_REG_SUM1/GEN[20].FF_D_i/Q_i_10__10_4
    SLICE_X5Y60          LUT6 (Prop_lut6_I5_O)        0.053     9.404 f  PIPE_REG_SUM1/GEN[20].FF_D_i/Q_i_14__1/O
                         net (fo=1, routed)           0.254     9.658    PIPE_REG_SUM1/GEN[20].FF_D_i/Q_i_14__1_n_0
    SLICE_X3Y61          LUT6 (Prop_lut6_I1_O)        0.053     9.711 r  PIPE_REG_SUM1/GEN[20].FF_D_i/Q_i_10__10/O
                         net (fo=1, routed)           0.315    10.027    PIPE_REG_SUM1/GEN[20].FF_D_i/Q_i_10__10_n_0
    SLICE_X2Y62          LUT6 (Prop_lut6_I0_O)        0.053    10.080 r  PIPE_REG_SUM1/GEN[20].FF_D_i/Q_i_7__15/O
                         net (fo=1, routed)           0.240    10.319    PIPE_REG_SUM1/GEN[20].FF_D_i/Q_i_7__15_n_0
    SLICE_X2Y63          LUT6 (Prop_lut6_I0_O)        0.053    10.372 r  PIPE_REG_SUM1/GEN[20].FF_D_i/Q_i_5__22/O
                         net (fo=1, routed)           0.296    10.668    PIPE_REG_SUM1/GEN[20].FF_D_i/Q_i_5__22_n_0
    SLICE_X1Y63          LUT6 (Prop_lut6_I0_O)        0.053    10.721 r  PIPE_REG_SUM1/GEN[20].FF_D_i/Q_i_3__33/O
                         net (fo=3, routed)           0.255    10.976    PIPE_REG_SUM1/GEN[29].FF_D_i/Q_reg_7
    SLICE_X0Y64          LUT6 (Prop_lut6_I1_O)        0.053    11.029 r  PIPE_REG_SUM1/GEN[29].FF_D_i/Q_i_1__59/O
                         net (fo=2, routed)           0.469    11.498    REG_Y_1/GEN[30].FF_D_i/Y_to_reg[0]
    SLICE_X0Y64          FDCE                                         r  REG_Y_1/GEN[30].FF_D_i/Q_reg/D
  -------------------------------------------------------------------    -------------------

                         (clock sys_clk rise edge)    8.500     8.500 r  
    P23                                               0.000     8.500 r  CLK (IN)
                         net (fo=0)                   0.000     8.500    CLK
    P23                  IBUF (Prop_ibuf_I_O)         0.769     9.269 r  CLK_IBUF_inst/O
                         net (fo=1, routed)           2.040    11.309    CLK_IBUF
    BUFGCTRL_X0Y0        BUFG (Prop_bufg_I_O)         0.113    11.422 r  CLK_IBUF_BUFG_inst/O
                         net (fo=230, routed)         1.345    12.767    REG_Y_1/GEN[30].FF_D_i/CLK_IBUF_BUFG
    SLICE_X0Y64          FDCE                                         r  REG_Y_1/GEN[30].FF_D_i/Q_reg/C
                         clock pessimism              0.265    13.032    
                         clock uncertainty           -0.035    12.997    
    SLICE_X0Y64          FDCE (Setup_fdce_C_D)       -0.032    12.965    REG_Y_1/GEN[30].FF_D_i/Q_reg
  -------------------------------------------------------------------
                         required time                         12.965    
                         arrival time                         -11.498    
  -------------------------------------------------------------------
                         slack                                  1.467    

Slack (MET) :             1.643ns  (required time - arrival time)
  Source:                 PIPE_REG_SUM1/GEN[6].FF_D_i/Q_reg/C
                            (rising edge-triggered cell FDCE clocked by sys_clk  {rise@0.000ns fall@4.250ns period=8.500ns})
  Destination:            REG_Y_1/GEN[31].FF_D_i/Q_reg_lopt_replica/D
                            (rising edge-triggered cell FDCE clocked by sys_clk  {rise@0.000ns fall@4.250ns period=8.500ns})
  Path Group:             sys_clk
  Path Type:              Setup (Max at Slow Process Corner)
  Requirement:            8.500ns  (sys_clk rise@8.500ns - sys_clk rise@0.000ns)
  Data Path Delay:        6.804ns  (logic 1.299ns (19.092%)  route 5.505ns (80.908%))
  Logic Levels:           15  (LUT3=2 LUT6=13)
  Clock Path Skew:        0.027ns (DCD - SCD + CPR)
    Destination Clock Delay (DCD):    4.267ns = ( 12.767 - 8.500 ) 
    Source Clock Delay      (SCD):    4.505ns
    Clock Pessimism Removal (CPR):    0.265ns
  Clock Uncertainty:      0.035ns  ((TSJ^2 + TIJ^2)^1/2 + DJ) / 2 + PE
    Total System Jitter     (TSJ):    0.071ns
    Total Input Jitter      (TIJ):    0.000ns
    Discrete Jitter          (DJ):    0.000ns
    Phase Error              (PE):    0.000ns

    Location             Delay type                Incr(ns)  Path(ns)    Netlist Resource(s)
  -------------------------------------------------------------------    -------------------
                         (clock sys_clk rise edge)    0.000     0.000 r  
    P23                                               0.000     0.000 r  CLK (IN)
                         net (fo=0)                   0.000     0.000    CLK
    P23                  IBUF (Prop_ibuf_I_O)         0.845     0.845 r  CLK_IBUF_inst/O
                         net (fo=1, routed)           2.140     2.985    CLK_IBUF
    BUFGCTRL_X0Y0        BUFG (Prop_bufg_I_O)         0.120     3.105 r  CLK_IBUF_BUFG_inst/O
                         net (fo=230, routed)         1.400     4.505    PIPE_REG_SUM1/GEN[6].FF_D_i/CLK_IBUF_BUFG
    SLICE_X8Y57          FDCE                                         r  PIPE_REG_SUM1/GEN[6].FF_D_i/Q_reg/C
  -------------------------------------------------------------------    -------------------
    SLICE_X8Y57          FDCE (Prop_fdce_C_Q)         0.282     4.787 f  PIPE_REG_SUM1/GEN[6].FF_D_i/Q_reg/Q
                         net (fo=7, routed)           0.746     5.533    PIPE_REG_SUM1/GEN[6].FF_D_i/Q_reg_0[0]
    SLICE_X7Y57          LUT6 (Prop_lut6_I0_O)        0.157     5.690 f  PIPE_REG_SUM1/GEN[6].FF_D_i/Q_i_6__25/O
                         net (fo=1, routed)           0.310     5.999    PIPE_REG_SUM1/GEN[10].FF_D_i/Q_i_4__36_0
    SLICE_X6Y57          LUT3 (Prop_lut3_I2_O)        0.053     6.052 f  PIPE_REG_SUM1/GEN[10].FF_D_i/Q_i_5__28/O
                         net (fo=3, routed)           0.537     6.590    PIPE_REG_SUM1/GEN[3].FF_D_i/Q_reg_4
    SLICE_X6Y56          LUT3 (Prop_lut3_I2_O)        0.056     6.646 r  PIPE_REG_SUM1/GEN[3].FF_D_i/Q_i_4__36/O
                         net (fo=2, routed)           0.596     7.242    PIPE_REG_SUM1/GEN[5].FF_D_i/Q_i_12__5_0
    SLICE_X6Y56          LUT6 (Prop_lut6_I1_O)        0.168     7.410 f  PIPE_REG_SUM1/GEN[5].FF_D_i/Q_i_16__2/O
                         net (fo=1, routed)           0.231     7.640    PIPE_REG_SUM1/GEN[5].FF_D_i/Q_i_16__2_n_0
    SLICE_X5Y56          LUT6 (Prop_lut6_I1_O)        0.053     7.693 r  PIPE_REG_SUM1/GEN[5].FF_D_i/Q_i_12__5/O
                         net (fo=2, routed)           0.318     8.012    PIPE_REG_SUM1/GEN[17].FF_D_i/Q_i_12__4_3
    SLICE_X3Y57          LUT6 (Prop_lut6_I5_O)        0.053     8.065 f  PIPE_REG_SUM1/GEN[17].FF_D_i/Q_i_16__1/O
                         net (fo=1, routed)           0.232     8.296    PIPE_REG_SUM1/GEN[9].FF_D_i/Q_i_16__0
    SLICE_X3Y58          LUT6 (Prop_lut6_I1_O)        0.053     8.349 r  PIPE_REG_SUM1/GEN[9].FF_D_i/Q_i_12__4/O
                         net (fo=2, routed)           0.244     8.594    PIPE_REG_SUM1/GEN[15].FF_D_i/Q_i_12__3_4
    SLICE_X3Y59          LUT6 (Prop_lut6_I5_O)        0.053     8.647 f  PIPE_REG_SUM1/GEN[15].FF_D_i/Q_i_16__0/O
                         net (fo=1, routed)           0.352     8.998    PIPE_REG_SUM1/GEN[15].FF_D_i/Q_i_16__0_n_0
    SLICE_X4Y60          LUT6 (Prop_lut6_I1_O)        0.053     9.051 r  PIPE_REG_SUM1/GEN[15].FF_D_i/Q_i_12__3/O
                         net (fo=2, routed)           0.300     9.351    PIPE_REG_SUM1/GEN[20].FF_D_i/Q_i_10__10_4
    SLICE_X5Y60          LUT6 (Prop_lut6_I5_O)        0.053     9.404 f  PIPE_REG_SUM1/GEN[20].FF_D_i/Q_i_14__1/O
                         net (fo=1, routed)           0.254     9.658    PIPE_REG_SUM1/GEN[20].FF_D_i/Q_i_14__1_n_0
    SLICE_X3Y61          LUT6 (Prop_lut6_I1_O)        0.053     9.711 r  PIPE_REG_SUM1/GEN[20].FF_D_i/Q_i_10__10/O
                         net (fo=1, routed)           0.315    10.027    PIPE_REG_SUM1/GEN[20].FF_D_i/Q_i_10__10_n_0
    SLICE_X2Y62          LUT6 (Prop_lut6_I0_O)        0.053    10.080 r  PIPE_REG_SUM1/GEN[20].FF_D_i/Q_i_7__15/O
                         net (fo=1, routed)           0.240    10.319    PIPE_REG_SUM1/GEN[20].FF_D_i/Q_i_7__15_n_0
    SLICE_X2Y63          LUT6 (Prop_lut6_I0_O)        0.053    10.372 r  PIPE_REG_SUM1/GEN[20].FF_D_i/Q_i_5__22/O
                         net (fo=1, routed)           0.296    10.668    PIPE_REG_SUM1/GEN[20].FF_D_i/Q_i_5__22_n_0
    SLICE_X1Y63          LUT6 (Prop_lut6_I0_O)        0.053    10.721 r  PIPE_REG_SUM1/GEN[20].FF_D_i/Q_i_3__33/O
                         net (fo=3, routed)           0.238    10.959    PIPE_REG_SUM1/GEN[29].FF_D_i/Q_reg_7
    SLICE_X1Y64          LUT6 (Prop_lut6_I4_O)        0.053    11.012 r  PIPE_REG_SUM1/GEN[29].FF_D_i/Q_i_1__58/O
                         net (fo=2, routed)           0.297    11.309    REG_Y_1/GEN[31].FF_D_i/Y_to_reg[0]
    SLICE_X1Y64          FDCE                                         r  REG_Y_1/GEN[31].FF_D_i/Q_reg_lopt_replica/D
  -------------------------------------------------------------------    -------------------

                         (clock sys_clk rise edge)    8.500     8.500 r  
    P23                                               0.000     8.500 r  CLK (IN)
                         net (fo=0)                   0.000     8.500    CLK
    P23                  IBUF (Prop_ibuf_I_O)         0.769     9.269 r  CLK_IBUF_inst/O
                         net (fo=1, routed)           2.040    11.309    CLK_IBUF
    BUFGCTRL_X0Y0        BUFG (Prop_bufg_I_O)         0.113    11.422 r  CLK_IBUF_BUFG_inst/O
                         net (fo=230, routed)         1.345    12.767    REG_Y_1/GEN[31].FF_D_i/CLK_IBUF_BUFG
    SLICE_X1Y64          FDCE                                         r  REG_Y_1/GEN[31].FF_D_i/Q_reg_lopt_replica/C
                         clock pessimism              0.265    13.032    
                         clock uncertainty           -0.035    12.997    
    SLICE_X1Y64          FDCE (Setup_fdce_C_D)       -0.045    12.952    REG_Y_1/GEN[31].FF_D_i/Q_reg_lopt_replica
  -------------------------------------------------------------------
                         required time                         12.952    
                         arrival time                         -11.309    
  -------------------------------------------------------------------
                         slack                                  1.643    

Slack (MET) :             1.651ns  (required time - arrival time)
  Source:                 REG_K/GEN[1].FF_D_i/Q_reg/C
                            (rising edge-triggered cell FDCE clocked by sys_clk  {rise@0.000ns fall@4.250ns period=8.500ns})
  Destination:            PIPE_REG_SUM1/GEN[31].FF_D_i/Q_reg/D
                            (rising edge-triggered cell FDCE clocked by sys_clk  {rise@0.000ns fall@4.250ns period=8.500ns})
  Path Group:             sys_clk
  Path Type:              Setup (Max at Slow Process Corner)
  Requirement:            8.500ns  (sys_clk rise@8.500ns - sys_clk rise@0.000ns)
  Data Path Delay:        6.909ns  (logic 1.231ns (17.816%)  route 5.678ns (82.184%))
  Logic Levels:           15  (LUT3=1 LUT6=14)
  Clock Path Skew:        0.025ns (DCD - SCD + CPR)
    Destination Clock Delay (DCD):    4.266ns = ( 12.766 - 8.500 ) 
    Source Clock Delay      (SCD):    4.506ns
    Clock Pessimism Removal (CPR):    0.265ns
  Clock Uncertainty:      0.035ns  ((TSJ^2 + TIJ^2)^1/2 + DJ) / 2 + PE
    Total System Jitter     (TSJ):    0.071ns
    Total Input Jitter      (TIJ):    0.000ns
    Discrete Jitter          (DJ):    0.000ns
    Phase Error              (PE):    0.000ns

    Location             Delay type                Incr(ns)  Path(ns)    Netlist Resource(s)
  -------------------------------------------------------------------    -------------------
                         (clock sys_clk rise edge)    0.000     0.000 r  
    P23                                               0.000     0.000 r  CLK (IN)
                         net (fo=0)                   0.000     0.000    CLK
    P23                  IBUF (Prop_ibuf_I_O)         0.845     0.845 r  CLK_IBUF_inst/O
                         net (fo=1, routed)           2.140     2.985    CLK_IBUF
    BUFGCTRL_X0Y0        BUFG (Prop_bufg_I_O)         0.120     3.105 r  CLK_IBUF_BUFG_inst/O
                         net (fo=230, routed)         1.401     4.506    REG_K/GEN[1].FF_D_i/CLK_IBUF_BUFG
    SLICE_X8Y54          FDCE                                         r  REG_K/GEN[1].FF_D_i/Q_reg/C
  -------------------------------------------------------------------    -------------------
    SLICE_X8Y54          FDCE (Prop_fdce_C_Q)         0.308     4.814 r  REG_K/GEN[1].FF_D_i/Q_reg/Q
                         net (fo=106, routed)         0.916     5.730    REG_Y_2/GEN[7].FF_D_i/S[1]
    SLICE_X12Y56         LUT6 (Prop_lut6_I2_O)        0.053     5.783 f  REG_Y_2/GEN[7].FF_D_i/Q_i_4__8/O
                         net (fo=3, routed)           0.690     6.473    REG_Y_2/GEN[7].FF_D_i/Q_reg_4
    SLICE_X11Y55         LUT3 (Prop_lut3_I0_O)        0.064     6.537 f  REG_Y_2/GEN[7].FF_D_i/Q_i_2__10/O
                         net (fo=4, routed)           0.465     7.002    REG_Y_2/GEN[7].FF_D_i/Q_i_2__10_n_0
    SLICE_X10Y55         LUT6 (Prop_lut6_I0_O)        0.170     7.172 r  REG_Y_2/GEN[7].FF_D_i/Q_i_2__9/O
                         net (fo=4, routed)           0.442     7.614    REG_Y_2/GEN[10].FF_D_i/Q_reg_11
    SLICE_X11Y57         LUT6 (Prop_lut6_I5_O)        0.053     7.667 f  REG_Y_2/GEN[10].FF_D_i/Q_i_10__2/O
                         net (fo=1, routed)           0.127     7.794    REG_Y_2/GEN[13].FF_D_i/Q_i_10__1_0
    SLICE_X11Y57         LUT6 (Prop_lut6_I1_O)        0.053     7.847 r  REG_Y_2/GEN[13].FF_D_i/Q_i_7__4/O
                         net (fo=2, routed)           0.238     8.086    REG_Y_2/GEN[17].FF_D_i/Q_i_7__3_3
    SLICE_X11Y58         LUT6 (Prop_lut6_I5_O)        0.053     8.139 f  REG_Y_2/GEN[17].FF_D_i/Q_i_10__1/O
                         net (fo=1, routed)           0.232     8.370    REG_Y_2/GEN[18].FF_D_i/Q_i_18_0
    SLICE_X11Y59         LUT6 (Prop_lut6_I1_O)        0.053     8.423 r  REG_Y_2/GEN[18].FF_D_i/Q_i_7__3/O
                         net (fo=2, routed)           0.358     8.781    REG_Y_2/GEN[22].FF_D_i/Q_i_15_3
    SLICE_X13Y60         LUT6 (Prop_lut6_I5_O)        0.053     8.834 f  REG_Y_2/GEN[22].FF_D_i/Q_i_18/O
                         net (fo=1, routed)           0.297     9.131    REG_Y_2/GEN[23].FF_D_i/Q_i_14_0
    SLICE_X13Y61         LUT6 (Prop_lut6_I1_O)        0.053     9.184 r  REG_Y_2/GEN[23].FF_D_i/Q_i_15/O
                         net (fo=2, routed)           0.286     9.470    REG_Y_2/GEN[27].FF_D_i/Q_i_11__1_3
    SLICE_X13Y62         LUT6 (Prop_lut6_I5_O)        0.053     9.523 f  REG_Y_2/GEN[27].FF_D_i/Q_i_14/O
                         net (fo=1, routed)           0.454     9.977    REG_Y_2/GEN[19].FF_D_i/Q_i_10
    SLICE_X11Y64         LUT6 (Prop_lut6_I1_O)        0.053    10.030 r  REG_Y_2/GEN[19].FF_D_i/Q_i_11__1/O
                         net (fo=2, routed)           0.347    10.377    REG_Y_2/GEN[31].FF_D_i/Q_i_5_2
    SLICE_X9Y63          LUT6 (Prop_lut6_I5_O)        0.053    10.430 f  REG_Y_2/GEN[31].FF_D_i/Q_i_10/O
                         net (fo=1, routed)           0.194    10.624    REG_Y_2/GEN[24].FF_D_i/Q_i_4_0
    SLICE_X9Y63          LUT6 (Prop_lut6_I1_O)        0.053    10.677 r  REG_Y_2/GEN[24].FF_D_i/Q_i_5/O
                         net (fo=1, routed)           0.285    10.962    REG_Y_2/GEN[24].FF_D_i/Q_i_5_n_0
    SLICE_X8Y63          LUT6 (Prop_lut6_I0_O)        0.053    11.015 r  REG_Y_2/GEN[24].FF_D_i/Q_i_4/O
                         net (fo=1, routed)           0.347    11.362    REG_K/GEN[1].FF_D_i/Q_reg_5
    SLICE_X6Y64          LUT6 (Prop_lut6_I4_O)        0.053    11.415 r  REG_K/GEN[1].FF_D_i/Q_i_1__0/O
                         net (fo=1, routed)           0.000    11.415    PIPE_REG_SUM1/GEN[31].FF_D_i/SUM_1[0]
    SLICE_X6Y64          FDCE                                         r  PIPE_REG_SUM1/GEN[31].FF_D_i/Q_reg/D
  -------------------------------------------------------------------    -------------------

                         (clock sys_clk rise edge)    8.500     8.500 r  
    P23                                               0.000     8.500 r  CLK (IN)
                         net (fo=0)                   0.000     8.500    CLK
    P23                  IBUF (Prop_ibuf_I_O)         0.769     9.269 r  CLK_IBUF_inst/O
                         net (fo=1, routed)           2.040    11.309    CLK_IBUF
    BUFGCTRL_X0Y0        BUFG (Prop_bufg_I_O)         0.113    11.422 r  CLK_IBUF_BUFG_inst/O
                         net (fo=230, routed)         1.344    12.766    PIPE_REG_SUM1/GEN[31].FF_D_i/CLK_IBUF_BUFG
    SLICE_X6Y64          FDCE                                         r  PIPE_REG_SUM1/GEN[31].FF_D_i/Q_reg/C
                         clock pessimism              0.265    13.031    
                         clock uncertainty           -0.035    12.996    
    SLICE_X6Y64          FDCE (Setup_fdce_C_D)        0.071    13.067    PIPE_REG_SUM1/GEN[31].FF_D_i/Q_reg
  -------------------------------------------------------------------
                         required time                         13.067    
                         arrival time                         -11.415    
  -------------------------------------------------------------------
                         slack                                  1.651    





Min Delay Paths
--------------------------------------------------------------------------------------
Slack (MET) :             0.157ns  (arrival time - required time)
  Source:                 PIPE_REG_Y_1/GEN[2].FF_D_i/Q_reg/C
                            (rising edge-triggered cell FDCE clocked by sys_clk  {rise@0.000ns fall@4.250ns period=8.500ns})
  Destination:            REG_Y_2/GEN[2].FF_D_i/Q_reg/D
                            (rising edge-triggered cell FDCE clocked by sys_clk  {rise@0.000ns fall@4.250ns period=8.500ns})
  Path Group:             sys_clk
  Path Type:              Hold (Min at Fast Process Corner)
  Requirement:            0.000ns  (sys_clk rise@0.000ns - sys_clk rise@0.000ns)
  Data Path Delay:        0.200ns  (logic 0.100ns (50.053%)  route 0.100ns (49.947%))
  Logic Levels:           0  
  Clock Path Skew:        0.000ns (DCD - SCD - CPR)
    Destination Clock Delay (DCD):    2.066ns
    Source Clock Delay      (SCD):    1.549ns
    Clock Pessimism Removal (CPR):    0.517ns

    Location             Delay type                Incr(ns)  Path(ns)    Netlist Resource(s)
  -------------------------------------------------------------------    -------------------
                         (clock sys_clk rise edge)    0.000     0.000 r  
    P23                                               0.000     0.000 r  CLK (IN)
                         net (fo=0)                   0.000     0.000    CLK
    P23                  IBUF (Prop_ibuf_I_O)         0.109     0.109 r  CLK_IBUF_inst/O
                         net (fo=1, routed)           0.863     0.972    CLK_IBUF
    BUFGCTRL_X0Y0        BUFG (Prop_bufg_I_O)         0.026     0.998 r  CLK_IBUF_BUFG_inst/O
                         net (fo=230, routed)         0.551     1.549    PIPE_REG_Y_1/GEN[2].FF_D_i/CLK_IBUF_BUFG
    SLICE_X11Y55         FDCE                                         r  PIPE_REG_Y_1/GEN[2].FF_D_i/Q_reg/C
  -------------------------------------------------------------------    -------------------
    SLICE_X11Y55         FDCE (Prop_fdce_C_Q)         0.100     1.649 r  PIPE_REG_Y_1/GEN[2].FF_D_i/Q_reg/Q
                         net (fo=1, routed)           0.100     1.749    REG_Y_2/GEN[2].FF_D_i/Q_reg_0
    SLICE_X11Y55         FDCE                                         r  REG_Y_2/GEN[2].FF_D_i/Q_reg/D
  -------------------------------------------------------------------    -------------------

                         (clock sys_clk rise edge)    0.000     0.000 r  
    P23                                               0.000     0.000 r  CLK (IN)
                         net (fo=0)                   0.000     0.000    CLK
    P23                  IBUF (Prop_ibuf_I_O)         0.357     0.357 r  CLK_IBUF_inst/O
                         net (fo=1, routed)           0.928     1.285    CLK_IBUF
    BUFGCTRL_X0Y0        BUFG (Prop_bufg_I_O)         0.030     1.315 r  CLK_IBUF_BUFG_inst/O
                         net (fo=230, routed)         0.751     2.066    REG_Y_2/GEN[2].FF_D_i/CLK_IBUF_BUFG
    SLICE_X11Y55         FDCE                                         r  REG_Y_2/GEN[2].FF_D_i/Q_reg/C
                         clock pessimism             -0.517     1.549    
    SLICE_X11Y55         FDCE (Hold_fdce_C_D)         0.043     1.592    REG_Y_2/GEN[2].FF_D_i/Q_reg
  -------------------------------------------------------------------
                         required time                         -1.592    
                         arrival time                           1.749    
  -------------------------------------------------------------------
                         slack                                  0.157    

Slack (MET) :             0.157ns  (arrival time - required time)
  Source:                 PIPE_REG_Y_1/GEN[31].FF_D_i/Q_reg/C
                            (rising edge-triggered cell FDCE clocked by sys_clk  {rise@0.000ns fall@4.250ns period=8.500ns})
  Destination:            REG_Y_2/GEN[31].FF_D_i/Q_reg/D
                            (rising edge-triggered cell FDCE clocked by sys_clk  {rise@0.000ns fall@4.250ns period=8.500ns})
  Path Group:             sys_clk
  Path Type:              Hold (Min at Fast Process Corner)
  Requirement:            0.000ns  (sys_clk rise@0.000ns - sys_clk rise@0.000ns)
  Data Path Delay:        0.200ns  (logic 0.100ns (50.053%)  route 0.100ns (49.947%))
  Logic Levels:           0  
  Clock Path Skew:        0.000ns (DCD - SCD - CPR)
    Destination Clock Delay (DCD):    2.091ns
    Source Clock Delay      (SCD):    1.574ns
    Clock Pessimism Removal (CPR):    0.517ns

    Location             Delay type                Incr(ns)  Path(ns)    Netlist Resource(s)
  -------------------------------------------------------------------    -------------------
                         (clock sys_clk rise edge)    0.000     0.000 r  
    P23                                               0.000     0.000 r  CLK (IN)
                         net (fo=0)                   0.000     0.000    CLK
    P23                  IBUF (Prop_ibuf_I_O)         0.109     0.109 r  CLK_IBUF_inst/O
                         net (fo=1, routed)           0.863     0.972    CLK_IBUF
    BUFGCTRL_X0Y0        BUFG (Prop_bufg_I_O)         0.026     0.998 r  CLK_IBUF_BUFG_inst/O
                         net (fo=230, routed)         0.576     1.574    PIPE_REG_Y_1/GEN[31].FF_D_i/CLK_IBUF_BUFG
    SLICE_X7Y65          FDCE                                         r  PIPE_REG_Y_1/GEN[31].FF_D_i/Q_reg/C
  -------------------------------------------------------------------    -------------------
    SLICE_X7Y65          FDCE (Prop_fdce_C_Q)         0.100     1.674 r  PIPE_REG_Y_1/GEN[31].FF_D_i/Q_reg/Q
                         net (fo=1, routed)           0.100     1.774    REG_Y_2/GEN[31].FF_D_i/Q_reg_9
    SLICE_X7Y65          FDCE                                         r  REG_Y_2/GEN[31].FF_D_i/Q_reg/D
  -------------------------------------------------------------------    -------------------

                         (clock sys_clk rise edge)    0.000     0.000 r  
    P23                                               0.000     0.000 r  CLK (IN)
                         net (fo=0)                   0.000     0.000    CLK
    P23                  IBUF (Prop_ibuf_I_O)         0.357     0.357 r  CLK_IBUF_inst/O
                         net (fo=1, routed)           0.928     1.285    CLK_IBUF
    BUFGCTRL_X0Y0        BUFG (Prop_bufg_I_O)         0.030     1.315 r  CLK_IBUF_BUFG_inst/O
                         net (fo=230, routed)         0.776     2.091    REG_Y_2/GEN[31].FF_D_i/CLK_IBUF_BUFG
    SLICE_X7Y65          FDCE                                         r  REG_Y_2/GEN[31].FF_D_i/Q_reg/C
                         clock pessimism             -0.517     1.574    
    SLICE_X7Y65          FDCE (Hold_fdce_C_D)         0.043     1.617    REG_Y_2/GEN[31].FF_D_i/Q_reg
  -------------------------------------------------------------------
                         required time                         -1.617    
                         arrival time                           1.774    
  -------------------------------------------------------------------
                         slack                                  0.157    

Slack (MET) :             0.157ns  (arrival time - required time)
  Source:                 PIPE_REG_Y_1/GEN[4].FF_D_i/Q_reg/C
                            (rising edge-triggered cell FDCE clocked by sys_clk  {rise@0.000ns fall@4.250ns period=8.500ns})
  Destination:            REG_Y_2/GEN[4].FF_D_i/Q_reg/D
                            (rising edge-triggered cell FDCE clocked by sys_clk  {rise@0.000ns fall@4.250ns period=8.500ns})
  Path Group:             sys_clk
  Path Type:              Hold (Min at Fast Process Corner)
  Requirement:            0.000ns  (sys_clk rise@0.000ns - sys_clk rise@0.000ns)
  Data Path Delay:        0.200ns  (logic 0.100ns (50.053%)  route 0.100ns (49.947%))
  Logic Levels:           0  
  Clock Path Skew:        0.000ns (DCD - SCD - CPR)
    Destination Clock Delay (DCD):    2.065ns
    Source Clock Delay      (SCD):    1.547ns
    Clock Pessimism Removal (CPR):    0.518ns

    Location             Delay type                Incr(ns)  Path(ns)    Netlist Resource(s)
  -------------------------------------------------------------------    -------------------
                         (clock sys_clk rise edge)    0.000     0.000 r  
    P23                                               0.000     0.000 r  CLK (IN)
                         net (fo=0)                   0.000     0.000    CLK
    P23                  IBUF (Prop_ibuf_I_O)         0.109     0.109 r  CLK_IBUF_inst/O
                         net (fo=1, routed)           0.863     0.972    CLK_IBUF
    BUFGCTRL_X0Y0        BUFG (Prop_bufg_I_O)         0.026     0.998 r  CLK_IBUF_BUFG_inst/O
                         net (fo=230, routed)         0.549     1.547    PIPE_REG_Y_1/GEN[4].FF_D_i/CLK_IBUF_BUFG
    SLICE_X13Y57         FDCE                                         r  PIPE_REG_Y_1/GEN[4].FF_D_i/Q_reg/C
  -------------------------------------------------------------------    -------------------
    SLICE_X13Y57         FDCE (Prop_fdce_C_Q)         0.100     1.647 r  PIPE_REG_Y_1/GEN[4].FF_D_i/Q_reg/Q
                         net (fo=1, routed)           0.100     1.747    REG_Y_2/GEN[4].FF_D_i/Q_reg_5
    SLICE_X13Y57         FDCE                                         r  REG_Y_2/GEN[4].FF_D_i/Q_reg/D
  -------------------------------------------------------------------    -------------------

                         (clock sys_clk rise edge)    0.000     0.000 r  
    P23                                               0.000     0.000 r  CLK (IN)
                         net (fo=0)                   0.000     0.000    CLK
    P23                  IBUF (Prop_ibuf_I_O)         0.357     0.357 r  CLK_IBUF_inst/O
                         net (fo=1, routed)           0.928     1.285    CLK_IBUF
    BUFGCTRL_X0Y0        BUFG (Prop_bufg_I_O)         0.030     1.315 r  CLK_IBUF_BUFG_inst/O
                         net (fo=230, routed)         0.750     2.065    REG_Y_2/GEN[4].FF_D_i/CLK_IBUF_BUFG
    SLICE_X13Y57         FDCE                                         r  REG_Y_2/GEN[4].FF_D_i/Q_reg/C
                         clock pessimism             -0.518     1.547    
    SLICE_X13Y57         FDCE (Hold_fdce_C_D)         0.043     1.590    REG_Y_2/GEN[4].FF_D_i/Q_reg
  -------------------------------------------------------------------
                         required time                         -1.590    
                         arrival time                           1.747    
  -------------------------------------------------------------------
                         slack                                  0.157    

Slack (MET) :             0.179ns  (arrival time - required time)
  Source:                 PIPE_REG_Y_1/GEN[28].FF_D_i/Q_reg/C
                            (rising edge-triggered cell FDCE clocked by sys_clk  {rise@0.000ns fall@4.250ns period=8.500ns})
  Destination:            REG_Y_2/GEN[28].FF_D_i/Q_reg/D
                            (rising edge-triggered cell FDCE clocked by sys_clk  {rise@0.000ns fall@4.250ns period=8.500ns})
  Path Group:             sys_clk
  Path Type:              Hold (Min at Fast Process Corner)
  Requirement:            0.000ns  (sys_clk rise@0.000ns - sys_clk rise@0.000ns)
  Data Path Delay:        0.219ns  (logic 0.118ns (53.934%)  route 0.101ns (46.066%))
  Logic Levels:           0  
  Clock Path Skew:        0.000ns (DCD - SCD - CPR)
    Destination Clock Delay (DCD):    2.059ns
    Source Clock Delay      (SCD):    1.544ns
    Clock Pessimism Removal (CPR):    0.515ns

    Location             Delay type                Incr(ns)  Path(ns)    Netlist Resource(s)
  -------------------------------------------------------------------    -------------------
                         (clock sys_clk rise edge)    0.000     0.000 r  
    P23                                               0.000     0.000 r  CLK (IN)
                         net (fo=0)                   0.000     0.000    CLK
    P23                  IBUF (Prop_ibuf_I_O)         0.109     0.109 r  CLK_IBUF_inst/O
                         net (fo=1, routed)           0.863     0.972    CLK_IBUF
    BUFGCTRL_X0Y0        BUFG (Prop_bufg_I_O)         0.026     0.998 r  CLK_IBUF_BUFG_inst/O
                         net (fo=230, routed)         0.546     1.544    PIPE_REG_Y_1/GEN[28].FF_D_i/CLK_IBUF_BUFG
    SLICE_X8Y66          FDCE                                         r  PIPE_REG_Y_1/GEN[28].FF_D_i/Q_reg/C
  -------------------------------------------------------------------    -------------------
    SLICE_X8Y66          FDCE (Prop_fdce_C_Q)         0.118     1.662 r  PIPE_REG_Y_1/GEN[28].FF_D_i/Q_reg/Q
                         net (fo=1, routed)           0.101     1.763    REG_Y_2/GEN[28].FF_D_i/Q_reg_4
    SLICE_X8Y66          FDCE                                         r  REG_Y_2/GEN[28].FF_D_i/Q_reg/D
  -------------------------------------------------------------------    -------------------

                         (clock sys_clk rise edge)    0.000     0.000 r  
    P23                                               0.000     0.000 r  CLK (IN)
                         net (fo=0)                   0.000     0.000    CLK
    P23                  IBUF (Prop_ibuf_I_O)         0.357     0.357 r  CLK_IBUF_inst/O
                         net (fo=1, routed)           0.928     1.285    CLK_IBUF
    BUFGCTRL_X0Y0        BUFG (Prop_bufg_I_O)         0.030     1.315 r  CLK_IBUF_BUFG_inst/O
                         net (fo=230, routed)         0.744     2.059    REG_Y_2/GEN[28].FF_D_i/CLK_IBUF_BUFG
    SLICE_X8Y66          FDCE                                         r  REG_Y_2/GEN[28].FF_D_i/Q_reg/C
                         clock pessimism             -0.515     1.544    
    SLICE_X8Y66          FDCE (Hold_fdce_C_D)         0.040     1.584    REG_Y_2/GEN[28].FF_D_i/Q_reg
  -------------------------------------------------------------------
                         required time                         -1.584    
                         arrival time                           1.763    
  -------------------------------------------------------------------
                         slack                                  0.179    

Slack (MET) :             0.179ns  (arrival time - required time)
  Source:                 PIPE_REG_Y_1/GEN[5].FF_D_i/Q_reg/C
                            (rising edge-triggered cell FDCE clocked by sys_clk  {rise@0.000ns fall@4.250ns period=8.500ns})
  Destination:            REG_Y_2/GEN[5].FF_D_i/Q_reg/D
                            (rising edge-triggered cell FDCE clocked by sys_clk  {rise@0.000ns fall@4.250ns period=8.500ns})
  Path Group:             sys_clk
  Path Type:              Hold (Min at Fast Process Corner)
  Requirement:            0.000ns  (sys_clk rise@0.000ns - sys_clk rise@0.000ns)
  Data Path Delay:        0.219ns  (logic 0.118ns (53.934%)  route 0.101ns (46.066%))
  Logic Levels:           0  
  Clock Path Skew:        0.000ns (DCD - SCD - CPR)
    Destination Clock Delay (DCD):    2.066ns
    Source Clock Delay      (SCD):    1.549ns
    Clock Pessimism Removal (CPR):    0.517ns

    Location             Delay type                Incr(ns)  Path(ns)    Netlist Resource(s)
  -------------------------------------------------------------------    -------------------
                         (clock sys_clk rise edge)    0.000     0.000 r  
    P23                                               0.000     0.000 r  CLK (IN)
                         net (fo=0)                   0.000     0.000    CLK
    P23                  IBUF (Prop_ibuf_I_O)         0.109     0.109 r  CLK_IBUF_inst/O
                         net (fo=1, routed)           0.863     0.972    CLK_IBUF
    BUFGCTRL_X0Y0        BUFG (Prop_bufg_I_O)         0.026     0.998 r  CLK_IBUF_BUFG_inst/O
                         net (fo=230, routed)         0.551     1.549    PIPE_REG_Y_1/GEN[5].FF_D_i/CLK_IBUF_BUFG
    SLICE_X10Y56         FDCE                                         r  PIPE_REG_Y_1/GEN[5].FF_D_i/Q_reg/C
  -------------------------------------------------------------------    -------------------
    SLICE_X10Y56         FDCE (Prop_fdce_C_Q)         0.118     1.667 r  PIPE_REG_Y_1/GEN[5].FF_D_i/Q_reg/Q
                         net (fo=1, routed)           0.101     1.768    REG_Y_2/GEN[5].FF_D_i/Q_reg_2
    SLICE_X10Y56         FDCE                                         r  REG_Y_2/GEN[5].FF_D_i/Q_reg/D
  -------------------------------------------------------------------    -------------------

                         (clock sys_clk rise edge)    0.000     0.000 r  
    P23                                               0.000     0.000 r  CLK (IN)
                         net (fo=0)                   0.000     0.000    CLK
    P23                  IBUF (Prop_ibuf_I_O)         0.357     0.357 r  CLK_IBUF_inst/O
                         net (fo=1, routed)           0.928     1.285    CLK_IBUF
    BUFGCTRL_X0Y0        BUFG (Prop_bufg_I_O)         0.030     1.315 r  CLK_IBUF_BUFG_inst/O
                         net (fo=230, routed)         0.751     2.066    REG_Y_2/GEN[5].FF_D_i/CLK_IBUF_BUFG
    SLICE_X10Y56         FDCE                                         r  REG_Y_2/GEN[5].FF_D_i/Q_reg/C
                         clock pessimism             -0.517     1.549    
    SLICE_X10Y56         FDCE (Hold_fdce_C_D)         0.040     1.589    REG_Y_2/GEN[5].FF_D_i/Q_reg
  -------------------------------------------------------------------
                         required time                         -1.589    
                         arrival time                           1.768    
  -------------------------------------------------------------------
                         slack                                  0.179    

Slack (MET) :             0.179ns  (arrival time - required time)
  Source:                 PIPE_REG_Y_1/GEN[8].FF_D_i/Q_reg/C
                            (rising edge-triggered cell FDCE clocked by sys_clk  {rise@0.000ns fall@4.250ns period=8.500ns})
  Destination:            REG_Y_2/GEN[8].FF_D_i/Q_reg/D
                            (rising edge-triggered cell FDCE clocked by sys_clk  {rise@0.000ns fall@4.250ns period=8.500ns})
  Path Group:             sys_clk
  Path Type:              Hold (Min at Fast Process Corner)
  Requirement:            0.000ns  (sys_clk rise@0.000ns - sys_clk rise@0.000ns)
  Data Path Delay:        0.219ns  (logic 0.118ns (53.934%)  route 0.101ns (46.066%))
  Logic Levels:           0  
  Clock Path Skew:        0.000ns (DCD - SCD - CPR)
    Destination Clock Delay (DCD):    2.066ns
    Source Clock Delay      (SCD):    1.548ns
    Clock Pessimism Removal (CPR):    0.518ns

    Location             Delay type                Incr(ns)  Path(ns)    Netlist Resource(s)
  -------------------------------------------------------------------    -------------------
                         (clock sys_clk rise edge)    0.000     0.000 r  
    P23                                               0.000     0.000 r  CLK (IN)
                         net (fo=0)                   0.000     0.000    CLK
    P23                  IBUF (Prop_ibuf_I_O)         0.109     0.109 r  CLK_IBUF_inst/O
                         net (fo=1, routed)           0.863     0.972    CLK_IBUF
    BUFGCTRL_X0Y0        BUFG (Prop_bufg_I_O)         0.026     0.998 r  CLK_IBUF_BUFG_inst/O
                         net (fo=230, routed)         0.550     1.548    PIPE_REG_Y_1/GEN[8].FF_D_i/CLK_IBUF_BUFG
    SLICE_X12Y56         FDCE                                         r  PIPE_REG_Y_1/GEN[8].FF_D_i/Q_reg/C
  -------------------------------------------------------------------    -------------------
    SLICE_X12Y56         FDCE (Prop_fdce_C_Q)         0.118     1.666 r  PIPE_REG_Y_1/GEN[8].FF_D_i/Q_reg/Q
                         net (fo=1, routed)           0.101     1.767    REG_Y_2/GEN[8].FF_D_i/Q_reg_5
    SLICE_X12Y56         FDCE                                         r  REG_Y_2/GEN[8].FF_D_i/Q_reg/D
  -------------------------------------------------------------------    -------------------

                         (clock sys_clk rise edge)    0.000     0.000 r  
    P23                                               0.000     0.000 r  CLK (IN)
                         net (fo=0)                   0.000     0.000    CLK
    P23                  IBUF (Prop_ibuf_I_O)         0.357     0.357 r  CLK_IBUF_inst/O
                         net (fo=1, routed)           0.928     1.285    CLK_IBUF
    BUFGCTRL_X0Y0        BUFG (Prop_bufg_I_O)         0.030     1.315 r  CLK_IBUF_BUFG_inst/O
                         net (fo=230, routed)         0.751     2.066    REG_Y_2/GEN[8].FF_D_i/CLK_IBUF_BUFG
    SLICE_X12Y56         FDCE                                         r  REG_Y_2/GEN[8].FF_D_i/Q_reg/C
                         clock pessimism             -0.518     1.548    
    SLICE_X12Y56         FDCE (Hold_fdce_C_D)         0.040     1.588    REG_Y_2/GEN[8].FF_D_i/Q_reg
  -------------------------------------------------------------------
                         required time                         -1.588    
                         arrival time                           1.767    
  -------------------------------------------------------------------
                         slack                                  0.179    

Slack (MET) :             0.179ns  (arrival time - required time)
  Source:                 PIPE_REG_Y_1/GEN[12].FF_D_i/Q_reg/C
                            (rising edge-triggered cell FDCE clocked by sys_clk  {rise@0.000ns fall@4.250ns period=8.500ns})
  Destination:            REG_Y_2/GEN[12].FF_D_i/Q_reg/D
                            (rising edge-triggered cell FDCE clocked by sys_clk  {rise@0.000ns fall@4.250ns period=8.500ns})
  Path Group:             sys_clk
  Path Type:              Hold (Min at Fast Process Corner)
  Requirement:            0.000ns  (sys_clk rise@0.000ns - sys_clk rise@0.000ns)
  Data Path Delay:        0.219ns  (logic 0.118ns (53.934%)  route 0.101ns (46.066%))
  Logic Levels:           0  
  Clock Path Skew:        0.000ns (DCD - SCD - CPR)
    Destination Clock Delay (DCD):    2.064ns
    Source Clock Delay      (SCD):    1.547ns
    Clock Pessimism Removal (CPR):    0.517ns

    Location             Delay type                Incr(ns)  Path(ns)    Netlist Resource(s)
  -------------------------------------------------------------------    -------------------
                         (clock sys_clk rise edge)    0.000     0.000 r  
    P23                                               0.000     0.000 r  CLK (IN)
                         net (fo=0)                   0.000     0.000    CLK
    P23                  IBUF (Prop_ibuf_I_O)         0.109     0.109 r  CLK_IBUF_inst/O
                         net (fo=1, routed)           0.863     0.972    CLK_IBUF
    BUFGCTRL_X0Y0        BUFG (Prop_bufg_I_O)         0.026     0.998 r  CLK_IBUF_BUFG_inst/O
                         net (fo=230, routed)         0.549     1.547    PIPE_REG_Y_1/GEN[12].FF_D_i/CLK_IBUF_BUFG
    SLICE_X10Y60         FDCE                                         r  PIPE_REG_Y_1/GEN[12].FF_D_i/Q_reg/C
  -------------------------------------------------------------------    -------------------
    SLICE_X10Y60         FDCE (Prop_fdce_C_Q)         0.118     1.665 r  PIPE_REG_Y_1/GEN[12].FF_D_i/Q_reg/Q
                         net (fo=1, routed)           0.101     1.766    REG_Y_2/GEN[12].FF_D_i/Q_reg_3
    SLICE_X10Y60         FDCE                                         r  REG_Y_2/GEN[12].FF_D_i/Q_reg/D
  -------------------------------------------------------------------    -------------------

                         (clock sys_clk rise edge)    0.000     0.000 r  
    P23                                               0.000     0.000 r  CLK (IN)
                         net (fo=0)                   0.000     0.000    CLK
    P23                  IBUF (Prop_ibuf_I_O)         0.357     0.357 r  CLK_IBUF_inst/O
                         net (fo=1, routed)           0.928     1.285    CLK_IBUF
    BUFGCTRL_X0Y0        BUFG (Prop_bufg_I_O)         0.030     1.315 r  CLK_IBUF_BUFG_inst/O
                         net (fo=230, routed)         0.749     2.064    REG_Y_2/GEN[12].FF_D_i/CLK_IBUF_BUFG
    SLICE_X10Y60         FDCE                                         r  REG_Y_2/GEN[12].FF_D_i/Q_reg/C
                         clock pessimism             -0.517     1.547    
    SLICE_X10Y60         FDCE (Hold_fdce_C_D)         0.040     1.587    REG_Y_2/GEN[12].FF_D_i/Q_reg
  -------------------------------------------------------------------
                         required time                         -1.587    
                         arrival time                           1.766    
  -------------------------------------------------------------------
                         slack                                  0.179    

Slack (MET) :             0.179ns  (arrival time - required time)
  Source:                 PIPE_REG_Y_1/GEN[22].FF_D_i/Q_reg/C
                            (rising edge-triggered cell FDCE clocked by sys_clk  {rise@0.000ns fall@4.250ns period=8.500ns})
  Destination:            REG_Y_2/GEN[22].FF_D_i/Q_reg/D
                            (rising edge-triggered cell FDCE clocked by sys_clk  {rise@0.000ns fall@4.250ns period=8.500ns})
  Path Group:             sys_clk
  Path Type:              Hold (Min at Fast Process Corner)
  Requirement:            0.000ns  (sys_clk rise@0.000ns - sys_clk rise@0.000ns)
  Data Path Delay:        0.219ns  (logic 0.118ns (53.934%)  route 0.101ns (46.066%))
  Logic Levels:           0  
  Clock Path Skew:        0.000ns (DCD - SCD - CPR)
    Destination Clock Delay (DCD):    2.061ns
    Source Clock Delay      (SCD):    1.545ns
    Clock Pessimism Removal (CPR):    0.516ns

    Location             Delay type                Incr(ns)  Path(ns)    Netlist Resource(s)
  -------------------------------------------------------------------    -------------------
                         (clock sys_clk rise edge)    0.000     0.000 r  
    P23                                               0.000     0.000 r  CLK (IN)
                         net (fo=0)                   0.000     0.000    CLK
    P23                  IBUF (Prop_ibuf_I_O)         0.109     0.109 r  CLK_IBUF_inst/O
                         net (fo=1, routed)           0.863     0.972    CLK_IBUF
    BUFGCTRL_X0Y0        BUFG (Prop_bufg_I_O)         0.026     0.998 r  CLK_IBUF_BUFG_inst/O
                         net (fo=230, routed)         0.547     1.545    PIPE_REG_Y_1/GEN[22].FF_D_i/CLK_IBUF_BUFG
    SLICE_X10Y63         FDCE                                         r  PIPE_REG_Y_1/GEN[22].FF_D_i/Q_reg/C
  -------------------------------------------------------------------    -------------------
    SLICE_X10Y63         FDCE (Prop_fdce_C_Q)         0.118     1.663 r  PIPE_REG_Y_1/GEN[22].FF_D_i/Q_reg/Q
                         net (fo=1, routed)           0.101     1.764    REG_Y_2/GEN[22].FF_D_i/Q_reg_5
    SLICE_X10Y63         FDCE                                         r  REG_Y_2/GEN[22].FF_D_i/Q_reg/D
  -------------------------------------------------------------------    -------------------

                         (clock sys_clk rise edge)    0.000     0.000 r  
    P23                                               0.000     0.000 r  CLK (IN)
                         net (fo=0)                   0.000     0.000    CLK
    P23                  IBUF (Prop_ibuf_I_O)         0.357     0.357 r  CLK_IBUF_inst/O
                         net (fo=1, routed)           0.928     1.285    CLK_IBUF
    BUFGCTRL_X0Y0        BUFG (Prop_bufg_I_O)         0.030     1.315 r  CLK_IBUF_BUFG_inst/O
                         net (fo=230, routed)         0.746     2.061    REG_Y_2/GEN[22].FF_D_i/CLK_IBUF_BUFG
    SLICE_X10Y63         FDCE                                         r  REG_Y_2/GEN[22].FF_D_i/Q_reg/C
                         clock pessimism             -0.516     1.545    
    SLICE_X10Y63         FDCE (Hold_fdce_C_D)         0.040     1.585    REG_Y_2/GEN[22].FF_D_i/Q_reg
  -------------------------------------------------------------------
                         required time                         -1.585    
                         arrival time                           1.764    
  -------------------------------------------------------------------
                         slack                                  0.179    

Slack (MET) :             0.184ns  (arrival time - required time)
  Source:                 REG_Y_2/GEN[12].FF_D_i/Q_reg/C
                            (rising edge-triggered cell FDCE clocked by sys_clk  {rise@0.000ns fall@4.250ns period=8.500ns})
  Destination:            PIPE_REG_SUM1/GEN[13].FF_D_i/Q_reg/D
                            (rising edge-triggered cell FDCE clocked by sys_clk  {rise@0.000ns fall@4.250ns period=8.500ns})
  Path Group:             sys_clk
  Path Type:              Hold (Min at Fast Process Corner)
  Requirement:            0.000ns  (sys_clk rise@0.000ns - sys_clk rise@0.000ns)
  Data Path Delay:        0.255ns  (logic 0.146ns (57.354%)  route 0.109ns (42.646%))
  Logic Levels:           1  (LUT6=1)
  Clock Path Skew:        0.011ns (DCD - SCD - CPR)
    Destination Clock Delay (DCD):    2.064ns
    Source Clock Delay      (SCD):    1.547ns
    Clock Pessimism Removal (CPR):    0.506ns

    Location             Delay type                Incr(ns)  Path(ns)    Netlist Resource(s)
  -------------------------------------------------------------------    -------------------
                         (clock sys_clk rise edge)    0.000     0.000 r  
    P23                                               0.000     0.000 r  CLK (IN)
                         net (fo=0)                   0.000     0.000    CLK
    P23                  IBUF (Prop_ibuf_I_O)         0.109     0.109 r  CLK_IBUF_inst/O
                         net (fo=1, routed)           0.863     0.972    CLK_IBUF
    BUFGCTRL_X0Y0        BUFG (Prop_bufg_I_O)         0.026     0.998 r  CLK_IBUF_BUFG_inst/O
                         net (fo=230, routed)         0.549     1.547    REG_Y_2/GEN[12].FF_D_i/CLK_IBUF_BUFG
    SLICE_X10Y60         FDCE                                         r  REG_Y_2/GEN[12].FF_D_i/Q_reg/C
  -------------------------------------------------------------------    -------------------
    SLICE_X10Y60         FDCE (Prop_fdce_C_Q)         0.118     1.665 r  REG_Y_2/GEN[12].FF_D_i/Q_reg/Q
                         net (fo=8, routed)           0.109     1.774    REG_Y_2/GEN[13].FF_D_i/Q_reg_11[4]
    SLICE_X11Y60         LUT6 (Prop_lut6_I1_O)        0.028     1.802 r  REG_Y_2/GEN[13].FF_D_i/Q_i_1__15/O
                         net (fo=1, routed)           0.000     1.802    PIPE_REG_SUM1/GEN[13].FF_D_i/SUM_1[0]
    SLICE_X11Y60         FDCE                                         r  PIPE_REG_SUM1/GEN[13].FF_D_i/Q_reg/D
  -------------------------------------------------------------------    -------------------

                         (clock sys_clk rise edge)    0.000     0.000 r  
    P23                                               0.000     0.000 r  CLK (IN)
                         net (fo=0)                   0.000     0.000    CLK
    P23                  IBUF (Prop_ibuf_I_O)         0.357     0.357 r  CLK_IBUF_inst/O
                         net (fo=1, routed)           0.928     1.285    CLK_IBUF
    BUFGCTRL_X0Y0        BUFG (Prop_bufg_I_O)         0.030     1.315 r  CLK_IBUF_BUFG_inst/O
                         net (fo=230, routed)         0.749     2.064    PIPE_REG_SUM1/GEN[13].FF_D_i/CLK_IBUF_BUFG
    SLICE_X11Y60         FDCE                                         r  PIPE_REG_SUM1/GEN[13].FF_D_i/Q_reg/C
                         clock pessimism             -0.506     1.558    
    SLICE_X11Y60         FDCE (Hold_fdce_C_D)         0.060     1.618    PIPE_REG_SUM1/GEN[13].FF_D_i/Q_reg
  -------------------------------------------------------------------
                         required time                         -1.618    
                         arrival time                           1.802    
  -------------------------------------------------------------------
                         slack                                  0.184    

Slack (MET) :             0.194ns  (arrival time - required time)
  Source:                 REG_X/GEN[31].FF_D_i/Q_reg/C
                            (rising edge-triggered cell FDCE clocked by sys_clk  {rise@0.000ns fall@4.250ns period=8.500ns})
  Destination:            PIPE_REG_X_SHIFTED/GEN[29].FF_D_i/Q_reg/D
                            (rising edge-triggered cell FDCE clocked by sys_clk  {rise@0.000ns fall@4.250ns period=8.500ns})
  Path Group:             sys_clk
  Path Type:              Hold (Min at Fast Process Corner)
  Requirement:            0.000ns  (sys_clk rise@0.000ns - sys_clk rise@0.000ns)
  Data Path Delay:        0.254ns  (logic 0.157ns (61.894%)  route 0.097ns (38.106%))
  Logic Levels:           1  (LUT6=1)
  Clock Path Skew:        0.000ns (DCD - SCD - CPR)
    Destination Clock Delay (DCD):    2.094ns
    Source Clock Delay      (SCD):    1.576ns
    Clock Pessimism Removal (CPR):    0.518ns

    Location             Delay type                Incr(ns)  Path(ns)    Netlist Resource(s)
  -------------------------------------------------------------------    -------------------
                         (clock sys_clk rise edge)    0.000     0.000 r  
    P23                                               0.000     0.000 r  CLK (IN)
                         net (fo=0)                   0.000     0.000    CLK
    P23                  IBUF (Prop_ibuf_I_O)         0.109     0.109 r  CLK_IBUF_inst/O
                         net (fo=1, routed)           0.863     0.972    CLK_IBUF
    BUFGCTRL_X0Y0        BUFG (Prop_bufg_I_O)         0.026     0.998 r  CLK_IBUF_BUFG_inst/O
                         net (fo=230, routed)         0.578     1.576    REG_X/GEN[31].FF_D_i/CLK_IBUF_BUFG
    SLICE_X0Y62          FDCE                                         r  REG_X/GEN[31].FF_D_i/Q_reg/C
  -------------------------------------------------------------------    -------------------
    SLICE_X0Y62          FDCE (Prop_fdce_C_Q)         0.091     1.667 r  REG_X/GEN[31].FF_D_i/Q_reg/Q
                         net (fo=7, routed)           0.097     1.764    REG_X/GEN[29].FF_D_i/Q_reg_6
    SLICE_X0Y62          LUT6 (Prop_lut6_I4_O)        0.066     1.830 r  REG_X/GEN[29].FF_D_i/Q_i_1__27/O
                         net (fo=1, routed)           0.000     1.830    PIPE_REG_X_SHIFTED/GEN[29].FF_D_i/Q_reg_0
    SLICE_X0Y62          FDCE                                         r  PIPE_REG_X_SHIFTED/GEN[29].FF_D_i/Q_reg/D
  -------------------------------------------------------------------    -------------------

                         (clock sys_clk rise edge)    0.000     0.000 r  
    P23                                               0.000     0.000 r  CLK (IN)
                         net (fo=0)                   0.000     0.000    CLK
    P23                  IBUF (Prop_ibuf_I_O)         0.357     0.357 r  CLK_IBUF_inst/O
                         net (fo=1, routed)           0.928     1.285    CLK_IBUF
    BUFGCTRL_X0Y0        BUFG (Prop_bufg_I_O)         0.030     1.315 r  CLK_IBUF_BUFG_inst/O
                         net (fo=230, routed)         0.779     2.094    PIPE_REG_X_SHIFTED/GEN[29].FF_D_i/CLK_IBUF_BUFG
    SLICE_X0Y62          FDCE                                         r  PIPE_REG_X_SHIFTED/GEN[29].FF_D_i/Q_reg/C
                         clock pessimism             -0.518     1.576    
    SLICE_X0Y62          FDCE (Hold_fdce_C_D)         0.060     1.636    PIPE_REG_X_SHIFTED/GEN[29].FF_D_i/Q_reg
  -------------------------------------------------------------------
                         required time                         -1.636    
                         arrival time                           1.830    
  -------------------------------------------------------------------
                         slack                                  0.194    





Pulse Width Checks
--------------------------------------------------------------------------------------
Clock Name:         sys_clk
Waveform(ns):       { 0.000 4.250 }
Period(ns):         8.500
Sources:            { CLK }

Check Type        Corner  Lib Pin  Reference Pin  Required(ns)  Actual(ns)  Slack(ns)  Location       Pin
Min Period        n/a     BUFG/I   n/a            1.600         8.500       6.900      BUFGCTRL_X0Y0  CLK_IBUF_BUFG_inst/I
Min Period        n/a     FDCE/C   n/a            0.750         8.500       7.750      SLICE_X7Y58    PIPE_REG_K/GEN[0].FF_D_i/Q_reg/C
Min Period        n/a     FDCE/C   n/a            0.750         8.500       7.750      SLICE_X9Y55    PIPE_REG_SUM1/GEN[1].FF_D_i/Q_reg/C
Min Period        n/a     FDCE/C   n/a            0.750         8.500       7.750      SLICE_X8Y57    PIPE_REG_SUM1/GEN[6].FF_D_i/Q_reg/C
Min Period        n/a     FDCE/C   n/a            0.750         8.500       7.750      SLICE_X1Y62    PIPE_REG_X_SHIFTED/GEN[25].FF_D_i/Q_reg/C
Min Period        n/a     FDCE/C   n/a            0.750         8.500       7.750      SLICE_X1Y63    PIPE_REG_X_SHIFTED/GEN[31].FF_D_i/Q_reg/C
Min Period        n/a     FDCE/C   n/a            0.750         8.500       7.750      SLICE_X9Y58    PIPE_REG_Y_1/GEN[11].FF_D_i/Q_reg/C
Min Period        n/a     FDCE/C   n/a            0.750         8.500       7.750      SLICE_X13Y61   PIPE_REG_Y_1/GEN[17].FF_D_i/Q_reg/C
Min Period        n/a     FDCE/C   n/a            0.750         8.500       7.750      SLICE_X12Y63   PIPE_REG_Y_1/GEN[21].FF_D_i/Q_reg/C
Min Period        n/a     FDCE/C   n/a            0.750         8.500       7.750      SLICE_X11Y64   PIPE_REG_Y_1/GEN[25].FF_D_i/Q_reg/C
Low Pulse Width   Slow    FDCE/C   n/a            0.400         4.250       3.850      SLICE_X7Y58    PIPE_REG_K/GEN[0].FF_D_i/Q_reg/C
Low Pulse Width   Fast    FDCE/C   n/a            0.400         4.250       3.850      SLICE_X7Y58    PIPE_REG_K/GEN[0].FF_D_i/Q_reg/C
Low Pulse Width   Slow    FDCE/C   n/a            0.400         4.250       3.850      SLICE_X9Y55    PIPE_REG_SUM1/GEN[1].FF_D_i/Q_reg/C
Low Pulse Width   Fast    FDCE/C   n/a            0.400         4.250       3.850      SLICE_X9Y55    PIPE_REG_SUM1/GEN[1].FF_D_i/Q_reg/C
Low Pulse Width   Slow    FDCE/C   n/a            0.400         4.250       3.850      SLICE_X8Y57    PIPE_REG_SUM1/GEN[6].FF_D_i/Q_reg/C
Low Pulse Width   Fast    FDCE/C   n/a            0.400         4.250       3.850      SLICE_X8Y57    PIPE_REG_SUM1/GEN[6].FF_D_i/Q_reg/C
Low Pulse Width   Slow    FDCE/C   n/a            0.400         4.250       3.850      SLICE_X1Y62    PIPE_REG_X_SHIFTED/GEN[25].FF_D_i/Q_reg/C
Low Pulse Width   Fast    FDCE/C   n/a            0.400         4.250       3.850      SLICE_X1Y62    PIPE_REG_X_SHIFTED/GEN[25].FF_D_i/Q_reg/C
Low Pulse Width   Slow    FDCE/C   n/a            0.400         4.250       3.850      SLICE_X1Y63    PIPE_REG_X_SHIFTED/GEN[31].FF_D_i/Q_reg/C
Low Pulse Width   Fast    FDCE/C   n/a            0.400         4.250       3.850      SLICE_X1Y63    PIPE_REG_X_SHIFTED/GEN[31].FF_D_i/Q_reg/C
High Pulse Width  Slow    FDCE/C   n/a            0.350         4.250       3.900      SLICE_X7Y58    PIPE_REG_K/GEN[0].FF_D_i/Q_reg/C
High Pulse Width  Fast    FDCE/C   n/a            0.350         4.250       3.900      SLICE_X7Y58    PIPE_REG_K/GEN[0].FF_D_i/Q_reg/C
High Pulse Width  Slow    FDCE/C   n/a            0.350         4.250       3.900      SLICE_X7Y58    PIPE_REG_K/GEN[1].FF_D_i/Q_reg/C
High Pulse Width  Fast    FDCE/C   n/a            0.350         4.250       3.900      SLICE_X7Y58    PIPE_REG_K/GEN[1].FF_D_i/Q_reg/C
High Pulse Width  Slow    FDCE/C   n/a            0.350         4.250       3.900      SLICE_X6Y57    PIPE_REG_K/GEN[2].FF_D_i/Q_reg/C
High Pulse Width  Fast    FDCE/C   n/a            0.350         4.250       3.900      SLICE_X6Y57    PIPE_REG_K/GEN[2].FF_D_i/Q_reg/C
High Pulse Width  Slow    FDCE/C   n/a            0.350         4.250       3.900      SLICE_X9Y55    PIPE_REG_SUM1/GEN[0].FF_D_i/Q_reg/C
High Pulse Width  Fast    FDCE/C   n/a            0.350         4.250       3.900      SLICE_X9Y55    PIPE_REG_SUM1/GEN[0].FF_D_i/Q_reg/C
High Pulse Width  Slow    FDCE/C   n/a            0.350         4.250       3.900      SLICE_X7Y58    PIPE_REG_SUM1/GEN[10].FF_D_i/Q_reg/C
High Pulse Width  Fast    FDCE/C   n/a            0.350         4.250       3.900      SLICE_X7Y58    PIPE_REG_SUM1/GEN[10].FF_D_i/Q_reg/C



--------------------------------------------------------------------------------------
Path Group:  (none)
From Clock:  sys_clk
  To Clock:  

Max Delay            32 Endpoints
Min Delay            32 Endpoints
--------------------------------------------------------------------------------------


Max Delay Paths
--------------------------------------------------------------------------------------
Slack:                    inf
  Source:                 REG_Y_1/GEN[28].FF_D_i/Q_reg_lopt_replica/C
                            (rising edge-triggered cell FDCE clocked by sys_clk  {rise@0.000ns fall@4.250ns period=8.500ns})
  Destination:            Y[28]
                            (output port)
  Path Group:             (none)
  Path Type:              Max at Slow Process Corner
  Data Path Delay:        4.524ns  (logic 2.793ns (61.729%)  route 1.732ns (38.270%))
  Logic Levels:           1  (OBUF=1)
  Clock Uncertainty:      0.025ns  ((TSJ^2 + TIJ^2)^1/2 + DJ) / 2 + PE
    Total System Jitter     (TSJ):    0.050ns
    Total Input Jitter      (TIJ):    0.000ns
    Discrete Jitter          (DJ):    0.000ns
    Phase Error              (PE):    0.000ns

    Location             Delay type                Incr(ns)  Path(ns)    Netlist Resource(s)
  -------------------------------------------------------------------    -------------------
                         (clock sys_clk rise edge)    0.000     0.000 r  
    P23                                               0.000     0.000 r  CLK (IN)
                         net (fo=0)                   0.000     0.000    CLK
    P23                  IBUF (Prop_ibuf_I_O)         0.845     0.845 r  CLK_IBUF_inst/O
                         net (fo=1, routed)           2.140     2.985    CLK_IBUF
    BUFGCTRL_X0Y0        BUFG (Prop_bufg_I_O)         0.120     3.105 r  CLK_IBUF_BUFG_inst/O
                         net (fo=230, routed)         1.455     4.560    REG_Y_1/GEN[28].FF_D_i/CLK_IBUF_BUFG
    SLICE_X0Y63          FDCE                                         r  REG_Y_1/GEN[28].FF_D_i/Q_reg_lopt_replica/C
  -------------------------------------------------------------------    -------------------
    SLICE_X0Y63          FDCE (Prop_fdce_C_Q)         0.269     4.829 r  REG_Y_1/GEN[28].FF_D_i/Q_reg_lopt_replica/Q
                         net (fo=1, routed)           1.732     6.561    lopt_20
    D23                  OBUF (Prop_obuf_I_O)         2.524     9.084 r  Y_OBUF[28]_inst/O
                         net (fo=0)                   0.000     9.084    Y[28]
    D23                                                               r  Y[28] (OUT)
  -------------------------------------------------------------------    -------------------

Slack:                    inf
  Source:                 REG_Y_1/GEN[29].FF_D_i/Q_reg_lopt_replica/C
                            (rising edge-triggered cell FDCE clocked by sys_clk  {rise@0.000ns fall@4.250ns period=8.500ns})
  Destination:            Y[29]
                            (output port)
  Path Group:             (none)
  Path Type:              Max at Slow Process Corner
  Data Path Delay:        4.417ns  (logic 2.798ns (63.354%)  route 1.619ns (36.646%))
  Logic Levels:           1  (OBUF=1)
  Clock Uncertainty:      0.025ns  ((TSJ^2 + TIJ^2)^1/2 + DJ) / 2 + PE
    Total System Jitter     (TSJ):    0.050ns
    Total Input Jitter      (TIJ):    0.000ns
    Discrete Jitter          (DJ):    0.000ns
    Phase Error              (PE):    0.000ns

    Location             Delay type                Incr(ns)  Path(ns)    Netlist Resource(s)
  -------------------------------------------------------------------    -------------------
                         (clock sys_clk rise edge)    0.000     0.000 r  
    P23                                               0.000     0.000 r  CLK (IN)
                         net (fo=0)                   0.000     0.000    CLK
    P23                  IBUF (Prop_ibuf_I_O)         0.845     0.845 r  CLK_IBUF_inst/O
                         net (fo=1, routed)           2.140     2.985    CLK_IBUF
    BUFGCTRL_X0Y0        BUFG (Prop_bufg_I_O)         0.120     3.105 r  CLK_IBUF_BUFG_inst/O
                         net (fo=230, routed)         1.455     4.560    REG_Y_1/GEN[29].FF_D_i/CLK_IBUF_BUFG
    SLICE_X0Y64          FDCE                                         r  REG_Y_1/GEN[29].FF_D_i/Q_reg_lopt_replica/C
  -------------------------------------------------------------------    -------------------
    SLICE_X0Y64          FDCE (Prop_fdce_C_Q)         0.269     4.829 r  REG_Y_1/GEN[29].FF_D_i/Q_reg_lopt_replica/Q
                         net (fo=1, routed)           1.619     6.448    lopt_21
    B21                  OBUF (Prop_obuf_I_O)         2.529     8.977 r  Y_OBUF[29]_inst/O
                         net (fo=0)                   0.000     8.977    Y[29]
    B21                                                               r  Y[29] (OUT)
  -------------------------------------------------------------------    -------------------

Slack:                    inf
  Source:                 REG_Y_1/GEN[30].FF_D_i/Q_reg_lopt_replica/C
                            (rising edge-triggered cell FDCE clocked by sys_clk  {rise@0.000ns fall@4.250ns period=8.500ns})
  Destination:            Y[30]
                            (output port)
  Path Group:             (none)
  Path Type:              Max at Slow Process Corner
  Data Path Delay:        4.410ns  (logic 2.786ns (63.181%)  route 1.624ns (36.819%))
  Logic Levels:           1  (OBUF=1)
  Clock Uncertainty:      0.025ns  ((TSJ^2 + TIJ^2)^1/2 + DJ) / 2 + PE
    Total System Jitter     (TSJ):    0.050ns
    Total Input Jitter      (TIJ):    0.000ns
    Discrete Jitter          (DJ):    0.000ns
    Phase Error              (PE):    0.000ns

    Location             Delay type                Incr(ns)  Path(ns)    Netlist Resource(s)
  -------------------------------------------------------------------    -------------------
                         (clock sys_clk rise edge)    0.000     0.000 r  
    P23                                               0.000     0.000 r  CLK (IN)
                         net (fo=0)                   0.000     0.000    CLK
    P23                  IBUF (Prop_ibuf_I_O)         0.845     0.845 r  CLK_IBUF_inst/O
                         net (fo=1, routed)           2.140     2.985    CLK_IBUF
    BUFGCTRL_X0Y0        BUFG (Prop_bufg_I_O)         0.120     3.105 r  CLK_IBUF_BUFG_inst/O
                         net (fo=230, routed)         1.455     4.560    REG_Y_1/GEN[30].FF_D_i/CLK_IBUF_BUFG
    SLICE_X0Y64          FDCE                                         r  REG_Y_1/GEN[30].FF_D_i/Q_reg_lopt_replica/C
  -------------------------------------------------------------------    -------------------
    SLICE_X0Y64          FDCE (Prop_fdce_C_Q)         0.269     4.829 r  REG_Y_1/GEN[30].FF_D_i/Q_reg_lopt_replica/Q
                         net (fo=1, routed)           1.624     6.453    lopt_23
    C21                  OBUF (Prop_obuf_I_O)         2.517     8.970 r  Y_OBUF[30]_inst/O
                         net (fo=0)                   0.000     8.970    Y[30]
    C21                                                               r  Y[30] (OUT)
  -------------------------------------------------------------------    -------------------

Slack:                    inf
  Source:                 REG_Y_1/GEN[31].FF_D_i/Q_reg_lopt_replica/C
                            (rising edge-triggered cell FDCE clocked by sys_clk  {rise@0.000ns fall@4.250ns period=8.500ns})
  Destination:            Y[31]
                            (output port)
  Path Group:             (none)
  Path Type:              Max at Slow Process Corner
  Data Path Delay:        4.408ns  (logic 2.781ns (63.105%)  route 1.626ns (36.895%))
  Logic Levels:           1  (OBUF=1)
  Clock Uncertainty:      0.025ns  ((TSJ^2 + TIJ^2)^1/2 + DJ) / 2 + PE
    Total System Jitter     (TSJ):    0.050ns
    Total Input Jitter      (TIJ):    0.000ns
    Discrete Jitter          (DJ):    0.000ns
    Phase Error              (PE):    0.000ns

    Location             Delay type                Incr(ns)  Path(ns)    Netlist Resource(s)
  -------------------------------------------------------------------    -------------------
                         (clock sys_clk rise edge)    0.000     0.000 r  
    P23                                               0.000     0.000 r  CLK (IN)
                         net (fo=0)                   0.000     0.000    CLK
    P23                  IBUF (Prop_ibuf_I_O)         0.845     0.845 r  CLK_IBUF_inst/O
                         net (fo=1, routed)           2.140     2.985    CLK_IBUF
    BUFGCTRL_X0Y0        BUFG (Prop_bufg_I_O)         0.120     3.105 r  CLK_IBUF_BUFG_inst/O
                         net (fo=230, routed)         1.455     4.560    REG_Y_1/GEN[31].FF_D_i/CLK_IBUF_BUFG
    SLICE_X1Y64          FDCE                                         r  REG_Y_1/GEN[31].FF_D_i/Q_reg_lopt_replica/C
  -------------------------------------------------------------------    -------------------
    SLICE_X1Y64          FDCE (Prop_fdce_C_Q)         0.269     4.829 r  REG_Y_1/GEN[31].FF_D_i/Q_reg_lopt_replica/Q
                         net (fo=1, routed)           1.626     6.455    lopt_24
    E22                  OBUF (Prop_obuf_I_O)         2.512     8.968 r  Y_OBUF[31]_inst/O
                         net (fo=0)                   0.000     8.968    Y[31]
    E22                                                               r  Y[31] (OUT)
  -------------------------------------------------------------------    -------------------

Slack:                    inf
  Source:                 REG_Y_1/GEN[27].FF_D_i/Q_reg_lopt_replica/C
                            (rising edge-triggered cell FDCE clocked by sys_clk  {rise@0.000ns fall@4.250ns period=8.500ns})
  Destination:            Y[27]
                            (output port)
  Path Group:             (none)
  Path Type:              Max at Slow Process Corner
  Data Path Delay:        4.381ns  (logic 2.795ns (63.805%)  route 1.586ns (36.195%))
  Logic Levels:           1  (OBUF=1)
  Clock Uncertainty:      0.025ns  ((TSJ^2 + TIJ^2)^1/2 + DJ) / 2 + PE
    Total System Jitter     (TSJ):    0.050ns
    Total Input Jitter      (TIJ):    0.000ns
    Discrete Jitter          (DJ):    0.000ns
    Phase Error              (PE):    0.000ns

    Location             Delay type                Incr(ns)  Path(ns)    Netlist Resource(s)
  -------------------------------------------------------------------    -------------------
                         (clock sys_clk rise edge)    0.000     0.000 r  
    P23                                               0.000     0.000 r  CLK (IN)
                         net (fo=0)                   0.000     0.000    CLK
    P23                  IBUF (Prop_ibuf_I_O)         0.845     0.845 r  CLK_IBUF_inst/O
                         net (fo=1, routed)           2.140     2.985    CLK_IBUF
    BUFGCTRL_X0Y0        BUFG (Prop_bufg_I_O)         0.120     3.105 r  CLK_IBUF_BUFG_inst/O
                         net (fo=230, routed)         1.455     4.560    REG_Y_1/GEN[27].FF_D_i/CLK_IBUF_BUFG
    SLICE_X0Y63          FDCE                                         r  REG_Y_1/GEN[27].FF_D_i/Q_reg_lopt_replica/C
  -------------------------------------------------------------------    -------------------
    SLICE_X0Y63          FDCE (Prop_fdce_C_Q)         0.269     4.829 r  REG_Y_1/GEN[27].FF_D_i/Q_reg_lopt_replica/Q
                         net (fo=1, routed)           1.586     6.415    lopt_19
    D24                  OBUF (Prop_obuf_I_O)         2.526     8.941 r  Y_OBUF[27]_inst/O
                         net (fo=0)                   0.000     8.941    Y[27]
    D24                                                               r  Y[27] (OUT)
  -------------------------------------------------------------------    -------------------

Slack:                    inf
  Source:                 REG_Y_1/GEN[25].FF_D_i/Q_reg_lopt_replica/C
                            (rising edge-triggered cell FDCE clocked by sys_clk  {rise@0.000ns fall@4.250ns period=8.500ns})
  Destination:            Y[25]
                            (output port)
  Path Group:             (none)
  Path Type:              Max at Slow Process Corner
  Data Path Delay:        4.353ns  (logic 2.778ns (63.827%)  route 1.575ns (36.173%))
  Logic Levels:           1  (OBUF=1)
  Clock Uncertainty:      0.025ns  ((TSJ^2 + TIJ^2)^1/2 + DJ) / 2 + PE
    Total System Jitter     (TSJ):    0.050ns
    Total Input Jitter      (TIJ):    0.000ns
    Discrete Jitter          (DJ):    0.000ns
    Phase Error              (PE):    0.000ns

    Location             Delay type                Incr(ns)  Path(ns)    Netlist Resource(s)
  -------------------------------------------------------------------    -------------------
                         (clock sys_clk rise edge)    0.000     0.000 r  
    P23                                               0.000     0.000 r  CLK (IN)
                         net (fo=0)                   0.000     0.000    CLK
    P23                  IBUF (Prop_ibuf_I_O)         0.845     0.845 r  CLK_IBUF_inst/O
                         net (fo=1, routed)           2.140     2.985    CLK_IBUF
    BUFGCTRL_X0Y0        BUFG (Prop_bufg_I_O)         0.120     3.105 r  CLK_IBUF_BUFG_inst/O
                         net (fo=230, routed)         1.455     4.560    REG_Y_1/GEN[25].FF_D_i/CLK_IBUF_BUFG
    SLICE_X3Y63          FDCE                                         r  REG_Y_1/GEN[25].FF_D_i/Q_reg_lopt_replica/C
  -------------------------------------------------------------------    -------------------
    SLICE_X3Y63          FDCE (Prop_fdce_C_Q)         0.269     4.829 r  REG_Y_1/GEN[25].FF_D_i/Q_reg_lopt_replica/Q
                         net (fo=1, routed)           1.575     6.404    lopt_17
    E23                  OBUF (Prop_obuf_I_O)         2.509     8.913 r  Y_OBUF[25]_inst/O
                         net (fo=0)                   0.000     8.913    Y[25]
    E23                                                               r  Y[25] (OUT)
  -------------------------------------------------------------------    -------------------

Slack:                    inf
  Source:                 REG_Y_1/GEN[26].FF_D_i/Q_reg_lopt_replica/C
                            (rising edge-triggered cell FDCE clocked by sys_clk  {rise@0.000ns fall@4.250ns period=8.500ns})
  Destination:            Y[26]
                            (output port)
  Path Group:             (none)
  Path Type:              Max at Slow Process Corner
  Data Path Delay:        4.346ns  (logic 2.774ns (63.833%)  route 1.572ns (36.167%))
  Logic Levels:           1  (OBUF=1)
  Clock Uncertainty:      0.025ns  ((TSJ^2 + TIJ^2)^1/2 + DJ) / 2 + PE
    Total System Jitter     (TSJ):    0.050ns
    Total Input Jitter      (TIJ):    0.000ns
    Discrete Jitter          (DJ):    0.000ns
    Phase Error              (PE):    0.000ns

    Location             Delay type                Incr(ns)  Path(ns)    Netlist Resource(s)
  -------------------------------------------------------------------    -------------------
                         (clock sys_clk rise edge)    0.000     0.000 r  
    P23                                               0.000     0.000 r  CLK (IN)
                         net (fo=0)                   0.000     0.000    CLK
    P23                  IBUF (Prop_ibuf_I_O)         0.845     0.845 r  CLK_IBUF_inst/O
                         net (fo=1, routed)           2.140     2.985    CLK_IBUF
    BUFGCTRL_X0Y0        BUFG (Prop_bufg_I_O)         0.120     3.105 r  CLK_IBUF_BUFG_inst/O
                         net (fo=230, routed)         1.455     4.560    REG_Y_1/GEN[26].FF_D_i/CLK_IBUF_BUFG
    SLICE_X3Y63          FDCE                                         r  REG_Y_1/GEN[26].FF_D_i/Q_reg_lopt_replica/C
  -------------------------------------------------------------------    -------------------
    SLICE_X3Y63          FDCE (Prop_fdce_C_Q)         0.269     4.829 r  REG_Y_1/GEN[26].FF_D_i/Q_reg_lopt_replica/Q
                         net (fo=1, routed)           1.572     6.401    lopt_18
    F22                  OBUF (Prop_obuf_I_O)         2.505     8.906 r  Y_OBUF[26]_inst/O
                         net (fo=0)                   0.000     8.906    Y[26]
    F22                                                               r  Y[26] (OUT)
  -------------------------------------------------------------------    -------------------

Slack:                    inf
  Source:                 REG_Y_1/GEN[14].FF_D_i/Q_reg_lopt_replica/C
                            (rising edge-triggered cell FDCE clocked by sys_clk  {rise@0.000ns fall@4.250ns period=8.500ns})
  Destination:            Y[14]
                            (output port)
  Path Group:             (none)
  Path Type:              Max at Slow Process Corner
  Data Path Delay:        4.319ns  (logic 2.821ns (65.301%)  route 1.499ns (34.699%))
  Logic Levels:           1  (OBUF=1)
  Clock Uncertainty:      0.025ns  ((TSJ^2 + TIJ^2)^1/2 + DJ) / 2 + PE
    Total System Jitter     (TSJ):    0.050ns
    Total Input Jitter      (TIJ):    0.000ns
    Discrete Jitter          (DJ):    0.000ns
    Phase Error              (PE):    0.000ns

    Location             Delay type                Incr(ns)  Path(ns)    Netlist Resource(s)
  -------------------------------------------------------------------    -------------------
                         (clock sys_clk rise edge)    0.000     0.000 r  
    P23                                               0.000     0.000 r  CLK (IN)
                         net (fo=0)                   0.000     0.000    CLK
    P23                  IBUF (Prop_ibuf_I_O)         0.845     0.845 r  CLK_IBUF_inst/O
                         net (fo=1, routed)           2.140     2.985    CLK_IBUF
    BUFGCTRL_X0Y0        BUFG (Prop_bufg_I_O)         0.120     3.105 r  CLK_IBUF_BUFG_inst/O
                         net (fo=230, routed)         1.456     4.561    REG_Y_1/GEN[14].FF_D_i/CLK_IBUF_BUFG
    SLICE_X6Y61          FDCE                                         r  REG_Y_1/GEN[14].FF_D_i/Q_reg_lopt_replica/C
  -------------------------------------------------------------------    -------------------
    SLICE_X6Y61          FDCE (Prop_fdce_C_Q)         0.308     4.869 r  REG_Y_1/GEN[14].FF_D_i/Q_reg_lopt_replica/Q
                         net (fo=1, routed)           1.499     6.368    lopt_5
    J26                  OBUF (Prop_obuf_I_O)         2.513     8.880 r  Y_OBUF[14]_inst/O
                         net (fo=0)                   0.000     8.880    Y[14]
    J26                                                               r  Y[14] (OUT)
  -------------------------------------------------------------------    -------------------

Slack:                    inf
  Source:                 REG_Y_1/GEN[21].FF_D_i/Q_reg_lopt_replica/C
                            (rising edge-triggered cell FDCE clocked by sys_clk  {rise@0.000ns fall@4.250ns period=8.500ns})
  Destination:            Y[21]
                            (output port)
  Path Group:             (none)
  Path Type:              Max at Slow Process Corner
  Data Path Delay:        4.317ns  (logic 2.777ns (64.324%)  route 1.540ns (35.676%))
  Logic Levels:           1  (OBUF=1)
  Clock Uncertainty:      0.025ns  ((TSJ^2 + TIJ^2)^1/2 + DJ) / 2 + PE
    Total System Jitter     (TSJ):    0.050ns
    Total Input Jitter      (TIJ):    0.000ns
    Discrete Jitter          (DJ):    0.000ns
    Phase Error              (PE):    0.000ns

    Location             Delay type                Incr(ns)  Path(ns)    Netlist Resource(s)
  -------------------------------------------------------------------    -------------------
                         (clock sys_clk rise edge)    0.000     0.000 r  
    P23                                               0.000     0.000 r  CLK (IN)
                         net (fo=0)                   0.000     0.000    CLK
    P23                  IBUF (Prop_ibuf_I_O)         0.845     0.845 r  CLK_IBUF_inst/O
                         net (fo=1, routed)           2.140     2.985    CLK_IBUF
    BUFGCTRL_X0Y0        BUFG (Prop_bufg_I_O)         0.120     3.105 r  CLK_IBUF_BUFG_inst/O
                         net (fo=230, routed)         1.456     4.561    REG_Y_1/GEN[21].FF_D_i/CLK_IBUF_BUFG
    SLICE_X3Y62          FDCE                                         r  REG_Y_1/GEN[21].FF_D_i/Q_reg_lopt_replica/C
  -------------------------------------------------------------------    -------------------
    SLICE_X3Y62          FDCE (Prop_fdce_C_Q)         0.269     4.830 r  REG_Y_1/GEN[21].FF_D_i/Q_reg_lopt_replica/Q
                         net (fo=1, routed)           1.540     6.370    lopt_13
    F24                  OBUF (Prop_obuf_I_O)         2.508     8.878 r  Y_OBUF[21]_inst/O
                         net (fo=0)                   0.000     8.878    Y[21]
    F24                                                               r  Y[21] (OUT)
  -------------------------------------------------------------------    -------------------

Slack:                    inf
  Source:                 REG_Y_1/GEN[16].FF_D_i/Q_reg_lopt_replica/C
                            (rising edge-triggered cell FDCE clocked by sys_clk  {rise@0.000ns fall@4.250ns period=8.500ns})
  Destination:            Y[16]
                            (output port)
  Path Group:             (none)
  Path Type:              Max at Slow Process Corner
  Data Path Delay:        4.299ns  (logic 2.885ns (67.104%)  route 1.414ns (32.896%))
  Logic Levels:           1  (OBUF=1)
  Clock Uncertainty:      0.025ns  ((TSJ^2 + TIJ^2)^1/2 + DJ) / 2 + PE
    Total System Jitter     (TSJ):    0.050ns
    Total Input Jitter      (TIJ):    0.000ns
    Discrete Jitter          (DJ):    0.000ns
    Phase Error              (PE):    0.000ns

    Location             Delay type                Incr(ns)  Path(ns)    Netlist Resource(s)
  -------------------------------------------------------------------    -------------------
                         (clock sys_clk rise edge)    0.000     0.000 r  
    P23                                               0.000     0.000 r  CLK (IN)
                         net (fo=0)                   0.000     0.000    CLK
    P23                  IBUF (Prop_ibuf_I_O)         0.845     0.845 r  CLK_IBUF_inst/O
                         net (fo=1, routed)           2.140     2.985    CLK_IBUF
    BUFGCTRL_X0Y0        BUFG (Prop_bufg_I_O)         0.120     3.105 r  CLK_IBUF_BUFG_inst/O
                         net (fo=230, routed)         1.458     4.563    REG_Y_1/GEN[16].FF_D_i/CLK_IBUF_BUFG
    SLICE_X3Y60          FDCE                                         r  REG_Y_1/GEN[16].FF_D_i/Q_reg_lopt_replica/C
  -------------------------------------------------------------------    -------------------
    SLICE_X3Y60          FDCE (Prop_fdce_C_Q)         0.246     4.809 r  REG_Y_1/GEN[16].FF_D_i/Q_reg_lopt_replica/Q
                         net (fo=1, routed)           1.414     6.223    lopt_7
    F25                  OBUF (Prop_obuf_I_O)         2.639     8.862 r  Y_OBUF[16]_inst/O
                         net (fo=0)                   0.000     8.862    Y[16]
    F25                                                               r  Y[16] (OUT)
  -------------------------------------------------------------------    -------------------





Min Delay Paths
--------------------------------------------------------------------------------------
Slack:                    inf
  Source:                 REG_Y_1/GEN[12].FF_D_i/Q_reg_lopt_replica/C
                            (rising edge-triggered cell FDCE clocked by sys_clk  {rise@0.000ns fall@4.250ns period=8.500ns})
  Destination:            Y[12]
                            (output port)
  Path Group:             (none)
  Path Type:              Min at Fast Process Corner
  Data Path Delay:        1.763ns  (logic 1.428ns (81.020%)  route 0.335ns (18.980%))
  Logic Levels:           1  (OBUF=1)
  Clock Uncertainty:      0.025ns  ((TSJ^2 + TIJ^2)^1/2 + DJ) / 2 + PE
    Total System Jitter     (TSJ):    0.050ns
    Total Input Jitter      (TIJ):    0.000ns
    Discrete Jitter          (DJ):    0.000ns
    Phase Error              (PE):    0.000ns

    Location             Delay type                Incr(ns)  Path(ns)    Netlist Resource(s)
  -------------------------------------------------------------------    -------------------
                         (clock sys_clk rise edge)    0.000     0.000 r  
    P23                                               0.000     0.000 r  CLK (IN)
                         net (fo=0)                   0.000     0.000    CLK
    P23                  IBUF (Prop_ibuf_I_O)         0.109     0.109 r  CLK_IBUF_inst/O
                         net (fo=1, routed)           0.863     0.972    CLK_IBUF
    BUFGCTRL_X0Y0        BUFG (Prop_bufg_I_O)         0.026     0.998 r  CLK_IBUF_BUFG_inst/O
                         net (fo=230, routed)         0.579     1.577    REG_Y_1/GEN[12].FF_D_i/CLK_IBUF_BUFG
    SLICE_X5Y58          FDCE                                         r  REG_Y_1/GEN[12].FF_D_i/Q_reg_lopt_replica/C
  -------------------------------------------------------------------    -------------------
    SLICE_X5Y58          FDCE (Prop_fdce_C_Q)         0.100     1.677 r  REG_Y_1/GEN[12].FF_D_i/Q_reg_lopt_replica/Q
                         net (fo=1, routed)           0.335     2.012    lopt_3
    H21                  OBUF (Prop_obuf_I_O)         1.328     3.340 r  Y_OBUF[12]_inst/O
                         net (fo=0)                   0.000     3.340    Y[12]
    H21                                                               r  Y[12] (OUT)
  -------------------------------------------------------------------    -------------------

Slack:                    inf
  Source:                 REG_Y_1/GEN[7].FF_D_i/Q_reg_lopt_replica/C
                            (rising edge-triggered cell FDCE clocked by sys_clk  {rise@0.000ns fall@4.250ns period=8.500ns})
  Destination:            Y[7]
                            (output port)
  Path Group:             (none)
  Path Type:              Min at Fast Process Corner
  Data Path Delay:        1.777ns  (logic 1.445ns (81.294%)  route 0.332ns (18.706%))
  Logic Levels:           1  (OBUF=1)
  Clock Uncertainty:      0.025ns  ((TSJ^2 + TIJ^2)^1/2 + DJ) / 2 + PE
    Total System Jitter     (TSJ):    0.050ns
    Total Input Jitter      (TIJ):    0.000ns
    Discrete Jitter          (DJ):    0.000ns
    Phase Error              (PE):    0.000ns

    Location             Delay type                Incr(ns)  Path(ns)    Netlist Resource(s)
  -------------------------------------------------------------------    -------------------
                         (clock sys_clk rise edge)    0.000     0.000 r  
    P23                                               0.000     0.000 r  CLK (IN)
                         net (fo=0)                   0.000     0.000    CLK
    P23                  IBUF (Prop_ibuf_I_O)         0.109     0.109 r  CLK_IBUF_inst/O
                         net (fo=1, routed)           0.863     0.972    CLK_IBUF
    BUFGCTRL_X0Y0        BUFG (Prop_bufg_I_O)         0.026     0.998 r  CLK_IBUF_BUFG_inst/O
                         net (fo=230, routed)         0.579     1.577    REG_Y_1/GEN[7].FF_D_i/CLK_IBUF_BUFG
    SLICE_X4Y57          FDCE                                         r  REG_Y_1/GEN[7].FF_D_i/Q_reg_lopt_replica/C
  -------------------------------------------------------------------    -------------------
    SLICE_X4Y57          FDCE (Prop_fdce_C_Q)         0.100     1.677 r  REG_Y_1/GEN[7].FF_D_i/Q_reg_lopt_replica/Q
                         net (fo=1, routed)           0.332     2.009    lopt_29
    H22                  OBUF (Prop_obuf_I_O)         1.345     3.354 r  Y_OBUF[7]_inst/O
                         net (fo=0)                   0.000     3.354    Y[7]
    H22                                                               r  Y[7] (OUT)
  -------------------------------------------------------------------    -------------------

Slack:                    inf
  Source:                 REG_Y_1/GEN[5].FF_D_i/Q_reg_lopt_replica/C
                            (rising edge-triggered cell FDCE clocked by sys_clk  {rise@0.000ns fall@4.250ns period=8.500ns})
  Destination:            Y[5]
                            (output port)
  Path Group:             (none)
  Path Type:              Min at Fast Process Corner
  Data Path Delay:        1.788ns  (logic 1.427ns (79.824%)  route 0.361ns (20.176%))
  Logic Levels:           1  (OBUF=1)
  Clock Uncertainty:      0.025ns  ((TSJ^2 + TIJ^2)^1/2 + DJ) / 2 + PE
    Total System Jitter     (TSJ):    0.050ns
    Total Input Jitter      (TIJ):    0.000ns
    Discrete Jitter          (DJ):    0.000ns
    Phase Error              (PE):    0.000ns

    Location             Delay type                Incr(ns)  Path(ns)    Netlist Resource(s)
  -------------------------------------------------------------------    -------------------
                         (clock sys_clk rise edge)    0.000     0.000 r  
    P23                                               0.000     0.000 r  CLK (IN)
                         net (fo=0)                   0.000     0.000    CLK
    P23                  IBUF (Prop_ibuf_I_O)         0.109     0.109 r  CLK_IBUF_inst/O
                         net (fo=1, routed)           0.863     0.972    CLK_IBUF
    BUFGCTRL_X0Y0        BUFG (Prop_bufg_I_O)         0.026     0.998 r  CLK_IBUF_BUFG_inst/O
                         net (fo=230, routed)         0.580     1.578    REG_Y_1/GEN[5].FF_D_i/CLK_IBUF_BUFG
    SLICE_X5Y56          FDCE                                         r  REG_Y_1/GEN[5].FF_D_i/Q_reg_lopt_replica/C
  -------------------------------------------------------------------    -------------------
    SLICE_X5Y56          FDCE (Prop_fdce_C_Q)         0.100     1.678 r  REG_Y_1/GEN[5].FF_D_i/Q_reg_lopt_replica/Q
                         net (fo=1, routed)           0.361     2.039    lopt_27
    J25                  OBUF (Prop_obuf_I_O)         1.327     3.366 r  Y_OBUF[5]_inst/O
                         net (fo=0)                   0.000     3.366    Y[5]
    J25                                                               r  Y[5] (OUT)
  -------------------------------------------------------------------    -------------------

Slack:                    inf
  Source:                 REG_Y_1/GEN[9].FF_D_i/Q_reg_lopt_replica/C
                            (rising edge-triggered cell FDCE clocked by sys_clk  {rise@0.000ns fall@4.250ns period=8.500ns})
  Destination:            Y[9]
                            (output port)
  Path Group:             (none)
  Path Type:              Min at Fast Process Corner
  Data Path Delay:        1.793ns  (logic 1.425ns (79.512%)  route 0.367ns (20.488%))
  Logic Levels:           1  (OBUF=1)
  Clock Uncertainty:      0.025ns  ((TSJ^2 + TIJ^2)^1/2 + DJ) / 2 + PE
    Total System Jitter     (TSJ):    0.050ns
    Total Input Jitter      (TIJ):    0.000ns
    Discrete Jitter          (DJ):    0.000ns
    Phase Error              (PE):    0.000ns

    Location             Delay type                Incr(ns)  Path(ns)    Netlist Resource(s)
  -------------------------------------------------------------------    -------------------
                         (clock sys_clk rise edge)    0.000     0.000 r  
    P23                                               0.000     0.000 r  CLK (IN)
                         net (fo=0)                   0.000     0.000    CLK
    P23                  IBUF (Prop_ibuf_I_O)         0.109     0.109 r  CLK_IBUF_inst/O
                         net (fo=1, routed)           0.863     0.972    CLK_IBUF
    BUFGCTRL_X0Y0        BUFG (Prop_bufg_I_O)         0.026     0.998 r  CLK_IBUF_BUFG_inst/O
                         net (fo=230, routed)         0.579     1.577    REG_Y_1/GEN[9].FF_D_i/CLK_IBUF_BUFG
    SLICE_X4Y57          FDCE                                         r  REG_Y_1/GEN[9].FF_D_i/Q_reg_lopt_replica/C
  -------------------------------------------------------------------    -------------------
    SLICE_X4Y57          FDCE (Prop_fdce_C_Q)         0.100     1.677 r  REG_Y_1/GEN[9].FF_D_i/Q_reg_lopt_replica/Q
                         net (fo=1, routed)           0.367     2.044    lopt_31
    H24                  OBUF (Prop_obuf_I_O)         1.325     3.370 r  Y_OBUF[9]_inst/O
                         net (fo=0)                   0.000     3.370    Y[9]
    H24                                                               r  Y[9] (OUT)
  -------------------------------------------------------------------    -------------------

Slack:                    inf
  Source:                 REG_Y_1/GEN[1].FF_D_i/Q_reg_lopt_replica/C
                            (rising edge-triggered cell FDCE clocked by sys_clk  {rise@0.000ns fall@4.250ns period=8.500ns})
  Destination:            Y[1]
                            (output port)
  Path Group:             (none)
  Path Type:              Min at Fast Process Corner
  Data Path Delay:        1.797ns  (logic 1.427ns (79.371%)  route 0.371ns (20.629%))
  Logic Levels:           1  (OBUF=1)
  Clock Uncertainty:      0.025ns  ((TSJ^2 + TIJ^2)^1/2 + DJ) / 2 + PE
    Total System Jitter     (TSJ):    0.050ns
    Total Input Jitter      (TIJ):    0.000ns
    Discrete Jitter          (DJ):    0.000ns
    Phase Error              (PE):    0.000ns

    Location             Delay type                Incr(ns)  Path(ns)    Netlist Resource(s)
  -------------------------------------------------------------------    -------------------
                         (clock sys_clk rise edge)    0.000     0.000 r  
    P23                                               0.000     0.000 r  CLK (IN)
                         net (fo=0)                   0.000     0.000    CLK
    P23                  IBUF (Prop_ibuf_I_O)         0.109     0.109 r  CLK_IBUF_inst/O
                         net (fo=1, routed)           0.863     0.972    CLK_IBUF
    BUFGCTRL_X0Y0        BUFG (Prop_bufg_I_O)         0.026     0.998 r  CLK_IBUF_BUFG_inst/O
                         net (fo=230, routed)         0.580     1.578    REG_Y_1/GEN[1].FF_D_i/CLK_IBUF_BUFG
    SLICE_X7Y54          FDCE                                         r  REG_Y_1/GEN[1].FF_D_i/Q_reg_lopt_replica/C
  -------------------------------------------------------------------    -------------------
    SLICE_X7Y54          FDCE (Prop_fdce_C_Q)         0.100     1.678 r  REG_Y_1/GEN[1].FF_D_i/Q_reg_lopt_replica/Q
                         net (fo=1, routed)           0.371     2.049    lopt_11
    J23                  OBUF (Prop_obuf_I_O)         1.327     3.375 r  Y_OBUF[1]_inst/O
                         net (fo=0)                   0.000     3.375    Y[1]
    J23                                                               r  Y[1] (OUT)
  -------------------------------------------------------------------    -------------------

Slack:                    inf
  Source:                 REG_Y_1/GEN[6].FF_D_i/Q_reg_lopt_replica/C
                            (rising edge-triggered cell FDCE clocked by sys_clk  {rise@0.000ns fall@4.250ns period=8.500ns})
  Destination:            Y[6]
                            (output port)
  Path Group:             (none)
  Path Type:              Min at Fast Process Corner
  Data Path Delay:        1.799ns  (logic 1.429ns (79.435%)  route 0.370ns (20.565%))
  Logic Levels:           1  (OBUF=1)
  Clock Uncertainty:      0.025ns  ((TSJ^2 + TIJ^2)^1/2 + DJ) / 2 + PE
    Total System Jitter     (TSJ):    0.050ns
    Total Input Jitter      (TIJ):    0.000ns
    Discrete Jitter          (DJ):    0.000ns
    Phase Error              (PE):    0.000ns

    Location             Delay type                Incr(ns)  Path(ns)    Netlist Resource(s)
  -------------------------------------------------------------------    -------------------
                         (clock sys_clk rise edge)    0.000     0.000 r  
    P23                                               0.000     0.000 r  CLK (IN)
                         net (fo=0)                   0.000     0.000    CLK
    P23                  IBUF (Prop_ibuf_I_O)         0.109     0.109 r  CLK_IBUF_inst/O
                         net (fo=1, routed)           0.863     0.972    CLK_IBUF
    BUFGCTRL_X0Y0        BUFG (Prop_bufg_I_O)         0.026     0.998 r  CLK_IBUF_BUFG_inst/O
                         net (fo=230, routed)         0.580     1.578    REG_Y_1/GEN[6].FF_D_i/CLK_IBUF_BUFG
    SLICE_X5Y55          FDCE                                         r  REG_Y_1/GEN[6].FF_D_i/Q_reg_lopt_replica/C
  -------------------------------------------------------------------    -------------------
    SLICE_X5Y55          FDCE (Prop_fdce_C_Q)         0.100     1.678 r  REG_Y_1/GEN[6].FF_D_i/Q_reg_lopt_replica/Q
                         net (fo=1, routed)           0.370     2.048    lopt_28
    J24                  OBUF (Prop_obuf_I_O)         1.329     3.377 r  Y_OBUF[6]_inst/O
                         net (fo=0)                   0.000     3.377    Y[6]
    J24                                                               r  Y[6] (OUT)
  -------------------------------------------------------------------    -------------------

Slack:                    inf
  Source:                 REG_Y_1/GEN[2].FF_D_i/Q_reg_lopt_replica/C
                            (rising edge-triggered cell FDCE clocked by sys_clk  {rise@0.000ns fall@4.250ns period=8.500ns})
  Destination:            Y[2]
                            (output port)
  Path Group:             (none)
  Path Type:              Min at Fast Process Corner
  Data Path Delay:        1.811ns  (logic 1.445ns (79.825%)  route 0.365ns (20.175%))
  Logic Levels:           1  (OBUF=1)
  Clock Uncertainty:      0.025ns  ((TSJ^2 + TIJ^2)^1/2 + DJ) / 2 + PE
    Total System Jitter     (TSJ):    0.050ns
    Total Input Jitter      (TIJ):    0.000ns
    Discrete Jitter          (DJ):    0.000ns
    Phase Error              (PE):    0.000ns

    Location             Delay type                Incr(ns)  Path(ns)    Netlist Resource(s)
  -------------------------------------------------------------------    -------------------
                         (clock sys_clk rise edge)    0.000     0.000 r  
    P23                                               0.000     0.000 r  CLK (IN)
                         net (fo=0)                   0.000     0.000    CLK
    P23                  IBUF (Prop_ibuf_I_O)         0.109     0.109 r  CLK_IBUF_inst/O
                         net (fo=1, routed)           0.863     0.972    CLK_IBUF
    BUFGCTRL_X0Y0        BUFG (Prop_bufg_I_O)         0.026     0.998 r  CLK_IBUF_BUFG_inst/O
                         net (fo=230, routed)         0.580     1.578    REG_Y_1/GEN[2].FF_D_i/CLK_IBUF_BUFG
    SLICE_X6Y54          FDCE                                         r  REG_Y_1/GEN[2].FF_D_i/Q_reg_lopt_replica/C
  -------------------------------------------------------------------    -------------------
    SLICE_X6Y54          FDCE (Prop_fdce_C_Q)         0.118     1.696 r  REG_Y_1/GEN[2].FF_D_i/Q_reg_lopt_replica/Q
                         net (fo=1, routed)           0.365     2.061    lopt_22
    K23                  OBUF (Prop_obuf_I_O)         1.327     3.389 r  Y_OBUF[2]_inst/O
                         net (fo=0)                   0.000     3.389    Y[2]
    K23                                                               r  Y[2] (OUT)
  -------------------------------------------------------------------    -------------------

Slack:                    inf
  Source:                 REG_Y_1/GEN[10].FF_D_i/Q_reg_lopt_replica/C
                            (rising edge-triggered cell FDCE clocked by sys_clk  {rise@0.000ns fall@4.250ns period=8.500ns})
  Destination:            Y[10]
                            (output port)
  Path Group:             (none)
  Path Type:              Min at Fast Process Corner
  Data Path Delay:        1.812ns  (logic 1.430ns (78.918%)  route 0.382ns (21.082%))
  Logic Levels:           1  (OBUF=1)
  Clock Uncertainty:      0.025ns  ((TSJ^2 + TIJ^2)^1/2 + DJ) / 2 + PE
    Total System Jitter     (TSJ):    0.050ns
    Total Input Jitter      (TIJ):    0.000ns
    Discrete Jitter          (DJ):    0.000ns
    Phase Error              (PE):    0.000ns

    Location             Delay type                Incr(ns)  Path(ns)    Netlist Resource(s)
  -------------------------------------------------------------------    -------------------
                         (clock sys_clk rise edge)    0.000     0.000 r  
    P23                                               0.000     0.000 r  CLK (IN)
                         net (fo=0)                   0.000     0.000    CLK
    P23                  IBUF (Prop_ibuf_I_O)         0.109     0.109 r  CLK_IBUF_inst/O
                         net (fo=1, routed)           0.863     0.972    CLK_IBUF
    BUFGCTRL_X0Y0        BUFG (Prop_bufg_I_O)         0.026     0.998 r  CLK_IBUF_BUFG_inst/O
                         net (fo=230, routed)         0.579     1.577    REG_Y_1/GEN[10].FF_D_i/CLK_IBUF_BUFG
    SLICE_X4Y57          FDCE                                         r  REG_Y_1/GEN[10].FF_D_i/Q_reg_lopt_replica/C
  -------------------------------------------------------------------    -------------------
    SLICE_X4Y57          FDCE (Prop_fdce_C_Q)         0.100     1.677 r  REG_Y_1/GEN[10].FF_D_i/Q_reg_lopt_replica/Q
                         net (fo=1, routed)           0.382     2.059    lopt_1
    H23                  OBUF (Prop_obuf_I_O)         1.330     3.389 r  Y_OBUF[10]_inst/O
                         net (fo=0)                   0.000     3.389    Y[10]
    H23                                                               r  Y[10] (OUT)
  -------------------------------------------------------------------    -------------------

Slack:                    inf
  Source:                 REG_Y_1/GEN[13].FF_D_i/Q_reg_lopt_replica/C
                            (rising edge-triggered cell FDCE clocked by sys_clk  {rise@0.000ns fall@4.250ns period=8.500ns})
  Destination:            Y[13]
                            (output port)
  Path Group:             (none)
  Path Type:              Min at Fast Process Corner
  Data Path Delay:        1.816ns  (logic 1.437ns (79.118%)  route 0.379ns (20.882%))
  Logic Levels:           1  (OBUF=1)
  Clock Uncertainty:      0.025ns  ((TSJ^2 + TIJ^2)^1/2 + DJ) / 2 + PE
    Total System Jitter     (TSJ):    0.050ns
    Total Input Jitter      (TIJ):    0.000ns
    Discrete Jitter          (DJ):    0.000ns
    Phase Error              (PE):    0.000ns

    Location             Delay type                Incr(ns)  Path(ns)    Netlist Resource(s)
  -------------------------------------------------------------------    -------------------
                         (clock sys_clk rise edge)    0.000     0.000 r  
    P23                                               0.000     0.000 r  CLK (IN)
                         net (fo=0)                   0.000     0.000    CLK
    P23                  IBUF (Prop_ibuf_I_O)         0.109     0.109 r  CLK_IBUF_inst/O
                         net (fo=1, routed)           0.863     0.972    CLK_IBUF
    BUFGCTRL_X0Y0        BUFG (Prop_bufg_I_O)         0.026     0.998 r  CLK_IBUF_BUFG_inst/O
                         net (fo=230, routed)         0.579     1.577    REG_Y_1/GEN[13].FF_D_i/CLK_IBUF_BUFG
    SLICE_X4Y58          FDCE                                         r  REG_Y_1/GEN[13].FF_D_i/Q_reg_lopt_replica/C
  -------------------------------------------------------------------    -------------------
    SLICE_X4Y58          FDCE (Prop_fdce_C_Q)         0.100     1.677 r  REG_Y_1/GEN[13].FF_D_i/Q_reg_lopt_replica/Q
                         net (fo=1, routed)           0.379     2.056    lopt_4
    H26                  OBUF (Prop_obuf_I_O)         1.337     3.393 r  Y_OBUF[13]_inst/O
                         net (fo=0)                   0.000     3.393    Y[13]
    H26                                                               r  Y[13] (OUT)
  -------------------------------------------------------------------    -------------------

Slack:                    inf
  Source:                 REG_Y_1/GEN[4].FF_D_i/Q_reg_lopt_replica/C
                            (rising edge-triggered cell FDCE clocked by sys_clk  {rise@0.000ns fall@4.250ns period=8.500ns})
  Destination:            Y[4]
                            (output port)
  Path Group:             (none)
  Path Type:              Min at Fast Process Corner
  Data Path Delay:        1.816ns  (logic 1.453ns (80.011%)  route 0.363ns (19.989%))
  Logic Levels:           1  (OBUF=1)
  Clock Uncertainty:      0.025ns  ((TSJ^2 + TIJ^2)^1/2 + DJ) / 2 + PE
    Total System Jitter     (TSJ):    0.050ns
    Total Input Jitter      (TIJ):    0.000ns
    Discrete Jitter          (DJ):    0.000ns
    Phase Error              (PE):    0.000ns

    Location             Delay type                Incr(ns)  Path(ns)    Netlist Resource(s)
  -------------------------------------------------------------------    -------------------
                         (clock sys_clk rise edge)    0.000     0.000 r  
    P23                                               0.000     0.000 r  CLK (IN)
                         net (fo=0)                   0.000     0.000    CLK
    P23                  IBUF (Prop_ibuf_I_O)         0.109     0.109 r  CLK_IBUF_inst/O
                         net (fo=1, routed)           0.863     0.972    CLK_IBUF
    BUFGCTRL_X0Y0        BUFG (Prop_bufg_I_O)         0.026     0.998 r  CLK_IBUF_BUFG_inst/O
                         net (fo=230, routed)         0.580     1.578    REG_Y_1/GEN[4].FF_D_i/CLK_IBUF_BUFG
    SLICE_X6Y55          FDCE                                         r  REG_Y_1/GEN[4].FF_D_i/Q_reg_lopt_replica/C
  -------------------------------------------------------------------    -------------------
    SLICE_X6Y55          FDCE (Prop_fdce_C_Q)         0.118     1.696 r  REG_Y_1/GEN[4].FF_D_i/Q_reg_lopt_replica/Q
                         net (fo=1, routed)           0.363     2.059    lopt_26
    L22                  OBUF (Prop_obuf_I_O)         1.335     3.394 r  Y_OBUF[4]_inst/O
                         net (fo=0)                   0.000     3.394    Y[4]
    L22                                                               r  Y[4] (OUT)
  -------------------------------------------------------------------    -------------------





--------------------------------------------------------------------------------------
Path Group:  (none)
From Clock:  
  To Clock:  sys_clk

Max Delay           265 Endpoints
Min Delay           265 Endpoints
--------------------------------------------------------------------------------------


Max Delay Paths
--------------------------------------------------------------------------------------
Slack:                    inf
  Source:                 INIT
                            (input port)
  Destination:            PIPE_REG_Y_1/GEN[0].FF_D_i/Q_reg/CLR
                            (recovery check against rising-edge clock sys_clk  {rise@0.000ns fall@4.250ns period=8.500ns})
  Path Group:             (none)
  Path Type:              Recovery (Max at Slow Process Corner)
  Data Path Delay:        5.603ns  (logic 0.879ns (15.691%)  route 4.724ns (84.309%))
  Logic Levels:           2  (IBUF=1 LUT2=1)
  Clock Path Skew:        4.211ns (DCD - SCD + CPR)
    Destination Clock Delay (DCD):    4.211ns
    Source Clock Delay      (SCD):    0.000ns
    Clock Pessimism Removal (CPR):    0.000ns
  Clock Uncertainty:      0.025ns  ((TSJ^2 + TIJ^2)^1/2 + DJ) / 2 + PE
    Total System Jitter     (TSJ):    0.050ns
    Total Input Jitter      (TIJ):    0.000ns
    Discrete Jitter          (DJ):    0.000ns
    Phase Error              (PE):    0.000ns

    Location             Delay type                Incr(ns)  Path(ns)    Netlist Resource(s)
  -------------------------------------------------------------------    -------------------
    N19                                               0.000     0.000 f  INIT (IN)
                         net (fo=0)                   0.000     0.000    INIT
    N19                  IBUF (Prop_ibuf_I_O)         0.826     0.826 f  INIT_IBUF_inst/O
                         net (fo=1, routed)           0.937     1.763    REG_Y_1/GEN[31].FF_D_i/INIT_IBUF
    SLICE_X0Y37          LUT2 (Prop_lut2_I1_O)        0.053     1.816 f  REG_Y_1/GEN[31].FF_D_i/Q_i_2__85/O
                         net (fo=230, routed)         3.787     5.603    PIPE_REG_Y_1/GEN[0].FF_D_i/Q_reg_1
    SLICE_X11Y55         FDCE                                         f  PIPE_REG_Y_1/GEN[0].FF_D_i/Q_reg/CLR
  -------------------------------------------------------------------    -------------------

                         (clock sys_clk rise edge)    0.000     0.000 r  
    P23                                               0.000     0.000 r  CLK (IN)
                         net (fo=0)                   0.000     0.000    CLK
    P23                  IBUF (Prop_ibuf_I_O)         0.769     0.769 r  CLK_IBUF_inst/O
                         net (fo=1, routed)           2.040     2.809    CLK_IBUF
    BUFGCTRL_X0Y0        BUFG (Prop_bufg_I_O)         0.113     2.922 r  CLK_IBUF_BUFG_inst/O
                         net (fo=230, routed)         1.289     4.211    PIPE_REG_Y_1/GEN[0].FF_D_i/CLK_IBUF_BUFG
    SLICE_X11Y55         FDCE                                         r  PIPE_REG_Y_1/GEN[0].FF_D_i/Q_reg/C

Slack:                    inf
  Source:                 INIT
                            (input port)
  Destination:            PIPE_REG_Y_1/GEN[1].FF_D_i/Q_reg/CLR
                            (recovery check against rising-edge clock sys_clk  {rise@0.000ns fall@4.250ns period=8.500ns})
  Path Group:             (none)
  Path Type:              Recovery (Max at Slow Process Corner)
  Data Path Delay:        5.603ns  (logic 0.879ns (15.691%)  route 4.724ns (84.309%))
  Logic Levels:           2  (IBUF=1 LUT2=1)
  Clock Path Skew:        4.211ns (DCD - SCD + CPR)
    Destination Clock Delay (DCD):    4.211ns
    Source Clock Delay      (SCD):    0.000ns
    Clock Pessimism Removal (CPR):    0.000ns
  Clock Uncertainty:      0.025ns  ((TSJ^2 + TIJ^2)^1/2 + DJ) / 2 + PE
    Total System Jitter     (TSJ):    0.050ns
    Total Input Jitter      (TIJ):    0.000ns
    Discrete Jitter          (DJ):    0.000ns
    Phase Error              (PE):    0.000ns

    Location             Delay type                Incr(ns)  Path(ns)    Netlist Resource(s)
  -------------------------------------------------------------------    -------------------
    N19                                               0.000     0.000 f  INIT (IN)
                         net (fo=0)                   0.000     0.000    INIT
    N19                  IBUF (Prop_ibuf_I_O)         0.826     0.826 f  INIT_IBUF_inst/O
                         net (fo=1, routed)           0.937     1.763    REG_Y_1/GEN[31].FF_D_i/INIT_IBUF
    SLICE_X0Y37          LUT2 (Prop_lut2_I1_O)        0.053     1.816 f  REG_Y_1/GEN[31].FF_D_i/Q_i_2__85/O
                         net (fo=230, routed)         3.787     5.603    PIPE_REG_Y_1/GEN[1].FF_D_i/Q_reg_1
    SLICE_X10Y55         FDCE                                         f  PIPE_REG_Y_1/GEN[1].FF_D_i/Q_reg/CLR
  -------------------------------------------------------------------    -------------------

                         (clock sys_clk rise edge)    0.000     0.000 r  
    P23                                               0.000     0.000 r  CLK (IN)
                         net (fo=0)                   0.000     0.000    CLK
    P23                  IBUF (Prop_ibuf_I_O)         0.769     0.769 r  CLK_IBUF_inst/O
                         net (fo=1, routed)           2.040     2.809    CLK_IBUF
    BUFGCTRL_X0Y0        BUFG (Prop_bufg_I_O)         0.113     2.922 r  CLK_IBUF_BUFG_inst/O
                         net (fo=230, routed)         1.289     4.211    PIPE_REG_Y_1/GEN[1].FF_D_i/CLK_IBUF_BUFG
    SLICE_X10Y55         FDCE                                         r  PIPE_REG_Y_1/GEN[1].FF_D_i/Q_reg/C

Slack:                    inf
  Source:                 INIT
                            (input port)
  Destination:            PIPE_REG_Y_1/GEN[2].FF_D_i/Q_reg/CLR
                            (recovery check against rising-edge clock sys_clk  {rise@0.000ns fall@4.250ns period=8.500ns})
  Path Group:             (none)
  Path Type:              Recovery (Max at Slow Process Corner)
  Data Path Delay:        5.603ns  (logic 0.879ns (15.691%)  route 4.724ns (84.309%))
  Logic Levels:           2  (IBUF=1 LUT2=1)
  Clock Path Skew:        4.211ns (DCD - SCD + CPR)
    Destination Clock Delay (DCD):    4.211ns
    Source Clock Delay      (SCD):    0.000ns
    Clock Pessimism Removal (CPR):    0.000ns
  Clock Uncertainty:      0.025ns  ((TSJ^2 + TIJ^2)^1/2 + DJ) / 2 + PE
    Total System Jitter     (TSJ):    0.050ns
    Total Input Jitter      (TIJ):    0.000ns
    Discrete Jitter          (DJ):    0.000ns
    Phase Error              (PE):    0.000ns

    Location             Delay type                Incr(ns)  Path(ns)    Netlist Resource(s)
  -------------------------------------------------------------------    -------------------
    N19                                               0.000     0.000 f  INIT (IN)
                         net (fo=0)                   0.000     0.000    INIT
    N19                  IBUF (Prop_ibuf_I_O)         0.826     0.826 f  INIT_IBUF_inst/O
                         net (fo=1, routed)           0.937     1.763    REG_Y_1/GEN[31].FF_D_i/INIT_IBUF
    SLICE_X0Y37          LUT2 (Prop_lut2_I1_O)        0.053     1.816 f  REG_Y_1/GEN[31].FF_D_i/Q_i_2__85/O
                         net (fo=230, routed)         3.787     5.603    PIPE_REG_Y_1/GEN[2].FF_D_i/Q_reg_1
    SLICE_X11Y55         FDCE                                         f  PIPE_REG_Y_1/GEN[2].FF_D_i/Q_reg/CLR
  -------------------------------------------------------------------    -------------------

                         (clock sys_clk rise edge)    0.000     0.000 r  
    P23                                               0.000     0.000 r  CLK (IN)
                         net (fo=0)                   0.000     0.000    CLK
    P23                  IBUF (Prop_ibuf_I_O)         0.769     0.769 r  CLK_IBUF_inst/O
                         net (fo=1, routed)           2.040     2.809    CLK_IBUF
    BUFGCTRL_X0Y0        BUFG (Prop_bufg_I_O)         0.113     2.922 r  CLK_IBUF_BUFG_inst/O
                         net (fo=230, routed)         1.289     4.211    PIPE_REG_Y_1/GEN[2].FF_D_i/CLK_IBUF_BUFG
    SLICE_X11Y55         FDCE                                         r  PIPE_REG_Y_1/GEN[2].FF_D_i/Q_reg/C

Slack:                    inf
  Source:                 INIT
                            (input port)
  Destination:            REG_Y_1/GEN[1].FF_D_i/Q_reg/CLR
                            (recovery check against rising-edge clock sys_clk  {rise@0.000ns fall@4.250ns period=8.500ns})
  Path Group:             (none)
  Path Type:              Recovery (Max at Slow Process Corner)
  Data Path Delay:        5.603ns  (logic 0.879ns (15.691%)  route 4.724ns (84.309%))
  Logic Levels:           2  (IBUF=1 LUT2=1)
  Clock Path Skew:        4.211ns (DCD - SCD + CPR)
    Destination Clock Delay (DCD):    4.211ns
    Source Clock Delay      (SCD):    0.000ns
    Clock Pessimism Removal (CPR):    0.000ns
  Clock Uncertainty:      0.025ns  ((TSJ^2 + TIJ^2)^1/2 + DJ) / 2 + PE
    Total System Jitter     (TSJ):    0.050ns
    Total Input Jitter      (TIJ):    0.000ns
    Discrete Jitter          (DJ):    0.000ns
    Phase Error              (PE):    0.000ns

    Location             Delay type                Incr(ns)  Path(ns)    Netlist Resource(s)
  -------------------------------------------------------------------    -------------------
    N19                                               0.000     0.000 f  INIT (IN)
                         net (fo=0)                   0.000     0.000    INIT
    N19                  IBUF (Prop_ibuf_I_O)         0.826     0.826 f  INIT_IBUF_inst/O
                         net (fo=1, routed)           0.937     1.763    REG_Y_1/GEN[31].FF_D_i/INIT_IBUF
    SLICE_X0Y37          LUT2 (Prop_lut2_I1_O)        0.053     1.816 f  REG_Y_1/GEN[31].FF_D_i/Q_i_2__85/O
                         net (fo=230, routed)         3.787     5.603    REG_Y_1/GEN[1].FF_D_i/Q_reg_0
    SLICE_X10Y55         FDCE                                         f  REG_Y_1/GEN[1].FF_D_i/Q_reg/CLR
  -------------------------------------------------------------------    -------------------

                         (clock sys_clk rise edge)    0.000     0.000 r  
    P23                                               0.000     0.000 r  CLK (IN)
                         net (fo=0)                   0.000     0.000    CLK
    P23                  IBUF (Prop_ibuf_I_O)         0.769     0.769 r  CLK_IBUF_inst/O
                         net (fo=1, routed)           2.040     2.809    CLK_IBUF
    BUFGCTRL_X0Y0        BUFG (Prop_bufg_I_O)         0.113     2.922 r  CLK_IBUF_BUFG_inst/O
                         net (fo=230, routed)         1.289     4.211    REG_Y_1/GEN[1].FF_D_i/CLK_IBUF_BUFG
    SLICE_X10Y55         FDCE                                         r  REG_Y_1/GEN[1].FF_D_i/Q_reg/C

Slack:                    inf
  Source:                 INIT
                            (input port)
  Destination:            REG_Y_2/GEN[0].FF_D_i/Q_reg/CLR
                            (recovery check against rising-edge clock sys_clk  {rise@0.000ns fall@4.250ns period=8.500ns})
  Path Group:             (none)
  Path Type:              Recovery (Max at Slow Process Corner)
  Data Path Delay:        5.603ns  (logic 0.879ns (15.691%)  route 4.724ns (84.309%))
  Logic Levels:           2  (IBUF=1 LUT2=1)
  Clock Path Skew:        4.211ns (DCD - SCD + CPR)
    Destination Clock Delay (DCD):    4.211ns
    Source Clock Delay      (SCD):    0.000ns
    Clock Pessimism Removal (CPR):    0.000ns
  Clock Uncertainty:      0.025ns  ((TSJ^2 + TIJ^2)^1/2 + DJ) / 2 + PE
    Total System Jitter     (TSJ):    0.050ns
    Total Input Jitter      (TIJ):    0.000ns
    Discrete Jitter          (DJ):    0.000ns
    Phase Error              (PE):    0.000ns

    Location             Delay type                Incr(ns)  Path(ns)    Netlist Resource(s)
  -------------------------------------------------------------------    -------------------
    N19                                               0.000     0.000 f  INIT (IN)
                         net (fo=0)                   0.000     0.000    INIT
    N19                  IBUF (Prop_ibuf_I_O)         0.826     0.826 f  INIT_IBUF_inst/O
                         net (fo=1, routed)           0.937     1.763    REG_Y_1/GEN[31].FF_D_i/INIT_IBUF
    SLICE_X0Y37          LUT2 (Prop_lut2_I1_O)        0.053     1.816 f  REG_Y_1/GEN[31].FF_D_i/Q_i_2__85/O
                         net (fo=230, routed)         3.787     5.603    REG_Y_2/GEN[0].FF_D_i/Q_reg_1
    SLICE_X11Y55         FDCE                                         f  REG_Y_2/GEN[0].FF_D_i/Q_reg/CLR
  -------------------------------------------------------------------    -------------------

                         (clock sys_clk rise edge)    0.000     0.000 r  
    P23                                               0.000     0.000 r  CLK (IN)
                         net (fo=0)                   0.000     0.000    CLK
    P23                  IBUF (Prop_ibuf_I_O)         0.769     0.769 r  CLK_IBUF_inst/O
                         net (fo=1, routed)           2.040     2.809    CLK_IBUF
    BUFGCTRL_X0Y0        BUFG (Prop_bufg_I_O)         0.113     2.922 r  CLK_IBUF_BUFG_inst/O
                         net (fo=230, routed)         1.289     4.211    REG_Y_2/GEN[0].FF_D_i/CLK_IBUF_BUFG
    SLICE_X11Y55         FDCE                                         r  REG_Y_2/GEN[0].FF_D_i/Q_reg/C

Slack:                    inf
  Source:                 INIT
                            (input port)
  Destination:            REG_Y_2/GEN[1].FF_D_i/Q_reg/CLR
                            (recovery check against rising-edge clock sys_clk  {rise@0.000ns fall@4.250ns period=8.500ns})
  Path Group:             (none)
  Path Type:              Recovery (Max at Slow Process Corner)
  Data Path Delay:        5.603ns  (logic 0.879ns (15.691%)  route 4.724ns (84.309%))
  Logic Levels:           2  (IBUF=1 LUT2=1)
  Clock Path Skew:        4.211ns (DCD - SCD + CPR)
    Destination Clock Delay (DCD):    4.211ns
    Source Clock Delay      (SCD):    0.000ns
    Clock Pessimism Removal (CPR):    0.000ns
  Clock Uncertainty:      0.025ns  ((TSJ^2 + TIJ^2)^1/2 + DJ) / 2 + PE
    Total System Jitter     (TSJ):    0.050ns
    Total Input Jitter      (TIJ):    0.000ns
    Discrete Jitter          (DJ):    0.000ns
    Phase Error              (PE):    0.000ns

    Location             Delay type                Incr(ns)  Path(ns)    Netlist Resource(s)
  -------------------------------------------------------------------    -------------------
    N19                                               0.000     0.000 f  INIT (IN)
                         net (fo=0)                   0.000     0.000    INIT
    N19                  IBUF (Prop_ibuf_I_O)         0.826     0.826 f  INIT_IBUF_inst/O
                         net (fo=1, routed)           0.937     1.763    REG_Y_1/GEN[31].FF_D_i/INIT_IBUF
    SLICE_X0Y37          LUT2 (Prop_lut2_I1_O)        0.053     1.816 f  REG_Y_1/GEN[31].FF_D_i/Q_i_2__85/O
                         net (fo=230, routed)         3.787     5.603    REG_Y_2/GEN[1].FF_D_i/Q_reg_2
    SLICE_X10Y55         FDCE                                         f  REG_Y_2/GEN[1].FF_D_i/Q_reg/CLR
  -------------------------------------------------------------------    -------------------

                         (clock sys_clk rise edge)    0.000     0.000 r  
    P23                                               0.000     0.000 r  CLK (IN)
                         net (fo=0)                   0.000     0.000    CLK
    P23                  IBUF (Prop_ibuf_I_O)         0.769     0.769 r  CLK_IBUF_inst/O
                         net (fo=1, routed)           2.040     2.809    CLK_IBUF
    BUFGCTRL_X0Y0        BUFG (Prop_bufg_I_O)         0.113     2.922 r  CLK_IBUF_BUFG_inst/O
                         net (fo=230, routed)         1.289     4.211    REG_Y_2/GEN[1].FF_D_i/CLK_IBUF_BUFG
    SLICE_X10Y55         FDCE                                         r  REG_Y_2/GEN[1].FF_D_i/Q_reg/C

Slack:                    inf
  Source:                 INIT
                            (input port)
  Destination:            REG_Y_2/GEN[2].FF_D_i/Q_reg/CLR
                            (recovery check against rising-edge clock sys_clk  {rise@0.000ns fall@4.250ns period=8.500ns})
  Path Group:             (none)
  Path Type:              Recovery (Max at Slow Process Corner)
  Data Path Delay:        5.603ns  (logic 0.879ns (15.691%)  route 4.724ns (84.309%))
  Logic Levels:           2  (IBUF=1 LUT2=1)
  Clock Path Skew:        4.211ns (DCD - SCD + CPR)
    Destination Clock Delay (DCD):    4.211ns
    Source Clock Delay      (SCD):    0.000ns
    Clock Pessimism Removal (CPR):    0.000ns
  Clock Uncertainty:      0.025ns  ((TSJ^2 + TIJ^2)^1/2 + DJ) / 2 + PE
    Total System Jitter     (TSJ):    0.050ns
    Total Input Jitter      (TIJ):    0.000ns
    Discrete Jitter          (DJ):    0.000ns
    Phase Error              (PE):    0.000ns

    Location             Delay type                Incr(ns)  Path(ns)    Netlist Resource(s)
  -------------------------------------------------------------------    -------------------
    N19                                               0.000     0.000 f  INIT (IN)
                         net (fo=0)                   0.000     0.000    INIT
    N19                  IBUF (Prop_ibuf_I_O)         0.826     0.826 f  INIT_IBUF_inst/O
                         net (fo=1, routed)           0.937     1.763    REG_Y_1/GEN[31].FF_D_i/INIT_IBUF
    SLICE_X0Y37          LUT2 (Prop_lut2_I1_O)        0.053     1.816 f  REG_Y_1/GEN[31].FF_D_i/Q_i_2__85/O
                         net (fo=230, routed)         3.787     5.603    REG_Y_2/GEN[2].FF_D_i/Q_reg_1
    SLICE_X11Y55         FDCE                                         f  REG_Y_2/GEN[2].FF_D_i/Q_reg/CLR
  -------------------------------------------------------------------    -------------------

                         (clock sys_clk rise edge)    0.000     0.000 r  
    P23                                               0.000     0.000 r  CLK (IN)
                         net (fo=0)                   0.000     0.000    CLK
    P23                  IBUF (Prop_ibuf_I_O)         0.769     0.769 r  CLK_IBUF_inst/O
                         net (fo=1, routed)           2.040     2.809    CLK_IBUF
    BUFGCTRL_X0Y0        BUFG (Prop_bufg_I_O)         0.113     2.922 r  CLK_IBUF_BUFG_inst/O
                         net (fo=230, routed)         1.289     4.211    REG_Y_2/GEN[2].FF_D_i/CLK_IBUF_BUFG
    SLICE_X11Y55         FDCE                                         r  REG_Y_2/GEN[2].FF_D_i/Q_reg/C

Slack:                    inf
  Source:                 INIT
                            (input port)
  Destination:            REG_K/GEN[0].FF_D_i/Q_reg/CLR
                            (recovery check against rising-edge clock sys_clk  {rise@0.000ns fall@4.250ns period=8.500ns})
  Path Group:             (none)
  Path Type:              Recovery (Max at Slow Process Corner)
  Data Path Delay:        5.532ns  (logic 0.879ns (15.893%)  route 4.653ns (84.107%))
  Logic Levels:           2  (IBUF=1 LUT2=1)
  Clock Path Skew:        4.212ns (DCD - SCD + CPR)
    Destination Clock Delay (DCD):    4.212ns
    Source Clock Delay      (SCD):    0.000ns
    Clock Pessimism Removal (CPR):    0.000ns
  Clock Uncertainty:      0.025ns  ((TSJ^2 + TIJ^2)^1/2 + DJ) / 2 + PE
    Total System Jitter     (TSJ):    0.050ns
    Total Input Jitter      (TIJ):    0.000ns
    Discrete Jitter          (DJ):    0.000ns
    Phase Error              (PE):    0.000ns

    Location             Delay type                Incr(ns)  Path(ns)    Netlist Resource(s)
  -------------------------------------------------------------------    -------------------
    N19                                               0.000     0.000 f  INIT (IN)
                         net (fo=0)                   0.000     0.000    INIT
    N19                  IBUF (Prop_ibuf_I_O)         0.826     0.826 f  INIT_IBUF_inst/O
                         net (fo=1, routed)           0.937     1.763    REG_Y_1/GEN[31].FF_D_i/INIT_IBUF
    SLICE_X0Y37          LUT2 (Prop_lut2_I1_O)        0.053     1.816 f  REG_Y_1/GEN[31].FF_D_i/Q_i_2__85/O
                         net (fo=230, routed)         3.715     5.532    REG_K/GEN[0].FF_D_i/Q_reg_6
    SLICE_X10Y51         FDCE                                         f  REG_K/GEN[0].FF_D_i/Q_reg/CLR
  -------------------------------------------------------------------    -------------------

                         (clock sys_clk rise edge)    0.000     0.000 r  
    P23                                               0.000     0.000 r  CLK (IN)
                         net (fo=0)                   0.000     0.000    CLK
    P23                  IBUF (Prop_ibuf_I_O)         0.769     0.769 r  CLK_IBUF_inst/O
                         net (fo=1, routed)           2.040     2.809    CLK_IBUF
    BUFGCTRL_X0Y0        BUFG (Prop_bufg_I_O)         0.113     2.922 r  CLK_IBUF_BUFG_inst/O
                         net (fo=230, routed)         1.290     4.212    REG_K/GEN[0].FF_D_i/CLK_IBUF_BUFG
    SLICE_X10Y51         FDCE                                         r  REG_K/GEN[0].FF_D_i/Q_reg/C

Slack:                    inf
  Source:                 INIT
                            (input port)
  Destination:            PIPE_REG_Y_1/GEN[3].FF_D_i/Q_reg/CLR
                            (recovery check against rising-edge clock sys_clk  {rise@0.000ns fall@4.250ns period=8.500ns})
  Path Group:             (none)
  Path Type:              Recovery (Max at Slow Process Corner)
  Data Path Delay:        5.503ns  (logic 0.879ns (15.976%)  route 4.624ns (84.024%))
  Logic Levels:           2  (IBUF=1 LUT2=1)
  Clock Path Skew:        4.211ns (DCD - SCD + CPR)
    Destination Clock Delay (DCD):    4.211ns
    Source Clock Delay      (SCD):    0.000ns
    Clock Pessimism Removal (CPR):    0.000ns
  Clock Uncertainty:      0.025ns  ((TSJ^2 + TIJ^2)^1/2 + DJ) / 2 + PE
    Total System Jitter     (TSJ):    0.050ns
    Total Input Jitter      (TIJ):    0.000ns
    Discrete Jitter          (DJ):    0.000ns
    Phase Error              (PE):    0.000ns

    Location             Delay type                Incr(ns)  Path(ns)    Netlist Resource(s)
  -------------------------------------------------------------------    -------------------
    N19                                               0.000     0.000 f  INIT (IN)
                         net (fo=0)                   0.000     0.000    INIT
    N19                  IBUF (Prop_ibuf_I_O)         0.826     0.826 f  INIT_IBUF_inst/O
                         net (fo=1, routed)           0.937     1.763    REG_Y_1/GEN[31].FF_D_i/INIT_IBUF
    SLICE_X0Y37          LUT2 (Prop_lut2_I1_O)        0.053     1.816 f  REG_Y_1/GEN[31].FF_D_i/Q_i_2__85/O
                         net (fo=230, routed)         3.687     5.503    PIPE_REG_Y_1/GEN[3].FF_D_i/Q_reg_1
    SLICE_X11Y56         FDCE                                         f  PIPE_REG_Y_1/GEN[3].FF_D_i/Q_reg/CLR
  -------------------------------------------------------------------    -------------------

                         (clock sys_clk rise edge)    0.000     0.000 r  
    P23                                               0.000     0.000 r  CLK (IN)
                         net (fo=0)                   0.000     0.000    CLK
    P23                  IBUF (Prop_ibuf_I_O)         0.769     0.769 r  CLK_IBUF_inst/O
                         net (fo=1, routed)           2.040     2.809    CLK_IBUF
    BUFGCTRL_X0Y0        BUFG (Prop_bufg_I_O)         0.113     2.922 r  CLK_IBUF_BUFG_inst/O
                         net (fo=230, routed)         1.289     4.211    PIPE_REG_Y_1/GEN[3].FF_D_i/CLK_IBUF_BUFG
    SLICE_X11Y56         FDCE                                         r  PIPE_REG_Y_1/GEN[3].FF_D_i/Q_reg/C

Slack:                    inf
  Source:                 INIT
                            (input port)
  Destination:            PIPE_REG_Y_1/GEN[5].FF_D_i/Q_reg/CLR
                            (recovery check against rising-edge clock sys_clk  {rise@0.000ns fall@4.250ns period=8.500ns})
  Path Group:             (none)
  Path Type:              Recovery (Max at Slow Process Corner)
  Data Path Delay:        5.503ns  (logic 0.879ns (15.976%)  route 4.624ns (84.024%))
  Logic Levels:           2  (IBUF=1 LUT2=1)
  Clock Path Skew:        4.211ns (DCD - SCD + CPR)
    Destination Clock Delay (DCD):    4.211ns
    Source Clock Delay      (SCD):    0.000ns
    Clock Pessimism Removal (CPR):    0.000ns
  Clock Uncertainty:      0.025ns  ((TSJ^2 + TIJ^2)^1/2 + DJ) / 2 + PE
    Total System Jitter     (TSJ):    0.050ns
    Total Input Jitter      (TIJ):    0.000ns
    Discrete Jitter          (DJ):    0.000ns
    Phase Error              (PE):    0.000ns

    Location             Delay type                Incr(ns)  Path(ns)    Netlist Resource(s)
  -------------------------------------------------------------------    -------------------
    N19                                               0.000     0.000 f  INIT (IN)
                         net (fo=0)                   0.000     0.000    INIT
    N19                  IBUF (Prop_ibuf_I_O)         0.826     0.826 f  INIT_IBUF_inst/O
                         net (fo=1, routed)           0.937     1.763    REG_Y_1/GEN[31].FF_D_i/INIT_IBUF
    SLICE_X0Y37          LUT2 (Prop_lut2_I1_O)        0.053     1.816 f  REG_Y_1/GEN[31].FF_D_i/Q_i_2__85/O
                         net (fo=230, routed)         3.687     5.503    PIPE_REG_Y_1/GEN[5].FF_D_i/Q_reg_1
    SLICE_X10Y56         FDCE                                         f  PIPE_REG_Y_1/GEN[5].FF_D_i/Q_reg/CLR
  -------------------------------------------------------------------    -------------------

                         (clock sys_clk rise edge)    0.000     0.000 r  
    P23                                               0.000     0.000 r  CLK (IN)
                         net (fo=0)                   0.000     0.000    CLK
    P23                  IBUF (Prop_ibuf_I_O)         0.769     0.769 r  CLK_IBUF_inst/O
                         net (fo=1, routed)           2.040     2.809    CLK_IBUF
    BUFGCTRL_X0Y0        BUFG (Prop_bufg_I_O)         0.113     2.922 r  CLK_IBUF_BUFG_inst/O
                         net (fo=230, routed)         1.289     4.211    PIPE_REG_Y_1/GEN[5].FF_D_i/CLK_IBUF_BUFG
    SLICE_X10Y56         FDCE                                         r  PIPE_REG_Y_1/GEN[5].FF_D_i/Q_reg/C





Min Delay Paths
--------------------------------------------------------------------------------------
Slack:                    inf
  Source:                 K[2]
                            (input port)
  Destination:            REG_K/GEN[2].FF_D_i/Q_reg/D
                            (rising edge-triggered cell FDCE clocked by sys_clk  {rise@0.000ns fall@4.250ns period=8.500ns})
  Path Group:             (none)
  Path Type:              Hold (Min at Fast Process Corner)
  Data Path Delay:        0.652ns  (logic 0.096ns (14.787%)  route 0.556ns (85.213%))
  Logic Levels:           1  (IBUF=1)
  Clock Path Skew:        2.097ns (DCD - SCD - CPR)
    Destination Clock Delay (DCD):    2.097ns
    Source Clock Delay      (SCD):    0.000ns
    Clock Pessimism Removal (CPR):    -0.000ns

    Location             Delay type                Incr(ns)  Path(ns)    Netlist Resource(s)
  -------------------------------------------------------------------    -------------------
    M20                                               0.000     0.000 r  K[2] (IN)
                         net (fo=0)                   0.000     0.000    K[2]
    M20                  IBUF (Prop_ibuf_I_O)         0.096     0.096 r  K_IBUF[2]_inst/O
                         net (fo=1, routed)           0.556     0.652    REG_K/GEN[2].FF_D_i/K_IBUF[0]
    SLICE_X7Y54          FDCE                                         r  REG_K/GEN[2].FF_D_i/Q_reg/D
  -------------------------------------------------------------------    -------------------

                         (clock sys_clk rise edge)    0.000     0.000 r  
    P23                                               0.000     0.000 r  CLK (IN)
                         net (fo=0)                   0.000     0.000    CLK
    P23                  IBUF (Prop_ibuf_I_O)         0.357     0.357 r  CLK_IBUF_inst/O
                         net (fo=1, routed)           0.928     1.285    CLK_IBUF
    BUFGCTRL_X0Y0        BUFG (Prop_bufg_I_O)         0.030     1.315 r  CLK_IBUF_BUFG_inst/O
                         net (fo=230, routed)         0.782     2.097    REG_K/GEN[2].FF_D_i/CLK_IBUF_BUFG
    SLICE_X7Y54          FDCE                                         r  REG_K/GEN[2].FF_D_i/Q_reg/C

Slack:                    inf
  Source:                 X[14]
                            (input port)
  Destination:            REG_X/GEN[14].FF_D_i/Q_reg/D
                            (rising edge-triggered cell FDCE clocked by sys_clk  {rise@0.000ns fall@4.250ns period=8.500ns})
  Path Group:             (none)
  Path Type:              Hold (Min at Fast Process Corner)
  Data Path Delay:        0.659ns  (logic 0.073ns (11.085%)  route 0.586ns (88.915%))
  Logic Levels:           1  (IBUF=1)
  Clock Path Skew:        2.170ns (DCD - SCD - CPR)
    Destination Clock Delay (DCD):    2.170ns
    Source Clock Delay      (SCD):    0.000ns
    Clock Pessimism Removal (CPR):    -0.000ns

    Location             Delay type                Incr(ns)  Path(ns)    Netlist Resource(s)
  -------------------------------------------------------------------    -------------------
    U19                                               0.000     0.000 r  X[14] (IN)
                         net (fo=0)                   0.000     0.000    X[14]
    U19                  IBUF (Prop_ibuf_I_O)         0.073     0.073 r  X_IBUF[14]_inst/O
                         net (fo=1, routed)           0.586     0.659    REG_X/GEN[14].FF_D_i/X_IBUF[0]
    SLICE_X0Y46          FDCE                                         r  REG_X/GEN[14].FF_D_i/Q_reg/D
  -------------------------------------------------------------------    -------------------

                         (clock sys_clk rise edge)    0.000     0.000 r  
    P23                                               0.000     0.000 r  CLK (IN)
                         net (fo=0)                   0.000     0.000    CLK
    P23                  IBUF (Prop_ibuf_I_O)         0.357     0.357 r  CLK_IBUF_inst/O
                         net (fo=1, routed)           0.928     1.285    CLK_IBUF
    BUFGCTRL_X0Y0        BUFG (Prop_bufg_I_O)         0.030     1.315 r  CLK_IBUF_BUFG_inst/O
                         net (fo=230, routed)         0.855     2.170    REG_X/GEN[14].FF_D_i/CLK_IBUF_BUFG
    SLICE_X0Y46          FDCE                                         r  REG_X/GEN[14].FF_D_i/Q_reg/C

Slack:                    inf
  Source:                 X[29]
                            (input port)
  Destination:            REG_X/GEN[29].FF_D_i/Q_reg/D
                            (rising edge-triggered cell FDCE clocked by sys_clk  {rise@0.000ns fall@4.250ns period=8.500ns})
  Path Group:             (none)
  Path Type:              Hold (Min at Fast Process Corner)
  Data Path Delay:        0.685ns  (logic 0.108ns (15.825%)  route 0.577ns (84.175%))
  Logic Levels:           1  (IBUF=1)
  Clock Path Skew:        2.096ns (DCD - SCD - CPR)
    Destination Clock Delay (DCD):    2.096ns
    Source Clock Delay      (SCD):    0.000ns
    Clock Pessimism Removal (CPR):    -0.000ns

    Location             Delay type                Incr(ns)  Path(ns)    Netlist Resource(s)
  -------------------------------------------------------------------    -------------------
    M21                                               0.000     0.000 r  X[29] (IN)
                         net (fo=0)                   0.000     0.000    X[29]
    M21                  IBUF (Prop_ibuf_I_O)         0.108     0.108 r  X_IBUF[29]_inst/O
                         net (fo=1, routed)           0.577     0.685    REG_X/GEN[29].FF_D_i/X_IBUF[0]
    SLICE_X0Y60          FDCE                                         r  REG_X/GEN[29].FF_D_i/Q_reg/D
  -------------------------------------------------------------------    -------------------

                         (clock sys_clk rise edge)    0.000     0.000 r  
    P23                                               0.000     0.000 r  CLK (IN)
                         net (fo=0)                   0.000     0.000    CLK
    P23                  IBUF (Prop_ibuf_I_O)         0.357     0.357 r  CLK_IBUF_inst/O
                         net (fo=1, routed)           0.928     1.285    CLK_IBUF
    BUFGCTRL_X0Y0        BUFG (Prop_bufg_I_O)         0.030     1.315 r  CLK_IBUF_BUFG_inst/O
                         net (fo=230, routed)         0.781     2.096    REG_X/GEN[29].FF_D_i/CLK_IBUF_BUFG
    SLICE_X0Y60          FDCE                                         r  REG_X/GEN[29].FF_D_i/Q_reg/C

Slack:                    inf
  Source:                 X[31]
                            (input port)
  Destination:            REG_X/GEN[31].FF_D_i/Q_reg/D
                            (rising edge-triggered cell FDCE clocked by sys_clk  {rise@0.000ns fall@4.250ns period=8.500ns})
  Path Group:             (none)
  Path Type:              Hold (Min at Fast Process Corner)
  Data Path Delay:        0.689ns  (logic 0.113ns (16.365%)  route 0.577ns (83.635%))
  Logic Levels:           1  (IBUF=1)
  Clock Path Skew:        2.094ns (DCD - SCD - CPR)
    Destination Clock Delay (DCD):    2.094ns
    Source Clock Delay      (SCD):    0.000ns
    Clock Pessimism Removal (CPR):    -0.000ns

    Location             Delay type                Incr(ns)  Path(ns)    Netlist Resource(s)
  -------------------------------------------------------------------    -------------------
    P19                                               0.000     0.000 r  X[31] (IN)
                         net (fo=0)                   0.000     0.000    X[31]
    P19                  IBUF (Prop_ibuf_I_O)         0.113     0.113 r  X_IBUF[31]_inst/O
                         net (fo=1, routed)           0.577     0.689    REG_X/GEN[31].FF_D_i/X_IBUF[0]
    SLICE_X0Y62          FDCE                                         r  REG_X/GEN[31].FF_D_i/Q_reg/D
  -------------------------------------------------------------------    -------------------

                         (clock sys_clk rise edge)    0.000     0.000 r  
    P23                                               0.000     0.000 r  CLK (IN)
                         net (fo=0)                   0.000     0.000    CLK
    P23                  IBUF (Prop_ibuf_I_O)         0.357     0.357 r  CLK_IBUF_inst/O
                         net (fo=1, routed)           0.928     1.285    CLK_IBUF
    BUFGCTRL_X0Y0        BUFG (Prop_bufg_I_O)         0.030     1.315 r  CLK_IBUF_BUFG_inst/O
                         net (fo=230, routed)         0.779     2.094    REG_X/GEN[31].FF_D_i/CLK_IBUF_BUFG
    SLICE_X0Y62          FDCE                                         r  REG_X/GEN[31].FF_D_i/Q_reg/C

Slack:                    inf
  Source:                 X[13]
                            (input port)
  Destination:            REG_X/GEN[13].FF_D_i/Q_reg/D
                            (rising edge-triggered cell FDCE clocked by sys_clk  {rise@0.000ns fall@4.250ns period=8.500ns})
  Path Group:             (none)
  Path Type:              Hold (Min at Fast Process Corner)
  Data Path Delay:        0.694ns  (logic 0.068ns (9.820%)  route 0.626ns (90.180%))
  Logic Levels:           1  (IBUF=1)
  Clock Path Skew:        2.170ns (DCD - SCD - CPR)
    Destination Clock Delay (DCD):    2.170ns
    Source Clock Delay      (SCD):    0.000ns
    Clock Pessimism Removal (CPR):    -0.000ns

    Location             Delay type                Incr(ns)  Path(ns)    Netlist Resource(s)
  -------------------------------------------------------------------    -------------------
    U20                                               0.000     0.000 r  X[13] (IN)
                         net (fo=0)                   0.000     0.000    X[13]
    U20                  IBUF (Prop_ibuf_I_O)         0.068     0.068 r  X_IBUF[13]_inst/O
                         net (fo=1, routed)           0.626     0.694    REG_X/GEN[13].FF_D_i/X_IBUF[0]
    SLICE_X0Y45          FDCE                                         r  REG_X/GEN[13].FF_D_i/Q_reg/D
  -------------------------------------------------------------------    -------------------

                         (clock sys_clk rise edge)    0.000     0.000 r  
    P23                                               0.000     0.000 r  CLK (IN)
                         net (fo=0)                   0.000     0.000    CLK
    P23                  IBUF (Prop_ibuf_I_O)         0.357     0.357 r  CLK_IBUF_inst/O
                         net (fo=1, routed)           0.928     1.285    CLK_IBUF
    BUFGCTRL_X0Y0        BUFG (Prop_bufg_I_O)         0.030     1.315 r  CLK_IBUF_BUFG_inst/O
                         net (fo=230, routed)         0.855     2.170    REG_X/GEN[13].FF_D_i/CLK_IBUF_BUFG
    SLICE_X0Y45          FDCE                                         r  REG_X/GEN[13].FF_D_i/Q_reg/C

Slack:                    inf
  Source:                 X[10]
                            (input port)
  Destination:            REG_X/GEN[10].FF_D_i/Q_reg/D
                            (rising edge-triggered cell FDCE clocked by sys_clk  {rise@0.000ns fall@4.250ns period=8.500ns})
  Path Group:             (none)
  Path Type:              Hold (Min at Fast Process Corner)
  Data Path Delay:        0.711ns  (logic 0.059ns (8.233%)  route 0.653ns (91.767%))
  Logic Levels:           1  (IBUF=1)
  Clock Path Skew:        2.170ns (DCD - SCD - CPR)
    Destination Clock Delay (DCD):    2.170ns
    Source Clock Delay      (SCD):    0.000ns
    Clock Pessimism Removal (CPR):    -0.000ns

    Location             Delay type                Incr(ns)  Path(ns)    Netlist Resource(s)
  -------------------------------------------------------------------    -------------------
    P16                                               0.000     0.000 r  X[10] (IN)
                         net (fo=0)                   0.000     0.000    X[10]
    P16                  IBUF (Prop_ibuf_I_O)         0.059     0.059 r  X_IBUF[10]_inst/O
                         net (fo=1, routed)           0.653     0.711    REG_X/GEN[10].FF_D_i/X_IBUF[0]
    SLICE_X0Y46          FDCE                                         r  REG_X/GEN[10].FF_D_i/Q_reg/D
  -------------------------------------------------------------------    -------------------

                         (clock sys_clk rise edge)    0.000     0.000 r  
    P23                                               0.000     0.000 r  CLK (IN)
                         net (fo=0)                   0.000     0.000    CLK
    P23                  IBUF (Prop_ibuf_I_O)         0.357     0.357 r  CLK_IBUF_inst/O
                         net (fo=1, routed)           0.928     1.285    CLK_IBUF
    BUFGCTRL_X0Y0        BUFG (Prop_bufg_I_O)         0.030     1.315 r  CLK_IBUF_BUFG_inst/O
                         net (fo=230, routed)         0.855     2.170    REG_X/GEN[10].FF_D_i/CLK_IBUF_BUFG
    SLICE_X0Y46          FDCE                                         r  REG_X/GEN[10].FF_D_i/Q_reg/C

Slack:                    inf
  Source:                 X[17]
                            (input port)
  Destination:            REG_X/GEN[17].FF_D_i/Q_reg/D
                            (rising edge-triggered cell FDCE clocked by sys_clk  {rise@0.000ns fall@4.250ns period=8.500ns})
  Path Group:             (none)
  Path Type:              Hold (Min at Fast Process Corner)
  Data Path Delay:        0.716ns  (logic 0.090ns (12.620%)  route 0.626ns (87.380%))
  Logic Levels:           1  (IBUF=1)
  Clock Path Skew:        2.171ns (DCD - SCD - CPR)
    Destination Clock Delay (DCD):    2.171ns
    Source Clock Delay      (SCD):    0.000ns
    Clock Pessimism Removal (CPR):    -0.000ns

    Location             Delay type                Incr(ns)  Path(ns)    Netlist Resource(s)
  -------------------------------------------------------------------    -------------------
    R20                                               0.000     0.000 r  X[17] (IN)
                         net (fo=0)                   0.000     0.000    X[17]
    R20                  IBUF (Prop_ibuf_I_O)         0.090     0.090 r  X_IBUF[17]_inst/O
                         net (fo=1, routed)           0.626     0.716    REG_X/GEN[17].FF_D_i/X_IBUF[0]
    SLICE_X0Y49          FDCE                                         r  REG_X/GEN[17].FF_D_i/Q_reg/D
  -------------------------------------------------------------------    -------------------

                         (clock sys_clk rise edge)    0.000     0.000 r  
    P23                                               0.000     0.000 r  CLK (IN)
                         net (fo=0)                   0.000     0.000    CLK
    P23                  IBUF (Prop_ibuf_I_O)         0.357     0.357 r  CLK_IBUF_inst/O
                         net (fo=1, routed)           0.928     1.285    CLK_IBUF
    BUFGCTRL_X0Y0        BUFG (Prop_bufg_I_O)         0.030     1.315 r  CLK_IBUF_BUFG_inst/O
                         net (fo=230, routed)         0.856     2.171    REG_X/GEN[17].FF_D_i/CLK_IBUF_BUFG
    SLICE_X0Y49          FDCE                                         r  REG_X/GEN[17].FF_D_i/Q_reg/C

Slack:                    inf
  Source:                 X[25]
                            (input port)
  Destination:            REG_X/GEN[25].FF_D_i/Q_reg/D
                            (rising edge-triggered cell FDCE clocked by sys_clk  {rise@0.000ns fall@4.250ns period=8.500ns})
  Path Group:             (none)
  Path Type:              Hold (Min at Fast Process Corner)
  Data Path Delay:        0.720ns  (logic 0.113ns (15.688%)  route 0.607ns (84.312%))
  Logic Levels:           1  (IBUF=1)
  Clock Path Skew:        2.097ns (DCD - SCD - CPR)
    Destination Clock Delay (DCD):    2.097ns
    Source Clock Delay      (SCD):    0.000ns
    Clock Pessimism Removal (CPR):    -0.000ns

    Location             Delay type                Incr(ns)  Path(ns)    Netlist Resource(s)
  -------------------------------------------------------------------    -------------------
    N22                                               0.000     0.000 r  X[25] (IN)
                         net (fo=0)                   0.000     0.000    X[25]
    N22                  IBUF (Prop_ibuf_I_O)         0.113     0.113 r  X_IBUF[25]_inst/O
                         net (fo=1, routed)           0.607     0.720    REG_X/GEN[25].FF_D_i/X_IBUF[0]
    SLICE_X0Y58          FDCE                                         r  REG_X/GEN[25].FF_D_i/Q_reg/D
  -------------------------------------------------------------------    -------------------

                         (clock sys_clk rise edge)    0.000     0.000 r  
    P23                                               0.000     0.000 r  CLK (IN)
                         net (fo=0)                   0.000     0.000    CLK
    P23                  IBUF (Prop_ibuf_I_O)         0.357     0.357 r  CLK_IBUF_inst/O
                         net (fo=1, routed)           0.928     1.285    CLK_IBUF
    BUFGCTRL_X0Y0        BUFG (Prop_bufg_I_O)         0.030     1.315 r  CLK_IBUF_BUFG_inst/O
                         net (fo=230, routed)         0.782     2.097    REG_X/GEN[25].FF_D_i/CLK_IBUF_BUFG
    SLICE_X0Y58          FDCE                                         r  REG_X/GEN[25].FF_D_i/Q_reg/C

Slack:                    inf
  Source:                 RESET
                            (input port)
  Destination:            REG_X/GEN[3].FF_D_i/Q_reg/CLR
                            (removal check against rising-edge clock sys_clk  {rise@0.000ns fall@4.250ns period=8.500ns})
  Path Group:             (none)
  Path Type:              Removal (Min at Fast Process Corner)
  Data Path Delay:        0.731ns  (logic 0.137ns (18.738%)  route 0.594ns (81.262%))
  Logic Levels:           2  (IBUF=1 LUT2=1)
  Clock Path Skew:        2.170ns (DCD - SCD - CPR)
    Destination Clock Delay (DCD):    2.170ns
    Source Clock Delay      (SCD):    0.000ns
    Clock Pessimism Removal (CPR):    -0.000ns

    Location             Delay type                Incr(ns)  Path(ns)    Netlist Resource(s)
  -------------------------------------------------------------------    -------------------
    P25                                               0.000     0.000 f  RESET (IN)
                         net (fo=0)                   0.000     0.000    RESET
    P25                  IBUF (Prop_ibuf_I_O)         0.109     0.109 f  RESET_IBUF_inst/O
                         net (fo=1, routed)           0.301     0.410    REG_Y_1/GEN[31].FF_D_i/RESET_IBUF
    SLICE_X0Y37          LUT2 (Prop_lut2_I0_O)        0.028     0.438 f  REG_Y_1/GEN[31].FF_D_i/Q_i_2__85/O
                         net (fo=230, routed)         0.293     0.731    REG_X/GEN[3].FF_D_i/Q_reg_2
    SLICE_X2Y45          FDCE                                         f  REG_X/GEN[3].FF_D_i/Q_reg/CLR
  -------------------------------------------------------------------    -------------------

                         (clock sys_clk rise edge)    0.000     0.000 r  
    P23                                               0.000     0.000 r  CLK (IN)
                         net (fo=0)                   0.000     0.000    CLK
    P23                  IBUF (Prop_ibuf_I_O)         0.357     0.357 r  CLK_IBUF_inst/O
                         net (fo=1, routed)           0.928     1.285    CLK_IBUF
    BUFGCTRL_X0Y0        BUFG (Prop_bufg_I_O)         0.030     1.315 r  CLK_IBUF_BUFG_inst/O
                         net (fo=230, routed)         0.855     2.170    REG_X/GEN[3].FF_D_i/CLK_IBUF_BUFG
    SLICE_X2Y45          FDCE                                         r  REG_X/GEN[3].FF_D_i/Q_reg/C

Slack:                    inf
  Source:                 RESET
                            (input port)
  Destination:            REG_X/GEN[5].FF_D_i/Q_reg/CLR
                            (removal check against rising-edge clock sys_clk  {rise@0.000ns fall@4.250ns period=8.500ns})
  Path Group:             (none)
  Path Type:              Removal (Min at Fast Process Corner)
  Data Path Delay:        0.731ns  (logic 0.137ns (18.738%)  route 0.594ns (81.262%))
  Logic Levels:           2  (IBUF=1 LUT2=1)
  Clock Path Skew:        2.170ns (DCD - SCD - CPR)
    Destination Clock Delay (DCD):    2.170ns
    Source Clock Delay      (SCD):    0.000ns
    Clock Pessimism Removal (CPR):    -0.000ns

    Location             Delay type                Incr(ns)  Path(ns)    Netlist Resource(s)
  -------------------------------------------------------------------    -------------------
    P25                                               0.000     0.000 f  RESET (IN)
                         net (fo=0)                   0.000     0.000    RESET
    P25                  IBUF (Prop_ibuf_I_O)         0.109     0.109 f  RESET_IBUF_inst/O
                         net (fo=1, routed)           0.301     0.410    REG_Y_1/GEN[31].FF_D_i/RESET_IBUF
    SLICE_X0Y37          LUT2 (Prop_lut2_I0_O)        0.028     0.438 f  REG_Y_1/GEN[31].FF_D_i/Q_i_2__85/O
                         net (fo=230, routed)         0.293     0.731    REG_X/GEN[5].FF_D_i/Q_reg_2
    SLICE_X2Y45          FDCE                                         f  REG_X/GEN[5].FF_D_i/Q_reg/CLR
  -------------------------------------------------------------------    -------------------

                         (clock sys_clk rise edge)    0.000     0.000 r  
    P23                                               0.000     0.000 r  CLK (IN)
                         net (fo=0)                   0.000     0.000    CLK
    P23                  IBUF (Prop_ibuf_I_O)         0.357     0.357 r  CLK_IBUF_inst/O
                         net (fo=1, routed)           0.928     1.285    CLK_IBUF
    BUFGCTRL_X0Y0        BUFG (Prop_bufg_I_O)         0.030     1.315 r  CLK_IBUF_BUFG_inst/O
                         net (fo=230, routed)         0.855     2.170    REG_X/GEN[5].FF_D_i/CLK_IBUF_BUFG
    SLICE_X2Y45          FDCE                                         r  REG_X/GEN[5].FF_D_i/Q_reg/C





